ISO-10303-21;
HEADER;
FILE_DESCRIPTION(('ViewDefinition[DesignTransferView]'),'2;1');
FILE_NAME('/dev/null','2026-01-19T18:03:28-05:00',(''),(''),'IfcOpenShell 0.8.4','IfcOpenShell 0.8.4','Nobody');
FILE_SCHEMA(('IFC4'));
ENDSEC;
DATA;
#1=IFCPROJECT('0GM3cLTb11Mv2v9BW8RvNJ',$,'Tech Startup HQ',$,$,$,$,(#10),#5);
#2=IFCSIUNIT(*,.LENGTHUNIT.,$,.METRE.);
#3=IFCSIUNIT(*,.AREAUNIT.,$,.SQUARE_METRE.);
#4=IFCSIUNIT(*,.VOLUMEUNIT.,$,.CUBIC_METRE.);
#5=IFCUNITASSIGNMENT((#2,#3,#4));
#6=IFCCARTESIANPOINT((0.,0.,0.));
#7=IFCDIRECTION((0.,0.,1.));
#8=IFCDIRECTION((1.,0.,0.));
#9=IFCAXIS2PLACEMENT3D(#6,#7,#8);
#10=IFCGEOMETRICREPRESENTATIONCONTEXT($,'Model',3,1.E-05,#9,$);
#11=IFCGEOMETRICREPRESENTATIONSUBCONTEXT('Body','Model',*,*,*,*,#10,$,.MODEL_VIEW.,$);
#12=IFCDOORTYPE('0LnbzNgBf7LA$huQp3X3$n',$,'Door',$,$,$,$,$,$,.DOOR.,.NOTDEFINED.,$,$);
#13=IFCWINDOWTYPE('10rOk$N7jACxN0na_etFvj',$,'Window',$,$,$,$,$,$,.WINDOW.,.NOTDEFINED.,$,$);
#14=IFCSURFACESTYLE('Oak',.BOTH.,(#15));
#15=IFCSURFACESTYLESHADING(#16,0.);
#16=IFCCOLOURRGB($,0.76,0.6,0.42);
#17=IFCSURFACESTYLE('Steel',.BOTH.,(#18));
#18=IFCSURFACESTYLESHADING(#19,0.);
#19=IFCCOLOURRGB($,0.7,0.72,0.75);
#20=IFCSURFACESTYLE('Concrete',.BOTH.,(#21));
#21=IFCSURFACESTYLESHADING(#22,0.);
#22=IFCCOLOURRGB($,0.75,0.75,0.73);
#23=IFCSURFACESTYLE('WhitePaint',.BOTH.,(#24));
#24=IFCSURFACESTYLESHADING(#25,0.);
#25=IFCCOLOURRGB($,1.,1.,1.);
#26=IFCSURFACESTYLE('ClearGlass',.BOTH.,(#27));
#27=IFCSURFACESTYLESHADING(#28,0.1);
#28=IFCCOLOURRGB($,0.8,0.9,1.);
#29=IFCSURFACESTYLE('DoorOak',.BOTH.,(#30));
#30=IFCSURFACESTYLESHADING(#31,0.);
#31=IFCCOLOURRGB($,0.76,0.6,0.42);
#32=IFCSURFACESTYLE('DoorSteel',.BOTH.,(#33));
#33=IFCSURFACESTYLESHADING(#34,0.);
#34=IFCCOLOURRGB($,0.7,0.72,0.75);
#35=IFCSURFACESTYLE('DoorGlass',.BOTH.,(#36));
#36=IFCSURFACESTYLESHADING(#37,0.2);
#37=IFCCOLOURRGB($,0.8,0.9,1.);
#38=IFCSURFACESTYLE('WindowGlass',.BOTH.,(#39));
#39=IFCSURFACESTYLESHADING(#40,0.1);
#40=IFCCOLOURRGB($,0.8,0.9,1.);
#41=IFCSURFACESTYLE('WalnutWood',.BOTH.,(#42));
#42=IFCSURFACESTYLESHADING(#43,0.);
#43=IFCCOLOURRGB($,0.4,0.26,0.13);
#44=IFCSURFACESTYLE('FrostedGlass',.BOTH.,(#45));
#45=IFCSURFACESTYLESHADING(#46,0.4);
#46=IFCCOLOURRGB($,0.8,0.9,1.);
#47=IFCSURFACESTYLE('BrushedSteel',.BOTH.,(#48));
#48=IFCSURFACESTYLESHADING(#49,0.);
#49=IFCCOLOURRGB($,0.7,0.72,0.75);
#50=IFCSURFACESTYLE('WhitePaint',.BOTH.,(#51));
#51=IFCSURFACESTYLESHADING(#52,0.);
#52=IFCCOLOURRGB($,1.,1.,1.);
#53=IFCSURFACESTYLE('ExecutiveOak',.BOTH.,(#54));
#54=IFCSURFACESTYLESHADING(#55,0.);
#55=IFCCOLOURRGB($,0.5,0.22,0.17);
#56=IFCCARTESIANPOINT((0.,0.,0.));
#57=IFCDIRECTION((0.,0.,1.));
#58=IFCDIRECTION((1.,0.,0.));
#59=IFCAXIS2PLACEMENT3D(#56,#57,#58);
#60=IFCLOCALPLACEMENT($,#59);
#61=IFCSITE('0Vyrp8SunAXxCpsfehougt',$,'Innovation District',$,$,#60,$,$,.ELEMENT.,$,$,$,$,$);
#62=IFCRELAGGREGATES('3DJlm$xRP22w8V4VPmJrw8',$,$,$,#1,(#61));
#63=IFCCARTESIANPOINT((0.,0.,0.));
#64=IFCDIRECTION((0.,0.,1.));
#65=IFCDIRECTION((1.,0.,0.));
#66=IFCAXIS2PLACEMENT3D(#63,#64,#65);
#67=IFCLOCALPLACEMENT(#60,#66);
#68=IFCBUILDING('19Na0WPaf6wvufhI6fYkNP',$,'Tech Startup HQ',$,$,#67,$,$,.ELEMENT.,$,$,$);
#69=IFCRELAGGREGATES('1nbx88B_f2RPZE0iLr3KJv',$,$,$,#61,(#68));
#70=IFCCARTESIANPOINT((0.,0.,0.));
#71=IFCDIRECTION((0.,0.,1.));
#72=IFCDIRECTION((1.,0.,0.));
#73=IFCAXIS2PLACEMENT3D(#70,#71,#72);
#74=IFCLOCALPLACEMENT(#67,#73);
#75=IFCBUILDINGSTOREY('16SV590k95H8CXfIRJDMD7',$,'Ground Floor',$,$,#74,$,$,.ELEMENT.,0.);
#76=IFCRELAGGREGATES('1whqHwIDfFhfMMWkrOabX0',$,$,$,#68,(#75));
#77=IFCCARTESIANPOINT((0.,14.925,0.));
#78=IFCCARTESIANPOINT((20.,14.925,0.));
#79=IFCCARTESIANPOINT((20.,15.075,0.));
#80=IFCCARTESIANPOINT((0.,15.075,0.));
#81=IFCCARTESIANPOINT((0.,14.925,0.));
#82=IFCPOLYLINE((#77,#78,#79,#80,#81));
#83=IFCARBITRARYCLOSEDPROFILEDEF(.AREA.,$,#82);
#84=IFCDIRECTION((0.,0.,1.));
#85=IFCEXTRUDEDAREASOLID(#83,$,#84,4.);
#86=IFCSHAPEREPRESENTATION(#11,'Body','SweptSolid',(#85));
#87=IFCPRODUCTDEFINITIONSHAPE($,$,(#86));
#88=IFCCARTESIANPOINT((0.,0.,0.));
#89=IFCDIRECTION((0.,0.,1.));
#90=IFCDIRECTION((1.,0.,0.));
#91=IFCAXIS2PLACEMENT3D(#88,#89,#90);
#92=IFCLOCALPLACEMENT(#74,#91);
#93=IFCWALL('0dvR8miBb0yAP1DJmAvm5_',$,'North',$,$,#92,#87,$,$);
#94=IFCCARTESIANPOINT((19.925,15.,0.));
#95=IFCCARTESIANPOINT((19.925,-4.59242549680257E-18,0.));
#96=IFCCARTESIANPOINT((20.075,4.59242549680257E-18,0.));
#97=IFCCARTESIANPOINT((20.075,15.,0.));
#98=IFCCARTESIANPOINT((19.925,15.,0.));
#99=IFCPOLYLINE((#94,#95,#96,#97,#98));
#100=IFCARBITRARYCLOSEDPROFILEDEF(.AREA.,$,#99);
#101=IFCDIRECTION((0.,0.,1.));
#102=IFCEXTRUDEDAREASOLID(#100,$,#101,4.);
#103=IFCSHAPEREPRESENTATION(#11,'Body','SweptSolid',(#102));
#104=IFCPRODUCTDEFINITIONSHAPE($,$,(#103));
#105=IFCCARTESIANPOINT((0.,0.,0.));
#106=IFCDIRECTION((0.,0.,1.));
#107=IFCDIRECTION((1.,0.,0.));
#108=IFCAXIS2PLACEMENT3D(#105,#106,#107);
#109=IFCLOCALPLACEMENT(#74,#108);
#110=IFCWALL('1hETeFkfLBIPHo$BWH1MHz',$,'East',$,$,#109,#104,$,$);
#111=IFCCARTESIANPOINT((20.,0.075,0.));
#112=IFCCARTESIANPOINT((9.18485099360515E-18,0.075,0.));
#113=IFCCARTESIANPOINT((-9.18485099360515E-18,-0.075,0.));
#114=IFCCARTESIANPOINT((20.,-0.075,0.));
#115=IFCCARTESIANPOINT((20.,0.075,0.));
#116=IFCPOLYLINE((#111,#112,#113,#114,#115));
#117=IFCARBITRARYCLOSEDPROFILEDEF(.AREA.,$,#116);
#118=IFCDIRECTION((0.,0.,1.));
#119=IFCEXTRUDEDAREASOLID(#117,$,#118,4.);
#120=IFCSHAPEREPRESENTATION(#11,'Body','SweptSolid',(#119));
#121=IFCPRODUCTDEFINITIONSHAPE($,$,(#120));
#122=IFCCARTESIANPOINT((0.,0.,0.));
#123=IFCDIRECTION((0.,0.,1.));
#124=IFCDIRECTION((1.,0.,0.));
#125=IFCAXIS2PLACEMENT3D(#122,#123,#124);
#126=IFCLOCALPLACEMENT(#74,#125);
#127=IFCWALL('0koY5hHdz5ruVE4817gxol',$,'South',$,$,#126,#121,$,$);
#128=IFCCARTESIANPOINT((0.075,-4.59242549680257E-18,0.));
#129=IFCCARTESIANPOINT((0.075,15.,0.));
#130=IFCCARTESIANPOINT((-0.075,15.,0.));
#131=IFCCARTESIANPOINT((-0.075,4.59242549680257E-18,0.));
#132=IFCCARTESIANPOINT((0.075,-4.59242549680257E-18,0.));
#133=IFCPOLYLINE((#128,#129,#130,#131,#132));
#134=IFCARBITRARYCLOSEDPROFILEDEF(.AREA.,$,#133);
#135=IFCDIRECTION((0.,0.,1.));
#136=IFCEXTRUDEDAREASOLID(#134,$,#135,4.);
#137=IFCSHAPEREPRESENTATION(#11,'Body','SweptSolid',(#136));
#138=IFCPRODUCTDEFINITIONSHAPE($,$,(#137));
#139=IFCCARTESIANPOINT((0.,0.,0.));
#140=IFCDIRECTION((0.,0.,1.));
#141=IFCDIRECTION((1.,0.,0.));
#142=IFCAXIS2PLACEMENT3D(#139,#140,#141);
#143=IFCLOCALPLACEMENT(#74,#142);
#144=IFCWALL('31tWnTr$DBZe0AGgYDpQvT',$,'West',$,$,#143,#138,$,$);
#145=IFCCARTESIANPOINT((0.,9.925,0.));
#146=IFCCARTESIANPOINT((6.,9.925,0.));
#147=IFCCARTESIANPOINT((6.,10.075,0.));
#148=IFCCARTESIANPOINT((0.,10.075,0.));
#149=IFCCARTESIANPOINT((0.,9.925,0.));
#150=IFCPOLYLINE((#145,#146,#147,#148,#149));
#151=IFCARBITRARYCLOSEDPROFILEDEF(.AREA.,$,#150);
#152=IFCDIRECTION((0.,0.,1.));
#153=IFCEXTRUDEDAREASOLID(#151,$,#152,4.);
#154=IFCSHAPEREPRESENTATION(#11,'Body','SweptSolid',(#153));
#155=IFCPRODUCTDEFINITIONSHAPE($,$,(#154));
#156=IFCCARTESIANPOINT((0.,0.,0.));
#157=IFCDIRECTION((0.,0.,1.));
#158=IFCDIRECTION((1.,0.,0.));
#159=IFCAXIS2PLACEMENT3D(#156,#157,#158);
#160=IFCLOCALPLACEMENT(#74,#159);
#161=IFCWALL('3rhtAogqfEIhoSVByYb0R9',$,'Reception-Divider',$,$,#160,#155,$,$);
#162=IFCCARTESIANPOINT((6.,9.925,0.));
#163=IFCCARTESIANPOINT((20.,9.925,0.));
#164=IFCCARTESIANPOINT((20.,10.075,0.));
#165=IFCCARTESIANPOINT((6.,10.075,0.));
#166=IFCCARTESIANPOINT((6.,9.925,0.));
#167=IFCPOLYLINE((#162,#163,#164,#165,#166));
#168=IFCARBITRARYCLOSEDPROFILEDEF(.AREA.,$,#167);
#169=IFCDIRECTION((0.,0.,1.));
#170=IFCEXTRUDEDAREASOLID(#168,$,#169,4.);
#171=IFCSHAPEREPRESENTATION(#11,'Body','SweptSolid',(#170));
#172=IFCPRODUCTDEFINITIONSHAPE($,$,(#171));
#173=IFCCARTESIANPOINT((0.,0.,0.));
#174=IFCDIRECTION((0.,0.,1.));
#175=IFCDIRECTION((1.,0.,0.));
#176=IFCAXIS2PLACEMENT3D(#173,#174,#175);
#177=IFCLOCALPLACEMENT(#74,#176);
#178=IFCWALL('2iwQP6iV10198VjaTgnVL8',$,'Office-North',$,$,#177,#172,$,$);
#179=IFCCARTESIANPOINT((6.075,10.,0.));
#180=IFCCARTESIANPOINT((6.075,15.,0.));
#181=IFCCARTESIANPOINT((5.925,15.,0.));
#182=IFCCARTESIANPOINT((5.925,10.,0.));
#183=IFCCARTESIANPOINT((6.075,10.,0.));
#184=IFCPOLYLINE((#179,#180,#181,#182,#183));
#185=IFCARBITRARYCLOSEDPROFILEDEF(.AREA.,$,#184);
#186=IFCDIRECTION((0.,0.,1.));
#187=IFCEXTRUDEDAREASOLID(#185,$,#186,4.);
#188=IFCSHAPEREPRESENTATION(#11,'Body','SweptSolid',(#187));
#189=IFCPRODUCTDEFINITIONSHAPE($,$,(#188));
#190=IFCCARTESIANPOINT((0.,0.,0.));
#191=IFCDIRECTION((0.,0.,1.));
#192=IFCDIRECTION((1.,0.,0.));
#193=IFCAXIS2PLACEMENT3D(#190,#191,#192);
#194=IFCLOCALPLACEMENT(#74,#193);
#195=IFCWALL('27_yOEAjL0juLLURMD4lPY',$,'Meeting-West',$,$,#194,#189,$,$);
#196=IFCCARTESIANPOINT((14.075,10.,0.));
#197=IFCCARTESIANPOINT((14.075,15.,0.));
#198=IFCCARTESIANPOINT((13.925,15.,0.));
#199=IFCCARTESIANPOINT((13.925,10.,0.));
#200=IFCCARTESIANPOINT((14.075,10.,0.));
#201=IFCPOLYLINE((#196,#197,#198,#199,#200));
#202=IFCARBITRARYCLOSEDPROFILEDEF(.AREA.,$,#201);
#203=IFCDIRECTION((0.,0.,1.));
#204=IFCEXTRUDEDAREASOLID(#202,$,#203,4.);
#205=IFCSHAPEREPRESENTATION(#11,'Body','SweptSolid',(#204));
#206=IFCPRODUCTDEFINITIONSHAPE($,$,(#205));
#207=IFCCARTESIANPOINT((0.,0.,0.));
#208=IFCDIRECTION((0.,0.,1.));
#209=IFCDIRECTION((1.,0.,0.));
#210=IFCAXIS2PLACEMENT3D(#207,#208,#209);
#211=IFCLOCALPLACEMENT(#74,#210);
#212=IFCWALL('0YUAJEPnL1OAZNnf$29SgT',$,'Kitchen-Wall',$,$,#211,#206,$,$);
#213=IFCCARTESIANPOINT((0.,0.,-0.2));
#214=IFCCARTESIANPOINT((20.,0.,-0.2));
#215=IFCCARTESIANPOINT((20.,15.,-0.2));
#216=IFCCARTESIANPOINT((0.,15.,-0.2));
#217=IFCCARTESIANPOINT((0.,0.,-0.2));
#218=IFCPOLYLINE((#213,#214,#215,#216,#217));
#219=IFCARBITRARYCLOSEDPROFILEDEF(.AREA.,$,#218);
#220=IFCDIRECTION((0.,0.,1.));
#221=IFCEXTRUDEDAREASOLID(#219,$,#220,0.2);
#222=IFCSHAPEREPRESENTATION(#11,'Body','SweptSolid',(#221));
#223=IFCPRODUCTDEFINITIONSHAPE($,$,(#222));
#224=IFCCARTESIANPOINT((0.,0.,0.));
#225=IFCDIRECTION((0.,0.,1.));
#226=IFCDIRECTION((1.,0.,0.));
#227=IFCAXIS2PLACEMENT3D(#224,#225,#226);
#228=IFCLOCALPLACEMENT(#74,#227);
#229=IFCSLAB('27COA6iE11KOBvuB_NpTwd',$,'Ground Floor Floor',$,$,#228,#223,$,.FLOOR.);
#230=IFCCARTESIANPOINT((0.,0.,2.8));
#231=IFCCARTESIANPOINT((20.,0.,2.8));
#232=IFCCARTESIANPOINT((20.,15.,2.8));
#233=IFCCARTESIANPOINT((0.,15.,2.8));
#234=IFCCARTESIANPOINT((0.,0.,2.8));
#235=IFCPOLYLINE((#230,#231,#232,#233,#234));
#236=IFCARBITRARYCLOSEDPROFILEDEF(.AREA.,$,#235);
#237=IFCDIRECTION((0.,0.,1.));
#238=IFCEXTRUDEDAREASOLID(#236,$,#237,0.1);
#239=IFCSHAPEREPRESENTATION(#11,'Body','SweptSolid',(#238));
#240=IFCPRODUCTDEFINITIONSHAPE($,$,(#239));
#241=IFCCARTESIANPOINT((0.,0.,0.));
#242=IFCDIRECTION((0.,0.,1.));
#243=IFCDIRECTION((1.,0.,0.));
#244=IFCAXIS2PLACEMENT3D(#241,#242,#243);
#245=IFCLOCALPLACEMENT(#74,#244);
#246=IFCSLAB('0iHtHYDgv2MAyVFA9LKsN9',$,'Ground Floor Ceiling',$,$,#245,#240,$,.FLOOR.);
#247=IFCCARTESIANPOINT((4.8,4.8,0.));
#248=IFCCARTESIANPOINT((5.2,4.8,0.));
#249=IFCCARTESIANPOINT((5.2,5.2,0.));
#250=IFCCARTESIANPOINT((4.8,5.2,0.));
#251=IFCCARTESIANPOINT((4.8,4.8,0.));
#252=IFCPOLYLINE((#247,#248,#249,#250,#251));
#253=IFCARBITRARYCLOSEDPROFILEDEF(.AREA.,$,#252);
#254=IFCDIRECTION((0.,0.,1.));
#255=IFCEXTRUDEDAREASOLID(#253,$,#254,4.);
#256=IFCSHAPEREPRESENTATION(#11,'Body','SweptSolid',(#255));
#257=IFCPRODUCTDEFINITIONSHAPE($,$,(#256));
#258=IFCCARTESIANPOINT((0.,0.,0.));
#259=IFCDIRECTION((0.,0.,1.));
#260=IFCDIRECTION((1.,0.,0.));
#261=IFCAXIS2PLACEMENT3D(#258,#259,#260);
#262=IFCLOCALPLACEMENT(#74,#261);
#263=IFCCOLUMN('0Rv66DgprFY9EsccRfUJUo',$,'C1',$,$,#262,#257,$,$);
#264=IFCCARTESIANPOINT((9.8,4.8,0.));
#265=IFCCARTESIANPOINT((10.2,4.8,0.));
#266=IFCCARTESIANPOINT((10.2,5.2,0.));
#267=IFCCARTESIANPOINT((9.8,5.2,0.));
#268=IFCCARTESIANPOINT((9.8,4.8,0.));
#269=IFCPOLYLINE((#264,#265,#266,#267,#268));
#270=IFCARBITRARYCLOSEDPROFILEDEF(.AREA.,$,#269);
#271=IFCDIRECTION((0.,0.,1.));
#272=IFCEXTRUDEDAREASOLID(#270,$,#271,4.);
#273=IFCSHAPEREPRESENTATION(#11,'Body','SweptSolid',(#272));
#274=IFCPRODUCTDEFINITIONSHAPE($,$,(#273));
#275=IFCCARTESIANPOINT((0.,0.,0.));
#276=IFCDIRECTION((0.,0.,1.));
#277=IFCDIRECTION((1.,0.,0.));
#278=IFCAXIS2PLACEMENT3D(#275,#276,#277);
#279=IFCLOCALPLACEMENT(#74,#278);
#280=IFCCOLUMN('3qZSseRF1EYwfy7BEg7Jeq',$,'C2',$,$,#279,#274,$,$);
#281=IFCCARTESIANPOINT((14.8,4.8,0.));
#282=IFCCARTESIANPOINT((15.2,4.8,0.));
#283=IFCCARTESIANPOINT((15.2,5.2,0.));
#284=IFCCARTESIANPOINT((14.8,5.2,0.));
#285=IFCCARTESIANPOINT((14.8,4.8,0.));
#286=IFCPOLYLINE((#281,#282,#283,#284,#285));
#287=IFCARBITRARYCLOSEDPROFILEDEF(.AREA.,$,#286);
#288=IFCDIRECTION((0.,0.,1.));
#289=IFCEXTRUDEDAREASOLID(#287,$,#288,4.);
#290=IFCSHAPEREPRESENTATION(#11,'Body','SweptSolid',(#289));
#291=IFCPRODUCTDEFINITIONSHAPE($,$,(#290));
#292=IFCCARTESIANPOINT((0.,0.,0.));
#293=IFCDIRECTION((0.,0.,1.));
#294=IFCDIRECTION((1.,0.,0.));
#295=IFCAXIS2PLACEMENT3D(#292,#293,#294);
#296=IFCLOCALPLACEMENT(#74,#295);
#297=IFCCOLUMN('2$qqKuhnTFnPelbW8Y8M8C',$,'C3',$,$,#296,#291,$,$);
#298=IFCCARTESIANPOINT((17.9,0.15,0.));
#299=IFCCARTESIANPOINT((16.1,0.15,0.));
#300=IFCCARTESIANPOINT((16.1,-0.15,0.));
#301=IFCCARTESIANPOINT((17.9,-0.15,0.));
#302=IFCCARTESIANPOINT((17.9,0.15,0.));
#303=IFCPOLYLINE((#298,#299,#300,#301,#302));
#304=IFCARBITRARYCLOSEDPROFILEDEF(.AREA.,$,#303);
#305=IFCDIRECTION((0.,0.,1.));
#306=IFCEXTRUDEDAREASOLID(#304,$,#305,2.1);
#307=IFCSHAPEREPRESENTATION(#11,'Body','SweptSolid',(#306));
#308=IFCPRODUCTDEFINITIONSHAPE($,$,(#307));
#309=IFCCARTESIANPOINT((0.,0.,0.));
#310=IFCDIRECTION((0.,0.,1.));
#311=IFCDIRECTION((1.,0.,0.));
#312=IFCAXIS2PLACEMENT3D(#309,#310,#311);
#313=IFCLOCALPLACEMENT(#74,#312);
#314=IFCOPENINGELEMENT('2uY3hl$fvEWe9Pp_AnvMbY',$,'Opening for Main Entrance',$,$,#313,#308,$,$);
#315=IFCRELVOIDSELEMENT('0l6YYx2CPBXxtgeSgr6cdr',$,'Wall Opening',$,#127,#314);
#316=IFCCARTESIANPOINT((17.9,-1.10218211923262E-16,0.));
#317=IFCCARTESIANPOINT((16.1,1.10218211923262E-16,0.));
#318=IFCCARTESIANPOINT((16.1,-0.0499999999999999,0.));
#319=IFCCARTESIANPOINT((17.9,-0.0500000000000001,0.));
#320=IFCCARTESIANPOINT((17.9,-1.10218211923262E-16,0.));
#321=IFCPOLYLINE((#316,#317,#318,#319,#320));
#322=IFCARBITRARYCLOSEDPROFILEDEF(.AREA.,$,#321);
#323=IFCDIRECTION((0.,0.,1.));
#324=IFCEXTRUDEDAREASOLID(#322,$,#323,2.1);
#325=IFCSHAPEREPRESENTATION(#11,'Body','SweptSolid',(#324));
#326=IFCPRODUCTDEFINITIONSHAPE($,$,(#325));
#327=IFCCARTESIANPOINT((0.,0.,0.));
#328=IFCDIRECTION((0.,0.,1.));
#329=IFCDIRECTION((1.,0.,0.));
#330=IFCAXIS2PLACEMENT3D(#327,#328,#329);
#331=IFCLOCALPLACEMENT(#74,#330);
#332=IFCDOOR('1OxAKQ01f9hxi8SPfYYj_L',$,'Main Entrance',$,$,#331,#326,$,2.1,1.8,$,$,$);
#333=IFCRELFILLSELEMENT('3zhUoZ54LFKeISJRQU7tK2',$,'Door Fill',$,#314,#332);
#334=IFCSTYLEDITEM(#324,(#29),'DoorOak');
#335=IFCCARTESIANPOINT((3.8,7.4,0.));
#336=IFCCARTESIANPOINT((2.2,7.4,0.));
#337=IFCCARTESIANPOINT((2.2,6.6,0.));
#338=IFCCARTESIANPOINT((3.8,6.6,0.));
#339=IFCCARTESIANPOINT((3.8,7.4,0.));
#340=IFCPOLYLINE((#335,#336,#337,#338,#339));
#341=IFCARBITRARYCLOSEDPROFILEDEF(.AREA.,$,#340);
#342=IFCDIRECTION((0.,0.,1.));
#343=IFCEXTRUDEDAREASOLID(#341,$,#342,0.72);
#344=IFCSHAPEREPRESENTATION(#11,'Body','SweptSolid',(#343));
#345=IFCPRODUCTDEFINITIONSHAPE($,$,(#344));
#346=IFCCARTESIANPOINT((0.,0.,0.));
#347=IFCDIRECTION((0.,0.,1.));
#348=IFCDIRECTION((1.,0.,0.));
#349=IFCAXIS2PLACEMENT3D(#346,#347,#348);
#350=IFCLOCALPLACEMENT(#74,#349);
#351=IFCFURNISHINGELEMENT('1Iwdy5V_v3b9IQcpcwgbKE',$,'Reception Desk',$,$,#350,#345,$);
#352=IFCCARTESIANPOINT((3.3,8.3,0.));
#353=IFCCARTESIANPOINT((2.7,8.3,0.));
#354=IFCCARTESIANPOINT((2.7,7.7,0.));
#355=IFCCARTESIANPOINT((3.3,7.7,0.));
#356=IFCCARTESIANPOINT((3.3,8.3,0.));
#357=IFCPOLYLINE((#352,#353,#354,#355,#356));
#358=IFCARBITRARYCLOSEDPROFILEDEF(.AREA.,$,#357);
#359=IFCDIRECTION((0.,0.,1.));
#360=IFCEXTRUDEDAREASOLID(#358,$,#359,0.45);
#361=IFCSHAPEREPRESENTATION(#11,'Body','SweptSolid',(#360));
#362=IFCPRODUCTDEFINITIONSHAPE($,$,(#361));
#363=IFCCARTESIANPOINT((0.,0.,0.));
#364=IFCDIRECTION((0.,0.,1.));
#365=IFCDIRECTION((1.,0.,0.));
#366=IFCAXIS2PLACEMENT3D(#363,#364,#365);
#367=IFCLOCALPLACEMENT(#74,#366);
#368=IFCFURNISHINGELEMENT('25yIuo6XXDjRdbZMgKPQoK',$,'OfficeChair',$,$,#367,#362,$);
#369=IFCCARTESIANPOINT((1.05,3.,0.));
#370=IFCCARTESIANPOINT((1.05,1.,0.));
#371=IFCCARTESIANPOINT((1.95,1.,0.));
#372=IFCCARTESIANPOINT((1.95,3.,0.));
#373=IFCCARTESIANPOINT((1.05,3.,0.));
#374=IFCPOLYLINE((#369,#370,#371,#372,#373));
#375=IFCARBITRARYCLOSEDPROFILEDEF(.AREA.,$,#374);
#376=IFCDIRECTION((0.,0.,1.));
#377=IFCEXTRUDEDAREASOLID(#375,$,#376,0.8);
#378=IFCSHAPEREPRESENTATION(#11,'Body','SweptSolid',(#377));
#379=IFCPRODUCTDEFINITIONSHAPE($,$,(#378));
#380=IFCCARTESIANPOINT((0.,0.,0.));
#381=IFCDIRECTION((0.,0.,1.));
#382=IFCDIRECTION((1.,0.,0.));
#383=IFCAXIS2PLACEMENT3D(#380,#381,#382);
#384=IFCLOCALPLACEMENT(#74,#383);
#385=IFCFURNISHINGELEMENT('037T_bw4j2mwTllODzEIC1',$,'Sofa',$,$,#384,#379,$);
#386=IFCCARTESIANPOINT((4.4,1.6,0.));
#387=IFCCARTESIANPOINT((4.4,2.4,0.));
#388=IFCCARTESIANPOINT((3.6,2.4,0.));
#389=IFCCARTESIANPOINT((3.6,1.6,0.));
#390=IFCCARTESIANPOINT((4.4,1.6,0.));
#391=IFCPOLYLINE((#386,#387,#388,#389,#390));
#392=IFCARBITRARYCLOSEDPROFILEDEF(.AREA.,$,#391);
#393=IFCDIRECTION((0.,0.,1.));
#394=IFCEXTRUDEDAREASOLID(#392,$,#393,0.75);
#395=IFCSHAPEREPRESENTATION(#11,'Body','SweptSolid',(#394));
#396=IFCPRODUCTDEFINITIONSHAPE($,$,(#395));
#397=IFCCARTESIANPOINT((0.,0.,0.));
#398=IFCDIRECTION((0.,0.,1.));
#399=IFCDIRECTION((1.,0.,0.));
#400=IFCAXIS2PLACEMENT3D(#397,#398,#399);
#401=IFCLOCALPLACEMENT(#74,#400);
#402=IFCFURNISHINGELEMENT('3cAazqF1f2kBAg43MPObLm',$,'LoungeChair',$,$,#401,#396,$);
#403=IFCCARTESIANPOINT((3.55,9.85,0.));
#404=IFCCARTESIANPOINT((4.45,9.85,0.));
#405=IFCCARTESIANPOINT((4.45,10.15,0.));
#406=IFCCARTESIANPOINT((3.55,10.15,0.));
#407=IFCCARTESIANPOINT((3.55,9.85,0.));
#408=IFCPOLYLINE((#403,#404,#405,#406,#407));
#409=IFCARBITRARYCLOSEDPROFILEDEF(.AREA.,$,#408);
#410=IFCDIRECTION((0.,0.,1.));
#411=IFCEXTRUDEDAREASOLID(#409,$,#410,2.1);
#412=IFCSHAPEREPRESENTATION(#11,'Body','SweptSolid',(#411));
#413=IFCPRODUCTDEFINITIONSHAPE($,$,(#412));
#414=IFCCARTESIANPOINT((0.,0.,0.));
#415=IFCDIRECTION((0.,0.,1.));
#416=IFCDIRECTION((1.,0.,0.));
#417=IFCAXIS2PLACEMENT3D(#414,#415,#416);
#418=IFCLOCALPLACEMENT(#74,#417);
#419=IFCOPENINGELEMENT('14hqcPvQD2jgFPHIRiY2_q',$,'Opening for Office Entry',$,$,#418,#413,$,$);
#420=IFCRELVOIDSELEMENT('0Zd1uSgxDEvAWglMnl3Pn8',$,'Wall Opening',$,#161,#419);
#421=IFCCARTESIANPOINT((3.55,10.,0.));
#422=IFCCARTESIANPOINT((4.45,10.,0.));
#423=IFCCARTESIANPOINT((4.45,10.05,0.));
#424=IFCCARTESIANPOINT((3.55,10.05,0.));
#425=IFCCARTESIANPOINT((3.55,10.,0.));
#426=IFCPOLYLINE((#421,#422,#423,#424,#425));
#427=IFCARBITRARYCLOSEDPROFILEDEF(.AREA.,$,#426);
#428=IFCDIRECTION((0.,0.,1.));
#429=IFCEXTRUDEDAREASOLID(#427,$,#428,2.1);
#430=IFCSHAPEREPRESENTATION(#11,'Body','SweptSolid',(#429));
#431=IFCPRODUCTDEFINITIONSHAPE($,$,(#430));
#432=IFCCARTESIANPOINT((0.,0.,0.));
#433=IFCDIRECTION((0.,0.,1.));
#434=IFCDIRECTION((1.,0.,0.));
#435=IFCAXIS2PLACEMENT3D(#432,#433,#434);
#436=IFCLOCALPLACEMENT(#74,#435);
#437=IFCDOOR('1wbFu122TEOQoMliC2YY3Q',$,'Office Entry','Connects Reception to Open Office',$,#436,#431,$,2.1,0.9,$,$,$);
#438=IFCRELFILLSELEMENT('1XRcJveIX7DwtOPx2JSZGc',$,'Door Fill',$,#419,#437);
#439=IFCCARTESIANPOINT((10.6,0.15,0.9));
#440=IFCCARTESIANPOINT((9.4,0.15,0.9));
#441=IFCCARTESIANPOINT((9.4,-0.15,0.9));
#442=IFCCARTESIANPOINT((10.6,-0.15,0.9));
#443=IFCCARTESIANPOINT((10.6,0.15,0.9));
#444=IFCPOLYLINE((#439,#440,#441,#442,#443));
#445=IFCARBITRARYCLOSEDPROFILEDEF(.AREA.,$,#444);
#446=IFCDIRECTION((0.,0.,1.));
#447=IFCEXTRUDEDAREASOLID(#445,$,#446,1.5);
#448=IFCSHAPEREPRESENTATION(#11,'Body','SweptSolid',(#447));
#449=IFCPRODUCTDEFINITIONSHAPE($,$,(#448));
#450=IFCCARTESIANPOINT((0.,0.,0.));
#451=IFCDIRECTION((0.,0.,1.));
#452=IFCDIRECTION((1.,0.,0.));
#453=IFCAXIS2PLACEMENT3D(#450,#451,#452);
#454=IFCLOCALPLACEMENT(#74,#453);
#455=IFCOPENINGELEMENT('1k2FrxAeL4tRsRtIhjPYpP',$,'Opening for W1',$,$,#454,#449,$,$);
#456=IFCRELVOIDSELEMENT('183fPHmHDBWgdZt$KIUM8R',$,'Wall Opening',$,#127,#455);
#457=IFCCARTESIANPOINT((10.6,-7.34788079488412E-17,0.9));
#458=IFCCARTESIANPOINT((9.4,7.34788079488412E-17,0.9));
#459=IFCCARTESIANPOINT((9.4,-0.0199999999999999,0.9));
#460=IFCCARTESIANPOINT((10.6,-0.0200000000000001,0.9));
#461=IFCCARTESIANPOINT((10.6,-7.34788079488412E-17,0.9));
#462=IFCPOLYLINE((#457,#458,#459,#460,#461));
#463=IFCARBITRARYCLOSEDPROFILEDEF(.AREA.,$,#462);
#464=IFCDIRECTION((0.,0.,1.));
#465=IFCEXTRUDEDAREASOLID(#463,$,#464,1.5);
#466=IFCSHAPEREPRESENTATION(#11,'Body','SweptSolid',(#465));
#467=IFCPRODUCTDEFINITIONSHAPE($,$,(#466));
#468=IFCCARTESIANPOINT((0.,0.,0.));
#469=IFCDIRECTION((0.,0.,1.));
#470=IFCDIRECTION((1.,0.,0.));
#471=IFCAXIS2PLACEMENT3D(#468,#469,#470);
#472=IFCLOCALPLACEMENT(#74,#471);
#473=IFCWINDOW('2ldmbBFjH8RukGYjvHvS2D',$,'W1',$,$,#472,#467,$,1.5,1.2,$,$,$);
#474=IFCRELFILLSELEMENT('1bLkKxlzX7XetlZrIg0QCv',$,'Window Fill',$,#455,#473);
#475=IFCSTYLEDITEM(#465,(#38),'WindowGlass');
#476=IFCCARTESIANPOINT((6.6,0.15,0.9));
#477=IFCCARTESIANPOINT((5.4,0.15,0.9));
#478=IFCCARTESIANPOINT((5.4,-0.15,0.9));
#479=IFCCARTESIANPOINT((6.6,-0.15,0.9));
#480=IFCCARTESIANPOINT((6.6,0.15,0.9));
#481=IFCPOLYLINE((#476,#477,#478,#479,#480));
#482=IFCARBITRARYCLOSEDPROFILEDEF(.AREA.,$,#481);
#483=IFCDIRECTION((0.,0.,1.));
#484=IFCEXTRUDEDAREASOLID(#482,$,#483,1.5);
#485=IFCSHAPEREPRESENTATION(#11,'Body','SweptSolid',(#484));
#486=IFCPRODUCTDEFINITIONSHAPE($,$,(#485));
#487=IFCCARTESIANPOINT((0.,0.,0.));
#488=IFCDIRECTION((0.,0.,1.));
#489=IFCDIRECTION((1.,0.,0.));
#490=IFCAXIS2PLACEMENT3D(#487,#488,#489);
#491=IFCLOCALPLACEMENT(#74,#490);
#492=IFCOPENINGELEMENT('3BcrkclFXA0PDcGFvWud8e',$,'Opening for W2',$,$,#491,#486,$,$);
#493=IFCRELVOIDSELEMENT('3AMEB_3RTDIA1vH6M9nve$',$,'Wall Opening',$,#127,#492);
#494=IFCCARTESIANPOINT((6.6,-7.34788079488412E-17,0.9));
#495=IFCCARTESIANPOINT((5.4,7.34788079488412E-17,0.9));
#496=IFCCARTESIANPOINT((5.4,-0.0199999999999999,0.9));
#497=IFCCARTESIANPOINT((6.6,-0.0200000000000001,0.9));
#498=IFCCARTESIANPOINT((6.6,-7.34788079488412E-17,0.9));
#499=IFCPOLYLINE((#494,#495,#496,#497,#498));
#500=IFCARBITRARYCLOSEDPROFILEDEF(.AREA.,$,#499);
#501=IFCDIRECTION((0.,0.,1.));
#502=IFCEXTRUDEDAREASOLID(#500,$,#501,1.5);
#503=IFCSHAPEREPRESENTATION(#11,'Body','SweptSolid',(#502));
#504=IFCPRODUCTDEFINITIONSHAPE($,$,(#503));
#505=IFCCARTESIANPOINT((0.,0.,0.));
#506=IFCDIRECTION((0.,0.,1.));
#507=IFCDIRECTION((1.,0.,0.));
#508=IFCAXIS2PLACEMENT3D(#505,#506,#507);
#509=IFCLOCALPLACEMENT(#74,#508);
#510=IFCWINDOW('0k_N$qDo1DgBKXE_CBHF3u',$,'W2',$,$,#509,#504,$,1.5,1.2,$,$,$);
#511=IFCRELFILLSELEMENT('2YjwlOhVb1lvvBx3YE$g8W',$,'Window Fill',$,#492,#510);
#512=IFCSTYLEDITEM(#502,(#38),'WindowGlass');
#513=IFCCARTESIANPOINT((2.6,0.15,0.9));
#514=IFCCARTESIANPOINT((1.4,0.15,0.9));
#515=IFCCARTESIANPOINT((1.4,-0.15,0.9));
#516=IFCCARTESIANPOINT((2.6,-0.15,0.9));
#517=IFCCARTESIANPOINT((2.6,0.15,0.9));
#518=IFCPOLYLINE((#513,#514,#515,#516,#517));
#519=IFCARBITRARYCLOSEDPROFILEDEF(.AREA.,$,#518);
#520=IFCDIRECTION((0.,0.,1.));
#521=IFCEXTRUDEDAREASOLID(#519,$,#520,1.5);
#522=IFCSHAPEREPRESENTATION(#11,'Body','SweptSolid',(#521));
#523=IFCPRODUCTDEFINITIONSHAPE($,$,(#522));
#524=IFCCARTESIANPOINT((0.,0.,0.));
#525=IFCDIRECTION((0.,0.,1.));
#526=IFCDIRECTION((1.,0.,0.));
#527=IFCAXIS2PLACEMENT3D(#524,#525,#526);
#528=IFCLOCALPLACEMENT(#74,#527);
#529=IFCOPENINGELEMENT('0jHPIn5HnEPOr5ocCeuxNq',$,'Opening for W3',$,$,#528,#523,$,$);
#530=IFCRELVOIDSELEMENT('2QW5XdLrz5yuu6KNF0Wmpj',$,'Wall Opening',$,#127,#529);
#531=IFCCARTESIANPOINT((2.6,-7.34788079488412E-17,0.9));
#532=IFCCARTESIANPOINT((1.4,7.34788079488412E-17,0.9));
#533=IFCCARTESIANPOINT((1.4,-0.0199999999999999,0.9));
#534=IFCCARTESIANPOINT((2.6,-0.0200000000000001,0.9));
#535=IFCCARTESIANPOINT((2.6,-7.34788079488412E-17,0.9));
#536=IFCPOLYLINE((#531,#532,#533,#534,#535));
#537=IFCARBITRARYCLOSEDPROFILEDEF(.AREA.,$,#536);
#538=IFCDIRECTION((0.,0.,1.));
#539=IFCEXTRUDEDAREASOLID(#537,$,#538,1.5);
#540=IFCSHAPEREPRESENTATION(#11,'Body','SweptSolid',(#539));
#541=IFCPRODUCTDEFINITIONSHAPE($,$,(#540));
#542=IFCCARTESIANPOINT((0.,0.,0.));
#543=IFCDIRECTION((0.,0.,1.));
#544=IFCDIRECTION((1.,0.,0.));
#545=IFCAXIS2PLACEMENT3D(#542,#543,#544);
#546=IFCLOCALPLACEMENT(#74,#545);
#547=IFCWINDOW('1PGCqXxvz1WgbpIuczAajW',$,'W3',$,$,#546,#541,$,1.5,1.2,$,$,$);
#548=IFCRELFILLSELEMENT('2OIdX4fG92MxFe8yPrscnY',$,'Window Fill',$,#529,#547);
#549=IFCSTYLEDITEM(#539,(#38),'WindowGlass');
#550=IFCCARTESIANPOINT((19.85,13.2,0.9));
#551=IFCCARTESIANPOINT((19.85,10.8,0.9));
#552=IFCCARTESIANPOINT((20.15,10.8,0.9));
#553=IFCCARTESIANPOINT((20.15,13.2,0.9));
#554=IFCCARTESIANPOINT((19.85,13.2,0.9));
#555=IFCPOLYLINE((#550,#551,#552,#553,#554));
#556=IFCARBITRARYCLOSEDPROFILEDEF(.AREA.,$,#555);
#557=IFCDIRECTION((0.,0.,1.));
#558=IFCEXTRUDEDAREASOLID(#556,$,#557,1.8);
#559=IFCSHAPEREPRESENTATION(#11,'Body','SweptSolid',(#558));
#560=IFCPRODUCTDEFINITIONSHAPE($,$,(#559));
#561=IFCCARTESIANPOINT((0.,0.,0.));
#562=IFCDIRECTION((0.,0.,1.));
#563=IFCDIRECTION((1.,0.,0.));
#564=IFCAXIS2PLACEMENT3D(#561,#562,#563);
#565=IFCLOCALPLACEMENT(#74,#564);
#566=IFCOPENINGELEMENT('1h_reXgB9BYvmRwmDpPoKJ',$,'Opening for W4',$,$,#565,#560,$,$);
#567=IFCRELVOIDSELEMENT('0P$G6_UDLDIers72eNBbqA',$,'Wall Opening',$,#110,#566);
#568=IFCCARTESIANPOINT((20.,13.2,0.9));
#569=IFCCARTESIANPOINT((20.,10.8,0.9));
#570=IFCCARTESIANPOINT((20.02,10.8,0.9));
#571=IFCCARTESIANPOINT((20.02,13.2,0.9));
#572=IFCCARTESIANPOINT((20.,13.2,0.9));
#573=IFCPOLYLINE((#568,#569,#570,#571,#572));
#574=IFCARBITRARYCLOSEDPROFILEDEF(.AREA.,$,#573);
#575=IFCDIRECTION((0.,0.,1.));
#576=IFCEXTRUDEDAREASOLID(#574,$,#575,1.8);
#577=IFCSHAPEREPRESENTATION(#11,'Body','SweptSolid',(#576));
#578=IFCPRODUCTDEFINITIONSHAPE($,$,(#577));
#579=IFCCARTESIANPOINT((0.,0.,0.));
#580=IFCDIRECTION((0.,0.,1.));
#581=IFCDIRECTION((1.,0.,0.));
#582=IFCAXIS2PLACEMENT3D(#579,#580,#581);
#583=IFCLOCALPLACEMENT(#74,#582);
#584=IFCWINDOW('1qb4TCWaj0cvOe0gbQnNP_',$,'W4',$,$,#583,#578,$,1.8,2.4,$,$,$);
#585=IFCRELFILLSELEMENT('1pNvc8nK10Zx0LZMK3zGNH',$,'Window Fill',$,#566,#584);
#586=IFCSTYLEDITEM(#576,(#38),'WindowGlass');
#587=IFCCARTESIANPOINT((7.2,2.6,0.));
#588=IFCCARTESIANPOINT((8.8,2.6,0.));
#589=IFCCARTESIANPOINT((8.8,3.4,0.));
#590=IFCCARTESIANPOINT((7.2,3.4,0.));
#591=IFCCARTESIANPOINT((7.2,2.6,0.));
#592=IFCPOLYLINE((#587,#588,#589,#590,#591));
#593=IFCARBITRARYCLOSEDPROFILEDEF(.AREA.,$,#592);
#594=IFCDIRECTION((0.,0.,1.));
#595=IFCEXTRUDEDAREASOLID(#593,$,#594,0.72);
#596=IFCSHAPEREPRESENTATION(#11,'Body','SweptSolid',(#595));
#597=IFCPRODUCTDEFINITIONSHAPE($,$,(#596));
#598=IFCCARTESIANPOINT((0.,0.,0.));
#599=IFCDIRECTION((0.,0.,1.));
#600=IFCDIRECTION((1.,0.,0.));
#601=IFCAXIS2PLACEMENT3D(#598,#599,#600);
#602=IFCLOCALPLACEMENT(#74,#601);
#603=IFCFURNISHINGELEMENT('0wYezBCaX12OnqszTWBoOY',$,'StandardDesk',$,$,#602,#597,$);
#604=IFCCARTESIANPOINT((7.7,1.7,0.));
#605=IFCCARTESIANPOINT((8.3,1.7,0.));
#606=IFCCARTESIANPOINT((8.3,2.3,0.));
#607=IFCCARTESIANPOINT((7.7,2.3,0.));
#608=IFCCARTESIANPOINT((7.7,1.7,0.));
#609=IFCPOLYLINE((#604,#605,#606,#607,#608));
#610=IFCARBITRARYCLOSEDPROFILEDEF(.AREA.,$,#609);
#611=IFCDIRECTION((0.,0.,1.));
#612=IFCEXTRUDEDAREASOLID(#610,$,#611,0.45);
#613=IFCSHAPEREPRESENTATION(#11,'Body','SweptSolid',(#612));
#614=IFCPRODUCTDEFINITIONSHAPE($,$,(#613));
#615=IFCCARTESIANPOINT((0.,0.,0.));
#616=IFCDIRECTION((0.,0.,1.));
#617=IFCDIRECTION((1.,0.,0.));
#618=IFCAXIS2PLACEMENT3D(#615,#616,#617);
#619=IFCLOCALPLACEMENT(#74,#618);
#620=IFCFURNISHINGELEMENT('2A5OOuxJ56TxSqKHiG4lTE',$,'OfficeChair',$,$,#619,#614,$);
#621=IFCCARTESIANPOINT((10.2,2.6,0.));
#622=IFCCARTESIANPOINT((11.8,2.6,0.));
#623=IFCCARTESIANPOINT((11.8,3.4,0.));
#624=IFCCARTESIANPOINT((10.2,3.4,0.));
#625=IFCCARTESIANPOINT((10.2,2.6,0.));
#626=IFCPOLYLINE((#621,#622,#623,#624,#625));
#627=IFCARBITRARYCLOSEDPROFILEDEF(.AREA.,$,#626);
#628=IFCDIRECTION((0.,0.,1.));
#629=IFCEXTRUDEDAREASOLID(#627,$,#628,0.72);
#630=IFCSHAPEREPRESENTATION(#11,'Body','SweptSolid',(#629));
#631=IFCPRODUCTDEFINITIONSHAPE($,$,(#630));
#632=IFCCARTESIANPOINT((0.,0.,0.));
#633=IFCDIRECTION((0.,0.,1.));
#634=IFCDIRECTION((1.,0.,0.));
#635=IFCAXIS2PLACEMENT3D(#632,#633,#634);
#636=IFCLOCALPLACEMENT(#74,#635);
#637=IFCFURNISHINGELEMENT('1hVcv3vsH6hOM9UNahoNmK',$,'StandardDesk',$,$,#636,#631,$);
#638=IFCCARTESIANPOINT((10.7,1.7,0.));
#639=IFCCARTESIANPOINT((11.3,1.7,0.));
#640=IFCCARTESIANPOINT((11.3,2.3,0.));
#641=IFCCARTESIANPOINT((10.7,2.3,0.));
#642=IFCCARTESIANPOINT((10.7,1.7,0.));
#643=IFCPOLYLINE((#638,#639,#640,#641,#642));
#644=IFCARBITRARYCLOSEDPROFILEDEF(.AREA.,$,#643);
#645=IFCDIRECTION((0.,0.,1.));
#646=IFCEXTRUDEDAREASOLID(#644,$,#645,0.45);
#647=IFCSHAPEREPRESENTATION(#11,'Body','SweptSolid',(#646));
#648=IFCPRODUCTDEFINITIONSHAPE($,$,(#647));
#649=IFCCARTESIANPOINT((0.,0.,0.));
#650=IFCDIRECTION((0.,0.,1.));
#651=IFCDIRECTION((1.,0.,0.));
#652=IFCAXIS2PLACEMENT3D(#649,#650,#651);
#653=IFCLOCALPLACEMENT(#74,#652);
#654=IFCFURNISHINGELEMENT('3UxP7jIHLC6vQXp7kMC10Y',$,'OfficeChair',$,$,#653,#648,$);
#655=IFCCARTESIANPOINT((13.2,2.6,0.));
#656=IFCCARTESIANPOINT((14.8,2.6,0.));
#657=IFCCARTESIANPOINT((14.8,3.4,0.));
#658=IFCCARTESIANPOINT((13.2,3.4,0.));
#659=IFCCARTESIANPOINT((13.2,2.6,0.));
#660=IFCPOLYLINE((#655,#656,#657,#658,#659));
#661=IFCARBITRARYCLOSEDPROFILEDEF(.AREA.,$,#660);
#662=IFCDIRECTION((0.,0.,1.));
#663=IFCEXTRUDEDAREASOLID(#661,$,#662,0.72);
#664=IFCSHAPEREPRESENTATION(#11,'Body','SweptSolid',(#663));
#665=IFCPRODUCTDEFINITIONSHAPE($,$,(#664));
#666=IFCCARTESIANPOINT((0.,0.,0.));
#667=IFCDIRECTION((0.,0.,1.));
#668=IFCDIRECTION((1.,0.,0.));
#669=IFCAXIS2PLACEMENT3D(#666,#667,#668);
#670=IFCLOCALPLACEMENT(#74,#669);
#671=IFCFURNISHINGELEMENT('1xyA9wmqjEDPC7Nbf1ehx_',$,'StandardDesk',$,$,#670,#665,$);
#672=IFCCARTESIANPOINT((13.7,1.7,0.));
#673=IFCCARTESIANPOINT((14.3,1.7,0.));
#674=IFCCARTESIANPOINT((14.3,2.3,0.));
#675=IFCCARTESIANPOINT((13.7,2.3,0.));
#676=IFCCARTESIANPOINT((13.7,1.7,0.));
#677=IFCPOLYLINE((#672,#673,#674,#675,#676));
#678=IFCARBITRARYCLOSEDPROFILEDEF(.AREA.,$,#677);
#679=IFCDIRECTION((0.,0.,1.));
#680=IFCEXTRUDEDAREASOLID(#678,$,#679,0.45);
#681=IFCSHAPEREPRESENTATION(#11,'Body','SweptSolid',(#680));
#682=IFCPRODUCTDEFINITIONSHAPE($,$,(#681));
#683=IFCCARTESIANPOINT((0.,0.,0.));
#684=IFCDIRECTION((0.,0.,1.));
#685=IFCDIRECTION((1.,0.,0.));
#686=IFCAXIS2PLACEMENT3D(#683,#684,#685);
#687=IFCLOCALPLACEMENT(#74,#686);
#688=IFCFURNISHINGELEMENT('3dnYlIVH52UQixqSI2rNsv',$,'OfficeChair',$,$,#687,#682,$);
#689=IFCCARTESIANPOINT((16.2,2.6,0.));
#690=IFCCARTESIANPOINT((17.8,2.6,0.));
#691=IFCCARTESIANPOINT((17.8,3.4,0.));
#692=IFCCARTESIANPOINT((16.2,3.4,0.));
#693=IFCCARTESIANPOINT((16.2,2.6,0.));
#694=IFCPOLYLINE((#689,#690,#691,#692,#693));
#695=IFCARBITRARYCLOSEDPROFILEDEF(.AREA.,$,#694);
#696=IFCDIRECTION((0.,0.,1.));
#697=IFCEXTRUDEDAREASOLID(#695,$,#696,0.72);
#698=IFCSHAPEREPRESENTATION(#11,'Body','SweptSolid',(#697));
#699=IFCPRODUCTDEFINITIONSHAPE($,$,(#698));
#700=IFCCARTESIANPOINT((0.,0.,0.));
#701=IFCDIRECTION((0.,0.,1.));
#702=IFCDIRECTION((1.,0.,0.));
#703=IFCAXIS2PLACEMENT3D(#700,#701,#702);
#704=IFCLOCALPLACEMENT(#74,#703);
#705=IFCFURNISHINGELEMENT('2t3GJ6tKP8U9aN$Nbmnz9z',$,'StandardDesk',$,$,#704,#699,$);
#706=IFCCARTESIANPOINT((16.7,1.7,0.));
#707=IFCCARTESIANPOINT((17.3,1.7,0.));
#708=IFCCARTESIANPOINT((17.3,2.3,0.));
#709=IFCCARTESIANPOINT((16.7,2.3,0.));
#710=IFCCARTESIANPOINT((16.7,1.7,0.));
#711=IFCPOLYLINE((#706,#707,#708,#709,#710));
#712=IFCARBITRARYCLOSEDPROFILEDEF(.AREA.,$,#711);
#713=IFCDIRECTION((0.,0.,1.));
#714=IFCEXTRUDEDAREASOLID(#712,$,#713,0.45);
#715=IFCSHAPEREPRESENTATION(#11,'Body','SweptSolid',(#714));
#716=IFCPRODUCTDEFINITIONSHAPE($,$,(#715));
#717=IFCCARTESIANPOINT((0.,0.,0.));
#718=IFCDIRECTION((0.,0.,1.));
#719=IFCDIRECTION((1.,0.,0.));
#720=IFCAXIS2PLACEMENT3D(#717,#718,#719);
#721=IFCLOCALPLACEMENT(#74,#720);
#722=IFCFURNISHINGELEMENT('3MVz1a1ljAguY1AfKoDogq',$,'OfficeChair',$,$,#721,#716,$);
#723=IFCCARTESIANPOINT((7.2,6.6,0.));
#724=IFCCARTESIANPOINT((8.8,6.6,0.));
#725=IFCCARTESIANPOINT((8.8,7.4,0.));
#726=IFCCARTESIANPOINT((7.2,7.4,0.));
#727=IFCCARTESIANPOINT((7.2,6.6,0.));
#728=IFCPOLYLINE((#723,#724,#725,#726,#727));
#729=IFCARBITRARYCLOSEDPROFILEDEF(.AREA.,$,#728);
#730=IFCDIRECTION((0.,0.,1.));
#731=IFCEXTRUDEDAREASOLID(#729,$,#730,0.72);
#732=IFCSHAPEREPRESENTATION(#11,'Body','SweptSolid',(#731));
#733=IFCPRODUCTDEFINITIONSHAPE($,$,(#732));
#734=IFCCARTESIANPOINT((0.,0.,0.));
#735=IFCDIRECTION((0.,0.,1.));
#736=IFCDIRECTION((1.,0.,0.));
#737=IFCAXIS2PLACEMENT3D(#734,#735,#736);
#738=IFCLOCALPLACEMENT(#74,#737);
#739=IFCFURNISHINGELEMENT('2RsLmZXND5yRbCivXHqj_z',$,'StandardDesk',$,$,#738,#733,$);
#740=IFCCARTESIANPOINT((8.3,8.3,0.));
#741=IFCCARTESIANPOINT((7.7,8.3,0.));
#742=IFCCARTESIANPOINT((7.7,7.7,0.));
#743=IFCCARTESIANPOINT((8.3,7.7,0.));
#744=IFCCARTESIANPOINT((8.3,8.3,0.));
#745=IFCPOLYLINE((#740,#741,#742,#743,#744));
#746=IFCARBITRARYCLOSEDPROFILEDEF(.AREA.,$,#745);
#747=IFCDIRECTION((0.,0.,1.));
#748=IFCEXTRUDEDAREASOLID(#746,$,#747,0.45);
#749=IFCSHAPEREPRESENTATION(#11,'Body','SweptSolid',(#748));
#750=IFCPRODUCTDEFINITIONSHAPE($,$,(#749));
#751=IFCCARTESIANPOINT((0.,0.,0.));
#752=IFCDIRECTION((0.,0.,1.));
#753=IFCDIRECTION((1.,0.,0.));
#754=IFCAXIS2PLACEMENT3D(#751,#752,#753);
#755=IFCLOCALPLACEMENT(#74,#754);
#756=IFCFURNISHINGELEMENT('2F4lu5aQTC38b6Hr1vIIXb',$,'OfficeChair',$,$,#755,#750,$);
#757=IFCCARTESIANPOINT((10.2,6.6,0.));
#758=IFCCARTESIANPOINT((11.8,6.6,0.));
#759=IFCCARTESIANPOINT((11.8,7.4,0.));
#760=IFCCARTESIANPOINT((10.2,7.4,0.));
#761=IFCCARTESIANPOINT((10.2,6.6,0.));
#762=IFCPOLYLINE((#757,#758,#759,#760,#761));
#763=IFCARBITRARYCLOSEDPROFILEDEF(.AREA.,$,#762);
#764=IFCDIRECTION((0.,0.,1.));
#765=IFCEXTRUDEDAREASOLID(#763,$,#764,0.72);
#766=IFCSHAPEREPRESENTATION(#11,'Body','SweptSolid',(#765));
#767=IFCPRODUCTDEFINITIONSHAPE($,$,(#766));
#768=IFCCARTESIANPOINT((0.,0.,0.));
#769=IFCDIRECTION((0.,0.,1.));
#770=IFCDIRECTION((1.,0.,0.));
#771=IFCAXIS2PLACEMENT3D(#768,#769,#770);
#772=IFCLOCALPLACEMENT(#74,#771);
#773=IFCFURNISHINGELEMENT('3vYBnYHTb1KfoWjC_mTsfj',$,'StandardDesk',$,$,#772,#767,$);
#774=IFCCARTESIANPOINT((11.3,8.3,0.));
#775=IFCCARTESIANPOINT((10.7,8.3,0.));
#776=IFCCARTESIANPOINT((10.7,7.7,0.));
#777=IFCCARTESIANPOINT((11.3,7.7,0.));
#778=IFCCARTESIANPOINT((11.3,8.3,0.));
#779=IFCPOLYLINE((#774,#775,#776,#777,#778));
#780=IFCARBITRARYCLOSEDPROFILEDEF(.AREA.,$,#779);
#781=IFCDIRECTION((0.,0.,1.));
#782=IFCEXTRUDEDAREASOLID(#780,$,#781,0.45);
#783=IFCSHAPEREPRESENTATION(#11,'Body','SweptSolid',(#782));
#784=IFCPRODUCTDEFINITIONSHAPE($,$,(#783));
#785=IFCCARTESIANPOINT((0.,0.,0.));
#786=IFCDIRECTION((0.,0.,1.));
#787=IFCDIRECTION((1.,0.,0.));
#788=IFCAXIS2PLACEMENT3D(#785,#786,#787);
#789=IFCLOCALPLACEMENT(#74,#788);
#790=IFCFURNISHINGELEMENT('3hxfzphwH07uZozABvssXP',$,'OfficeChair',$,$,#789,#784,$);
#791=IFCCARTESIANPOINT((13.2,6.6,0.));
#792=IFCCARTESIANPOINT((14.8,6.6,0.));
#793=IFCCARTESIANPOINT((14.8,7.4,0.));
#794=IFCCARTESIANPOINT((13.2,7.4,0.));
#795=IFCCARTESIANPOINT((13.2,6.6,0.));
#796=IFCPOLYLINE((#791,#792,#793,#794,#795));
#797=IFCARBITRARYCLOSEDPROFILEDEF(.AREA.,$,#796);
#798=IFCDIRECTION((0.,0.,1.));
#799=IFCEXTRUDEDAREASOLID(#797,$,#798,0.72);
#800=IFCSHAPEREPRESENTATION(#11,'Body','SweptSolid',(#799));
#801=IFCPRODUCTDEFINITIONSHAPE($,$,(#800));
#802=IFCCARTESIANPOINT((0.,0.,0.));
#803=IFCDIRECTION((0.,0.,1.));
#804=IFCDIRECTION((1.,0.,0.));
#805=IFCAXIS2PLACEMENT3D(#802,#803,#804);
#806=IFCLOCALPLACEMENT(#74,#805);
#807=IFCFURNISHINGELEMENT('0bUP$3L6H1iQjbx6k8PmYy',$,'StandardDesk',$,$,#806,#801,$);
#808=IFCCARTESIANPOINT((14.3,8.3,0.));
#809=IFCCARTESIANPOINT((13.7,8.3,0.));
#810=IFCCARTESIANPOINT((13.7,7.7,0.));
#811=IFCCARTESIANPOINT((14.3,7.7,0.));
#812=IFCCARTESIANPOINT((14.3,8.3,0.));
#813=IFCPOLYLINE((#808,#809,#810,#811,#812));
#814=IFCARBITRARYCLOSEDPROFILEDEF(.AREA.,$,#813);
#815=IFCDIRECTION((0.,0.,1.));
#816=IFCEXTRUDEDAREASOLID(#814,$,#815,0.45);
#817=IFCSHAPEREPRESENTATION(#11,'Body','SweptSolid',(#816));
#818=IFCPRODUCTDEFINITIONSHAPE($,$,(#817));
#819=IFCCARTESIANPOINT((0.,0.,0.));
#820=IFCDIRECTION((0.,0.,1.));
#821=IFCDIRECTION((1.,0.,0.));
#822=IFCAXIS2PLACEMENT3D(#819,#820,#821);
#823=IFCLOCALPLACEMENT(#74,#822);
#824=IFCFURNISHINGELEMENT('3LeLz4Ri18xBKvIuYcsdGD',$,'OfficeChair',$,$,#823,#818,$);
#825=IFCCARTESIANPOINT((16.2,6.6,0.));
#826=IFCCARTESIANPOINT((17.8,6.6,0.));
#827=IFCCARTESIANPOINT((17.8,7.4,0.));
#828=IFCCARTESIANPOINT((16.2,7.4,0.));
#829=IFCCARTESIANPOINT((16.2,6.6,0.));
#830=IFCPOLYLINE((#825,#826,#827,#828,#829));
#831=IFCARBITRARYCLOSEDPROFILEDEF(.AREA.,$,#830);
#832=IFCDIRECTION((0.,0.,1.));
#833=IFCEXTRUDEDAREASOLID(#831,$,#832,0.72);
#834=IFCSHAPEREPRESENTATION(#11,'Body','SweptSolid',(#833));
#835=IFCPRODUCTDEFINITIONSHAPE($,$,(#834));
#836=IFCCARTESIANPOINT((0.,0.,0.));
#837=IFCDIRECTION((0.,0.,1.));
#838=IFCDIRECTION((1.,0.,0.));
#839=IFCAXIS2PLACEMENT3D(#836,#837,#838);
#840=IFCLOCALPLACEMENT(#74,#839);
#841=IFCFURNISHINGELEMENT('1_aqeoL$94aOSaRPLazDhz',$,'StandardDesk',$,$,#840,#835,$);
#842=IFCCARTESIANPOINT((17.3,8.3,0.));
#843=IFCCARTESIANPOINT((16.7,8.3,0.));
#844=IFCCARTESIANPOINT((16.7,7.7,0.));
#845=IFCCARTESIANPOINT((17.3,7.7,0.));
#846=IFCCARTESIANPOINT((17.3,8.3,0.));
#847=IFCPOLYLINE((#842,#843,#844,#845,#846));
#848=IFCARBITRARYCLOSEDPROFILEDEF(.AREA.,$,#847);
#849=IFCDIRECTION((0.,0.,1.));
#850=IFCEXTRUDEDAREASOLID(#848,$,#849,0.45);
#851=IFCSHAPEREPRESENTATION(#11,'Body','SweptSolid',(#850));
#852=IFCPRODUCTDEFINITIONSHAPE($,$,(#851));
#853=IFCCARTESIANPOINT((0.,0.,0.));
#854=IFCDIRECTION((0.,0.,1.));
#855=IFCDIRECTION((1.,0.,0.));
#856=IFCAXIS2PLACEMENT3D(#853,#854,#855);
#857=IFCLOCALPLACEMENT(#74,#856);
#858=IFCFURNISHINGELEMENT('1qYFe6k_H5GPaCUxHOGNXC',$,'OfficeChair',$,$,#857,#852,$);
#859=IFCCARTESIANPOINT((18.775,4.775,0.));
#860=IFCCARTESIANPOINT((19.225,4.775,0.));
#861=IFCCARTESIANPOINT((19.225,5.225,0.));
#862=IFCCARTESIANPOINT((18.775,5.225,0.));
#863=IFCCARTESIANPOINT((18.775,4.775,0.));
#864=IFCPOLYLINE((#859,#860,#861,#862,#863));
#865=IFCARBITRARYCLOSEDPROFILEDEF(.AREA.,$,#864);
#866=IFCDIRECTION((0.,0.,1.));
#867=IFCEXTRUDEDAREASOLID(#865,$,#866,1.4);
#868=IFCSHAPEREPRESENTATION(#11,'Body','SweptSolid',(#867));
#869=IFCPRODUCTDEFINITIONSHAPE($,$,(#868));
#870=IFCCARTESIANPOINT((0.,0.,0.));
#871=IFCDIRECTION((0.,0.,1.));
#872=IFCDIRECTION((1.,0.,0.));
#873=IFCAXIS2PLACEMENT3D(#870,#871,#872);
#874=IFCLOCALPLACEMENT(#74,#873);
#875=IFCFURNISHINGELEMENT('0eex6Uh8r0hgQiYGVshsaW',$,'FilingCabinet',$,$,#874,#869,$);
#876=IFCCARTESIANPOINT((6.15,11.55,0.));
#877=IFCCARTESIANPOINT((6.15,12.45,0.));
#878=IFCCARTESIANPOINT((5.85,12.45,0.));
#879=IFCCARTESIANPOINT((5.85,11.55,0.));
#880=IFCCARTESIANPOINT((6.15,11.55,0.));
#881=IFCPOLYLINE((#876,#877,#878,#879,#880));
#882=IFCARBITRARYCLOSEDPROFILEDEF(.AREA.,$,#881);
#883=IFCDIRECTION((0.,0.,1.));
#884=IFCEXTRUDEDAREASOLID(#882,$,#883,2.1);
#885=IFCSHAPEREPRESENTATION(#11,'Body','SweptSolid',(#884));
#886=IFCPRODUCTDEFINITIONSHAPE($,$,(#885));
#887=IFCCARTESIANPOINT((0.,0.,0.));
#888=IFCDIRECTION((0.,0.,1.));
#889=IFCDIRECTION((1.,0.,0.));
#890=IFCAXIS2PLACEMENT3D(#887,#888,#889);
#891=IFCLOCALPLACEMENT(#74,#890);
#892=IFCOPENINGELEMENT('2sbYWPRxvA9RmXUuZWF9tb',$,'Opening for Meeting Door',$,$,#891,#886,$,$);
#893=IFCRELVOIDSELEMENT('3aBoexuZXEm8dqKi6Zf0$V',$,'Wall Opening',$,#195,#892);
#894=IFCCARTESIANPOINT((6.,11.55,0.));
#895=IFCCARTESIANPOINT((6.,12.45,0.));
#896=IFCCARTESIANPOINT((5.95,12.45,0.));
#897=IFCCARTESIANPOINT((5.95,11.55,0.));
#898=IFCCARTESIANPOINT((6.,11.55,0.));
#899=IFCPOLYLINE((#894,#895,#896,#897,#898));
#900=IFCARBITRARYCLOSEDPROFILEDEF(.AREA.,$,#899);
#901=IFCDIRECTION((0.,0.,1.));
#902=IFCEXTRUDEDAREASOLID(#900,$,#901,2.1);
#903=IFCSHAPEREPRESENTATION(#11,'Body','SweptSolid',(#902));
#904=IFCPRODUCTDEFINITIONSHAPE($,$,(#903));
#905=IFCCARTESIANPOINT((0.,0.,0.));
#906=IFCDIRECTION((0.,0.,1.));
#907=IFCDIRECTION((1.,0.,0.));
#908=IFCAXIS2PLACEMENT3D(#905,#906,#907);
#909=IFCLOCALPLACEMENT(#74,#908);
#910=IFCDOOR('2LYOjt$_D5hP6b0nvHc7I7',$,'Meeting Door','Connects Reception to Meeting Room A',$,#909,#904,$,2.1,0.9,$,$,$);
#911=IFCRELFILLSELEMENT('16lUWb60z2WwjGGQvToqqQ',$,'Door Fill',$,#892,#910);
#912=IFCSTYLEDITEM(#902,(#29),'DoorOak');
#913=IFCCARTESIANPOINT((7.4,14.85,0.9));
#914=IFCCARTESIANPOINT((8.6,14.85,0.9));
#915=IFCCARTESIANPOINT((8.6,15.15,0.9));
#916=IFCCARTESIANPOINT((7.4,15.15,0.9));
#917=IFCCARTESIANPOINT((7.4,14.85,0.9));
#918=IFCPOLYLINE((#913,#914,#915,#916,#917));
#919=IFCARBITRARYCLOSEDPROFILEDEF(.AREA.,$,#918);
#920=IFCDIRECTION((0.,0.,1.));
#921=IFCEXTRUDEDAREASOLID(#919,$,#920,1.5);
#922=IFCSHAPEREPRESENTATION(#11,'Body','SweptSolid',(#921));
#923=IFCPRODUCTDEFINITIONSHAPE($,$,(#922));
#924=IFCCARTESIANPOINT((0.,0.,0.));
#925=IFCDIRECTION((0.,0.,1.));
#926=IFCDIRECTION((1.,0.,0.));
#927=IFCAXIS2PLACEMENT3D(#924,#925,#926);
#928=IFCLOCALPLACEMENT(#74,#927);
#929=IFCOPENINGELEMENT('2Us2Wie$b5jR$yoLSq76kf',$,'Opening for W5',$,$,#928,#923,$,$);
#930=IFCRELVOIDSELEMENT('3AoLxv$dDDHg3VxKZcTzIU',$,'Wall Opening',$,#93,#929);
#931=IFCCARTESIANPOINT((7.4,15.,0.9));
#932=IFCCARTESIANPOINT((8.6,15.,0.9));
#933=IFCCARTESIANPOINT((8.6,15.02,0.9));
#934=IFCCARTESIANPOINT((7.4,15.02,0.9));
#935=IFCCARTESIANPOINT((7.4,15.,0.9));
#936=IFCPOLYLINE((#931,#932,#933,#934,#935));
#937=IFCARBITRARYCLOSEDPROFILEDEF(.AREA.,$,#936);
#938=IFCDIRECTION((0.,0.,1.));
#939=IFCEXTRUDEDAREASOLID(#937,$,#938,1.5);
#940=IFCSHAPEREPRESENTATION(#11,'Body','SweptSolid',(#939));
#941=IFCPRODUCTDEFINITIONSHAPE($,$,(#940));
#942=IFCCARTESIANPOINT((0.,0.,0.));
#943=IFCDIRECTION((0.,0.,1.));
#944=IFCDIRECTION((1.,0.,0.));
#945=IFCAXIS2PLACEMENT3D(#942,#943,#944);
#946=IFCLOCALPLACEMENT(#74,#945);
#947=IFCWINDOW('1s$HWccuTEMuEc1zyac0am',$,'W5',$,$,#946,#941,$,1.5,1.2,$,$,$);
#948=IFCRELFILLSELEMENT('0YMWvQga9DHed6uGRAxy5C',$,'Window Fill',$,#929,#947);
#949=IFCSTYLEDITEM(#939,(#38),'WindowGlass');
#950=IFCCARTESIANPOINT((8.5,11.9,0.));
#951=IFCCARTESIANPOINT((11.5,11.9,0.));
#952=IFCCARTESIANPOINT((11.5,13.1,0.));
#953=IFCCARTESIANPOINT((8.5,13.1,0.));
#954=IFCCARTESIANPOINT((8.5,11.9,0.));
#955=IFCPOLYLINE((#950,#951,#952,#953,#954));
#956=IFCARBITRARYCLOSEDPROFILEDEF(.AREA.,$,#955);
#957=IFCDIRECTION((0.,0.,1.));
#958=IFCEXTRUDEDAREASOLID(#956,$,#957,0.72);
#959=IFCSHAPEREPRESENTATION(#11,'Body','SweptSolid',(#958));
#960=IFCPRODUCTDEFINITIONSHAPE($,$,(#959));
#961=IFCCARTESIANPOINT((0.,0.,0.));
#962=IFCDIRECTION((0.,0.,1.));
#963=IFCDIRECTION((1.,0.,0.));
#964=IFCAXIS2PLACEMENT3D(#961,#962,#963);
#965=IFCLOCALPLACEMENT(#74,#964);
#966=IFCFURNISHINGELEMENT('3uqSQjm0H8lR74tcyksnA1',$,'ConferenceTable',$,$,#965,#960,$);
#967=IFCCARTESIANPOINT((7.7,12.8,0.));
#968=IFCCARTESIANPOINT((7.7,12.2,0.));
#969=IFCCARTESIANPOINT((8.3,12.2,0.));
#970=IFCCARTESIANPOINT((8.3,12.8,0.));
#971=IFCCARTESIANPOINT((7.7,12.8,0.));
#972=IFCPOLYLINE((#967,#968,#969,#970,#971));
#973=IFCARBITRARYCLOSEDPROFILEDEF(.AREA.,$,#972);
#974=IFCDIRECTION((0.,0.,1.));
#975=IFCEXTRUDEDAREASOLID(#973,$,#974,0.45);
#976=IFCSHAPEREPRESENTATION(#11,'Body','SweptSolid',(#975));
#977=IFCPRODUCTDEFINITIONSHAPE($,$,(#976));
#978=IFCCARTESIANPOINT((0.,0.,0.));
#979=IFCDIRECTION((0.,0.,1.));
#980=IFCDIRECTION((1.,0.,0.));
#981=IFCAXIS2PLACEMENT3D(#978,#979,#980);
#982=IFCLOCALPLACEMENT(#74,#981);
#983=IFCFURNISHINGELEMENT('3HOnJSEI5B$9X3gM0AGXI6',$,'OfficeChair',$,$,#982,#977,$);
#984=IFCCARTESIANPOINT((12.3,12.2,0.));
#985=IFCCARTESIANPOINT((12.3,12.8,0.));
#986=IFCCARTESIANPOINT((11.7,12.8,0.));
#987=IFCCARTESIANPOINT((11.7,12.2,0.));
#988=IFCCARTESIANPOINT((12.3,12.2,0.));
#989=IFCPOLYLINE((#984,#985,#986,#987,#988));
#990=IFCARBITRARYCLOSEDPROFILEDEF(.AREA.,$,#989);
#991=IFCDIRECTION((0.,0.,1.));
#992=IFCEXTRUDEDAREASOLID(#990,$,#991,0.45);
#993=IFCSHAPEREPRESENTATION(#11,'Body','SweptSolid',(#992));
#994=IFCPRODUCTDEFINITIONSHAPE($,$,(#993));
#995=IFCCARTESIANPOINT((0.,0.,0.));
#996=IFCDIRECTION((0.,0.,1.));
#997=IFCDIRECTION((1.,0.,0.));
#998=IFCAXIS2PLACEMENT3D(#995,#996,#997);
#999=IFCLOCALPLACEMENT(#74,#998);
#1000=IFCFURNISHINGELEMENT('22ya3vEuj1tQWM5u_f14pR',$,'OfficeChair',$,$,#999,#994,$);
#1001=IFCCARTESIANPOINT((9.7,10.7,0.));
#1002=IFCCARTESIANPOINT((10.3,10.7,0.));
#1003=IFCCARTESIANPOINT((10.3,11.3,0.));
#1004=IFCCARTESIANPOINT((9.7,11.3,0.));
#1005=IFCCARTESIANPOINT((9.7,10.7,0.));
#1006=IFCPOLYLINE((#1001,#1002,#1003,#1004,#1005));
#1007=IFCARBITRARYCLOSEDPROFILEDEF(.AREA.,$,#1006);
#1008=IFCDIRECTION((0.,0.,1.));
#1009=IFCEXTRUDEDAREASOLID(#1007,$,#1008,0.45);
#1010=IFCSHAPEREPRESENTATION(#11,'Body','SweptSolid',(#1009));
#1011=IFCPRODUCTDEFINITIONSHAPE($,$,(#1010));
#1012=IFCCARTESIANPOINT((0.,0.,0.));
#1013=IFCDIRECTION((0.,0.,1.));
#1014=IFCDIRECTION((1.,0.,0.));
#1015=IFCAXIS2PLACEMENT3D(#1012,#1013,#1014);
#1016=IFCLOCALPLACEMENT(#74,#1015);
#1017=IFCFURNISHINGELEMENT('1RoKsbaFbFcQ_X2v5I0c1m',$,'OfficeChair',$,$,#1016,#1011,$);
#1018=IFCCARTESIANPOINT((10.3,14.3,0.));
#1019=IFCCARTESIANPOINT((9.7,14.3,0.));
#1020=IFCCARTESIANPOINT((9.7,13.7,0.));
#1021=IFCCARTESIANPOINT((10.3,13.7,0.));
#1022=IFCCARTESIANPOINT((10.3,14.3,0.));
#1023=IFCPOLYLINE((#1018,#1019,#1020,#1021,#1022));
#1024=IFCARBITRARYCLOSEDPROFILEDEF(.AREA.,$,#1023);
#1025=IFCDIRECTION((0.,0.,1.));
#1026=IFCEXTRUDEDAREASOLID(#1024,$,#1025,0.45);
#1027=IFCSHAPEREPRESENTATION(#11,'Body','SweptSolid',(#1026));
#1028=IFCPRODUCTDEFINITIONSHAPE($,$,(#1027));
#1029=IFCCARTESIANPOINT((0.,0.,0.));
#1030=IFCDIRECTION((0.,0.,1.));
#1031=IFCDIRECTION((1.,0.,0.));
#1032=IFCAXIS2PLACEMENT3D(#1029,#1030,#1031);
#1033=IFCLOCALPLACEMENT(#74,#1032);
#1034=IFCFURNISHINGELEMENT('0ku3i4wLXBOfLnQ$njoE8A',$,'OfficeChair',$,$,#1033,#1028,$);
#1035=IFCCARTESIANPOINT((14.15,11.55,0.));
#1036=IFCCARTESIANPOINT((14.15,12.45,0.));
#1037=IFCCARTESIANPOINT((13.85,12.45,0.));
#1038=IFCCARTESIANPOINT((13.85,11.55,0.));
#1039=IFCCARTESIANPOINT((14.15,11.55,0.));
#1040=IFCPOLYLINE((#1035,#1036,#1037,#1038,#1039));
#1041=IFCARBITRARYCLOSEDPROFILEDEF(.AREA.,$,#1040);
#1042=IFCDIRECTION((0.,0.,1.));
#1043=IFCEXTRUDEDAREASOLID(#1041,$,#1042,2.1);
#1044=IFCSHAPEREPRESENTATION(#11,'Body','SweptSolid',(#1043));
#1045=IFCPRODUCTDEFINITIONSHAPE($,$,(#1044));
#1046=IFCCARTESIANPOINT((0.,0.,0.));
#1047=IFCDIRECTION((0.,0.,1.));
#1048=IFCDIRECTION((1.,0.,0.));
#1049=IFCAXIS2PLACEMENT3D(#1046,#1047,#1048);
#1050=IFCLOCALPLACEMENT(#74,#1049);
#1051=IFCOPENINGELEMENT('0T8W28yLX3KegsNELFxEYy',$,'Opening for Kitchen Entry',$,$,#1050,#1045,$,$);
#1052=IFCRELVOIDSELEMENT('0xjKOsS4LEeR3jB0hOjzMu',$,'Wall Opening',$,#212,#1051);
#1053=IFCCARTESIANPOINT((14.,11.55,0.));
#1054=IFCCARTESIANPOINT((14.,12.45,0.));
#1055=IFCCARTESIANPOINT((13.95,12.45,0.));
#1056=IFCCARTESIANPOINT((13.95,11.55,0.));
#1057=IFCCARTESIANPOINT((14.,11.55,0.));
#1058=IFCPOLYLINE((#1053,#1054,#1055,#1056,#1057));
#1059=IFCARBITRARYCLOSEDPROFILEDEF(.AREA.,$,#1058);
#1060=IFCDIRECTION((0.,0.,1.));
#1061=IFCEXTRUDEDAREASOLID(#1059,$,#1060,2.1);
#1062=IFCSHAPEREPRESENTATION(#11,'Body','SweptSolid',(#1061));
#1063=IFCPRODUCTDEFINITIONSHAPE($,$,(#1062));
#1064=IFCCARTESIANPOINT((0.,0.,0.));
#1065=IFCDIRECTION((0.,0.,1.));
#1066=IFCDIRECTION((1.,0.,0.));
#1067=IFCAXIS2PLACEMENT3D(#1064,#1065,#1066);
#1068=IFCLOCALPLACEMENT(#74,#1067);
#1069=IFCDOOR('1f54VSckT8OP0GumF8d6ig',$,'Kitchen Entry',$,$,#1068,#1063,$,2.1,0.9,$,$,$);
#1070=IFCRELFILLSELEMENT('2ubc1jSDnEkhImNSPBlrgG',$,'Door Fill',$,#1051,#1069);
#1071=IFCSTYLEDITEM(#1061,(#29),'DoorOak');
#1072=IFCCARTESIANPOINT((16.1,14.85,0.9));
#1073=IFCCARTESIANPOINT((17.9,14.85,0.9));
#1074=IFCCARTESIANPOINT((17.9,15.15,0.9));
#1075=IFCCARTESIANPOINT((16.1,15.15,0.9));
#1076=IFCCARTESIANPOINT((16.1,14.85,0.9));
#1077=IFCPOLYLINE((#1072,#1073,#1074,#1075,#1076));
#1078=IFCARBITRARYCLOSEDPROFILEDEF(.AREA.,$,#1077);
#1079=IFCDIRECTION((0.,0.,1.));
#1080=IFCEXTRUDEDAREASOLID(#1078,$,#1079,0.6);
#1081=IFCSHAPEREPRESENTATION(#11,'Body','SweptSolid',(#1080));
#1082=IFCPRODUCTDEFINITIONSHAPE($,$,(#1081));
#1083=IFCCARTESIANPOINT((0.,0.,0.));
#1084=IFCDIRECTION((0.,0.,1.));
#1085=IFCDIRECTION((1.,0.,0.));
#1086=IFCAXIS2PLACEMENT3D(#1083,#1084,#1085);
#1087=IFCLOCALPLACEMENT(#74,#1086);
#1088=IFCOPENINGELEMENT('1rITy5Tn9DsAl9EG8BDB$c',$,'Opening for W6',$,$,#1087,#1082,$,$);
#1089=IFCRELVOIDSELEMENT('1dni4PXRT2QvuT3nsR98F8',$,'Wall Opening',$,#93,#1088);
#1090=IFCCARTESIANPOINT((16.1,15.,0.9));
#1091=IFCCARTESIANPOINT((17.9,15.,0.9));
#1092=IFCCARTESIANPOINT((17.9,15.02,0.9));
#1093=IFCCARTESIANPOINT((16.1,15.02,0.9));
#1094=IFCCARTESIANPOINT((16.1,15.,0.9));
#1095=IFCPOLYLINE((#1090,#1091,#1092,#1093,#1094));
#1096=IFCARBITRARYCLOSEDPROFILEDEF(.AREA.,$,#1095);
#1097=IFCDIRECTION((0.,0.,1.));
#1098=IFCEXTRUDEDAREASOLID(#1096,$,#1097,0.6);
#1099=IFCSHAPEREPRESENTATION(#11,'Body','SweptSolid',(#1098));
#1100=IFCPRODUCTDEFINITIONSHAPE($,$,(#1099));
#1101=IFCCARTESIANPOINT((0.,0.,0.));
#1102=IFCDIRECTION((0.,0.,1.));
#1103=IFCDIRECTION((1.,0.,0.));
#1104=IFCAXIS2PLACEMENT3D(#1101,#1102,#1103);
#1105=IFCLOCALPLACEMENT(#74,#1104);
#1106=IFCWINDOW('0PFI_wyT1C6PanPxMIZAoF',$,'W6',$,$,#1105,#1100,$,0.6,1.8,$,$,$);
#1107=IFCRELFILLSELEMENT('0KA7YcNDjENfMsVIX7aPQW',$,'Window Fill',$,#1088,#1106);
#1108=IFCSTYLEDITEM(#1098,(#38),'WindowGlass');
#1109=IFCCARTESIANPOINT((19.85,3.6,0.9));
#1110=IFCCARTESIANPOINT((19.85,2.4,0.9));
#1111=IFCCARTESIANPOINT((20.15,2.4,0.9));
#1112=IFCCARTESIANPOINT((20.15,3.6,0.9));
#1113=IFCCARTESIANPOINT((19.85,3.6,0.9));
#1114=IFCPOLYLINE((#1109,#1110,#1111,#1112,#1113));
#1115=IFCARBITRARYCLOSEDPROFILEDEF(.AREA.,$,#1114);
#1116=IFCDIRECTION((0.,0.,1.));
#1117=IFCEXTRUDEDAREASOLID(#1115,$,#1116,1.5);
#1118=IFCSHAPEREPRESENTATION(#11,'Body','SweptSolid',(#1117));
#1119=IFCPRODUCTDEFINITIONSHAPE($,$,(#1118));
#1120=IFCCARTESIANPOINT((0.,0.,0.));
#1121=IFCDIRECTION((0.,0.,1.));
#1122=IFCDIRECTION((1.,0.,0.));
#1123=IFCAXIS2PLACEMENT3D(#1120,#1121,#1122);
#1124=IFCLOCALPLACEMENT(#74,#1123);
#1125=IFCOPENINGELEMENT('0F$WLppq5CIQUKSgheegzv',$,'Opening for W7',$,$,#1124,#1119,$,$);
#1126=IFCRELVOIDSELEMENT('0_IXhkEq946QksoFLnd00W',$,'Wall Opening',$,#110,#1125);
#1127=IFCCARTESIANPOINT((20.,3.6,0.9));
#1128=IFCCARTESIANPOINT((20.,2.4,0.9));
#1129=IFCCARTESIANPOINT((20.02,2.4,0.9));
#1130=IFCCARTESIANPOINT((20.02,3.6,0.9));
#1131=IFCCARTESIANPOINT((20.,3.6,0.9));
#1132=IFCPOLYLINE((#1127,#1128,#1129,#1130,#1131));
#1133=IFCARBITRARYCLOSEDPROFILEDEF(.AREA.,$,#1132);
#1134=IFCDIRECTION((0.,0.,1.));
#1135=IFCEXTRUDEDAREASOLID(#1133,$,#1134,1.5);
#1136=IFCSHAPEREPRESENTATION(#11,'Body','SweptSolid',(#1135));
#1137=IFCPRODUCTDEFINITIONSHAPE($,$,(#1136));
#1138=IFCCARTESIANPOINT((0.,0.,0.));
#1139=IFCDIRECTION((0.,0.,1.));
#1140=IFCDIRECTION((1.,0.,0.));
#1141=IFCAXIS2PLACEMENT3D(#1138,#1139,#1140);
#1142=IFCLOCALPLACEMENT(#74,#1141);
#1143=IFCWINDOW('24hZ2uORz7VgiVu8XsRlMg',$,'W7',$,$,#1142,#1137,$,1.5,1.2,$,$,$);
#1144=IFCRELFILLSELEMENT('0_MthLp0v0s9m20awNj0BS',$,'Window Fill',$,#1125,#1143);
#1145=IFCSTYLEDITEM(#1135,(#38),'WindowGlass');
#1146=IFCRELCONTAINEDINSPATIALSTRUCTURE('2orJlD6OTCMwhF32xuGADk',$,$,$,(#93,#110,#127,#144,#161,#178,#195,#212,#229,#246,#263,#280,#297,#314,#332,#351,#368,#385,#402,#419,#437,#455,#473,#492,#510,#529,#547,#566,#584,#603,#620,#637,#654,#671,#688,#705,#722,#739,#756,#773,#790,#807,#824,#841,#858,#875,#892,#910,#929,#947,#966,#983,#1000,#1017,#1034,#1051,#1069,#1088,#1106,#1125,#1143),#75);
#1147=IFCCARTESIANPOINT((0.,0.,4.));
#1148=IFCDIRECTION((0.,0.,1.));
#1149=IFCDIRECTION((1.,0.,0.));
#1150=IFCAXIS2PLACEMENT3D(#1147,#1148,#1149);
#1151=IFCLOCALPLACEMENT(#67,#1150);
#1152=IFCBUILDINGSTOREY('31oO2PsuT21OdEjO35u0f4',$,'First Floor',$,$,#1151,$,$,.ELEMENT.,4.);
#1153=IFCRELAGGREGATES('1F9MIEc4D1PRI3hV4E96bW',$,$,$,#68,(#1152));
#1154=IFCCARTESIANPOINT((0.,14.925,0.));
#1155=IFCCARTESIANPOINT((20.,14.925,0.));
#1156=IFCCARTESIANPOINT((20.,15.075,0.));
#1157=IFCCARTESIANPOINT((0.,15.075,0.));
#1158=IFCCARTESIANPOINT((0.,14.925,0.));
#1159=IFCPOLYLINE((#1154,#1155,#1156,#1157,#1158));
#1160=IFCARBITRARYCLOSEDPROFILEDEF(.AREA.,$,#1159);
#1161=IFCDIRECTION((0.,0.,1.));
#1162=IFCEXTRUDEDAREASOLID(#1160,$,#1161,3.5);
#1163=IFCSHAPEREPRESENTATION(#11,'Body','SweptSolid',(#1162));
#1164=IFCPRODUCTDEFINITIONSHAPE($,$,(#1163));
#1165=IFCCARTESIANPOINT((0.,0.,0.));
#1166=IFCDIRECTION((0.,0.,1.));
#1167=IFCDIRECTION((1.,0.,0.));
#1168=IFCAXIS2PLACEMENT3D(#1165,#1166,#1167);
#1169=IFCLOCALPLACEMENT(#1151,#1168);
#1170=IFCWALL('1tevAspuH9VP34XnVJ03wr',$,'North',$,$,#1169,#1164,$,$);
#1171=IFCCARTESIANPOINT((19.925,15.,0.));
#1172=IFCCARTESIANPOINT((19.925,-4.59242549680257E-18,0.));
#1173=IFCCARTESIANPOINT((20.075,4.59242549680257E-18,0.));
#1174=IFCCARTESIANPOINT((20.075,15.,0.));
#1175=IFCCARTESIANPOINT((19.925,15.,0.));
#1176=IFCPOLYLINE((#1171,#1172,#1173,#1174,#1175));
#1177=IFCARBITRARYCLOSEDPROFILEDEF(.AREA.,$,#1176);
#1178=IFCDIRECTION((0.,0.,1.));
#1179=IFCEXTRUDEDAREASOLID(#1177,$,#1178,3.5);
#1180=IFCSHAPEREPRESENTATION(#11,'Body','SweptSolid',(#1179));
#1181=IFCPRODUCTDEFINITIONSHAPE($,$,(#1180));
#1182=IFCCARTESIANPOINT((0.,0.,0.));
#1183=IFCDIRECTION((0.,0.,1.));
#1184=IFCDIRECTION((1.,0.,0.));
#1185=IFCAXIS2PLACEMENT3D(#1182,#1183,#1184);
#1186=IFCLOCALPLACEMENT(#1151,#1185);
#1187=IFCWALL('0F2$oIjC15axSBegpzMgzh',$,'East',$,$,#1186,#1181,$,$);
#1188=IFCCARTESIANPOINT((20.,0.075,0.));
#1189=IFCCARTESIANPOINT((9.18485099360515E-18,0.075,0.));
#1190=IFCCARTESIANPOINT((-9.18485099360515E-18,-0.075,0.));
#1191=IFCCARTESIANPOINT((20.,-0.075,0.));
#1192=IFCCARTESIANPOINT((20.,0.075,0.));
#1193=IFCPOLYLINE((#1188,#1189,#1190,#1191,#1192));
#1194=IFCARBITRARYCLOSEDPROFILEDEF(.AREA.,$,#1193);
#1195=IFCDIRECTION((0.,0.,1.));
#1196=IFCEXTRUDEDAREASOLID(#1194,$,#1195,3.5);
#1197=IFCSHAPEREPRESENTATION(#11,'Body','SweptSolid',(#1196));
#1198=IFCPRODUCTDEFINITIONSHAPE($,$,(#1197));
#1199=IFCCARTESIANPOINT((0.,0.,0.));
#1200=IFCDIRECTION((0.,0.,1.));
#1201=IFCDIRECTION((1.,0.,0.));
#1202=IFCAXIS2PLACEMENT3D(#1199,#1200,#1201);
#1203=IFCLOCALPLACEMENT(#1151,#1202);
#1204=IFCWALL('0QgH7ETZXDqgAuwB0gc4ox',$,'South',$,$,#1203,#1198,$,$);
#1205=IFCCARTESIANPOINT((0.075,-4.59242549680257E-18,0.));
#1206=IFCCARTESIANPOINT((0.075,15.,0.));
#1207=IFCCARTESIANPOINT((-0.075,15.,0.));
#1208=IFCCARTESIANPOINT((-0.075,4.59242549680257E-18,0.));
#1209=IFCCARTESIANPOINT((0.075,-4.59242549680257E-18,0.));
#1210=IFCPOLYLINE((#1205,#1206,#1207,#1208,#1209));
#1211=IFCARBITRARYCLOSEDPROFILEDEF(.AREA.,$,#1210);
#1212=IFCDIRECTION((0.,0.,1.));
#1213=IFCEXTRUDEDAREASOLID(#1211,$,#1212,3.5);
#1214=IFCSHAPEREPRESENTATION(#11,'Body','SweptSolid',(#1213));
#1215=IFCPRODUCTDEFINITIONSHAPE($,$,(#1214));
#1216=IFCCARTESIANPOINT((0.,0.,0.));
#1217=IFCDIRECTION((0.,0.,1.));
#1218=IFCDIRECTION((1.,0.,0.));
#1219=IFCAXIS2PLACEMENT3D(#1216,#1217,#1218);
#1220=IFCLOCALPLACEMENT(#1151,#1219);
#1221=IFCWALL('2$JOQoMn591RGwEqv$DnxU',$,'West',$,$,#1220,#1215,$,$);
#1222=IFCCARTESIANPOINT((0.,7.425,0.));
#1223=IFCCARTESIANPOINT((20.,7.425,0.));
#1224=IFCCARTESIANPOINT((20.,7.575,0.));
#1225=IFCCARTESIANPOINT((0.,7.575,0.));
#1226=IFCCARTESIANPOINT((0.,7.425,0.));
#1227=IFCPOLYLINE((#1222,#1223,#1224,#1225,#1226));
#1228=IFCARBITRARYCLOSEDPROFILEDEF(.AREA.,$,#1227);
#1229=IFCDIRECTION((0.,0.,1.));
#1230=IFCEXTRUDEDAREASOLID(#1228,$,#1229,3.5);
#1231=IFCSHAPEREPRESENTATION(#11,'Body','SweptSolid',(#1230));
#1232=IFCPRODUCTDEFINITIONSHAPE($,$,(#1231));
#1233=IFCCARTESIANPOINT((0.,0.,0.));
#1234=IFCDIRECTION((0.,0.,1.));
#1235=IFCDIRECTION((1.,0.,0.));
#1236=IFCAXIS2PLACEMENT3D(#1233,#1234,#1235);
#1237=IFCLOCALPLACEMENT(#1151,#1236);
#1238=IFCWALL('0ntJ8HkQD1mRwYrcEIECk2',$,'Corridor',$,$,#1237,#1232,$,$);
#1239=IFCCARTESIANPOINT((5.075,7.5,0.));
#1240=IFCCARTESIANPOINT((5.075,15.,0.));
#1241=IFCCARTESIANPOINT((4.925,15.,0.));
#1242=IFCCARTESIANPOINT((4.925,7.5,0.));
#1243=IFCCARTESIANPOINT((5.075,7.5,0.));
#1244=IFCPOLYLINE((#1239,#1240,#1241,#1242,#1243));
#1245=IFCARBITRARYCLOSEDPROFILEDEF(.AREA.,$,#1244);
#1246=IFCDIRECTION((0.,0.,1.));
#1247=IFCEXTRUDEDAREASOLID(#1245,$,#1246,3.5);
#1248=IFCSHAPEREPRESENTATION(#11,'Body','SweptSolid',(#1247));
#1249=IFCPRODUCTDEFINITIONSHAPE($,$,(#1248));
#1250=IFCCARTESIANPOINT((0.,0.,0.));
#1251=IFCDIRECTION((0.,0.,1.));
#1252=IFCDIRECTION((1.,0.,0.));
#1253=IFCAXIS2PLACEMENT3D(#1250,#1251,#1252);
#1254=IFCLOCALPLACEMENT(#1151,#1253);
#1255=IFCWALL('1h46N0vD93PRsAH9GF310P',$,'Office1-East',$,$,#1254,#1249,$,$);
#1256=IFCCARTESIANPOINT((10.075,7.5,0.));
#1257=IFCCARTESIANPOINT((10.075,15.,0.));
#1258=IFCCARTESIANPOINT((9.925,15.,0.));
#1259=IFCCARTESIANPOINT((9.925,7.5,0.));
#1260=IFCCARTESIANPOINT((10.075,7.5,0.));
#1261=IFCPOLYLINE((#1256,#1257,#1258,#1259,#1260));
#1262=IFCARBITRARYCLOSEDPROFILEDEF(.AREA.,$,#1261);
#1263=IFCDIRECTION((0.,0.,1.));
#1264=IFCEXTRUDEDAREASOLID(#1262,$,#1263,3.5);
#1265=IFCSHAPEREPRESENTATION(#11,'Body','SweptSolid',(#1264));
#1266=IFCPRODUCTDEFINITIONSHAPE($,$,(#1265));
#1267=IFCCARTESIANPOINT((0.,0.,0.));
#1268=IFCDIRECTION((0.,0.,1.));
#1269=IFCDIRECTION((1.,0.,0.));
#1270=IFCAXIS2PLACEMENT3D(#1267,#1268,#1269);
#1271=IFCLOCALPLACEMENT(#1151,#1270);
#1272=IFCWALL('12Yri6CZ1ChhiX$2KAEway',$,'Office2-East',$,$,#1271,#1266,$,$);
#1273=IFCCARTESIANPOINT((14.075,7.5,0.));
#1274=IFCCARTESIANPOINT((14.075,15.,0.));
#1275=IFCCARTESIANPOINT((13.925,15.,0.));
#1276=IFCCARTESIANPOINT((13.925,7.5,0.));
#1277=IFCCARTESIANPOINT((14.075,7.5,0.));
#1278=IFCPOLYLINE((#1273,#1274,#1275,#1276,#1277));
#1279=IFCARBITRARYCLOSEDPROFILEDEF(.AREA.,$,#1278);
#1280=IFCDIRECTION((0.,0.,1.));
#1281=IFCEXTRUDEDAREASOLID(#1279,$,#1280,3.5);
#1282=IFCSHAPEREPRESENTATION(#11,'Body','SweptSolid',(#1281));
#1283=IFCPRODUCTDEFINITIONSHAPE($,$,(#1282));
#1284=IFCCARTESIANPOINT((0.,0.,0.));
#1285=IFCDIRECTION((0.,0.,1.));
#1286=IFCDIRECTION((1.,0.,0.));
#1287=IFCAXIS2PLACEMENT3D(#1284,#1285,#1286);
#1288=IFCLOCALPLACEMENT(#1151,#1287);
#1289=IFCWALL('0CJLTdqOD4GBlxFYWiOvUW',$,'Conf-West',$,$,#1288,#1283,$,$);
#1290=IFCCARTESIANPOINT((0.,0.,-0.2));
#1291=IFCCARTESIANPOINT((20.,0.,-0.2));
#1292=IFCCARTESIANPOINT((20.,15.,-0.2));
#1293=IFCCARTESIANPOINT((0.,15.,-0.2));
#1294=IFCCARTESIANPOINT((0.,0.,-0.2));
#1295=IFCPOLYLINE((#1290,#1291,#1292,#1293,#1294));
#1296=IFCARBITRARYCLOSEDPROFILEDEF(.AREA.,$,#1295);
#1297=IFCDIRECTION((0.,0.,1.));
#1298=IFCEXTRUDEDAREASOLID(#1296,$,#1297,0.2);
#1299=IFCSHAPEREPRESENTATION(#11,'Body','SweptSolid',(#1298));
#1300=IFCPRODUCTDEFINITIONSHAPE($,$,(#1299));
#1301=IFCCARTESIANPOINT((0.,0.,0.));
#1302=IFCDIRECTION((0.,0.,1.));
#1303=IFCDIRECTION((1.,0.,0.));
#1304=IFCAXIS2PLACEMENT3D(#1301,#1302,#1303);
#1305=IFCLOCALPLACEMENT(#1151,#1304);
#1306=IFCSLAB('0MqAUgPirEQxEGdykYrW9L',$,'First Floor Floor',$,$,#1305,#1300,$,.FLOOR.);
#1307=IFCCARTESIANPOINT((0.,0.,2.8));
#1308=IFCCARTESIANPOINT((20.,0.,2.8));
#1309=IFCCARTESIANPOINT((20.,15.,2.8));
#1310=IFCCARTESIANPOINT((0.,15.,2.8));
#1311=IFCCARTESIANPOINT((0.,0.,2.8));
#1312=IFCPOLYLINE((#1307,#1308,#1309,#1310,#1311));
#1313=IFCARBITRARYCLOSEDPROFILEDEF(.AREA.,$,#1312);
#1314=IFCDIRECTION((0.,0.,1.));
#1315=IFCEXTRUDEDAREASOLID(#1313,$,#1314,0.1);
#1316=IFCSHAPEREPRESENTATION(#11,'Body','SweptSolid',(#1315));
#1317=IFCPRODUCTDEFINITIONSHAPE($,$,(#1316));
#1318=IFCCARTESIANPOINT((0.,0.,0.));
#1319=IFCDIRECTION((0.,0.,1.));
#1320=IFCDIRECTION((1.,0.,0.));
#1321=IFCAXIS2PLACEMENT3D(#1318,#1319,#1320);
#1322=IFCLOCALPLACEMENT(#1151,#1321);
#1323=IFCSLAB('3UAAYLf9TFjRNaGjzn5dlJ',$,'First Floor Ceiling',$,$,#1322,#1317,$,.FLOOR.);
#1324=IFCCARTESIANPOINT((4.8,4.8,0.));
#1325=IFCCARTESIANPOINT((5.2,4.8,0.));
#1326=IFCCARTESIANPOINT((5.2,5.2,0.));
#1327=IFCCARTESIANPOINT((4.8,5.2,0.));
#1328=IFCCARTESIANPOINT((4.8,4.8,0.));
#1329=IFCPOLYLINE((#1324,#1325,#1326,#1327,#1328));
#1330=IFCARBITRARYCLOSEDPROFILEDEF(.AREA.,$,#1329);
#1331=IFCDIRECTION((0.,0.,1.));
#1332=IFCEXTRUDEDAREASOLID(#1330,$,#1331,3.5);
#1333=IFCSHAPEREPRESENTATION(#11,'Body','SweptSolid',(#1332));
#1334=IFCPRODUCTDEFINITIONSHAPE($,$,(#1333));
#1335=IFCCARTESIANPOINT((0.,0.,0.));
#1336=IFCDIRECTION((0.,0.,1.));
#1337=IFCDIRECTION((1.,0.,0.));
#1338=IFCAXIS2PLACEMENT3D(#1335,#1336,#1337);
#1339=IFCLOCALPLACEMENT(#1151,#1338);
#1340=IFCCOLUMN('1j2K3Imr90HPReVzPqYyWV',$,'C4',$,$,#1339,#1334,$,$);
#1341=IFCCARTESIANPOINT((9.8,4.8,0.));
#1342=IFCCARTESIANPOINT((10.2,4.8,0.));
#1343=IFCCARTESIANPOINT((10.2,5.2,0.));
#1344=IFCCARTESIANPOINT((9.8,5.2,0.));
#1345=IFCCARTESIANPOINT((9.8,4.8,0.));
#1346=IFCPOLYLINE((#1341,#1342,#1343,#1344,#1345));
#1347=IFCARBITRARYCLOSEDPROFILEDEF(.AREA.,$,#1346);
#1348=IFCDIRECTION((0.,0.,1.));
#1349=IFCEXTRUDEDAREASOLID(#1347,$,#1348,3.5);
#1350=IFCSHAPEREPRESENTATION(#11,'Body','SweptSolid',(#1349));
#1351=IFCPRODUCTDEFINITIONSHAPE($,$,(#1350));
#1352=IFCCARTESIANPOINT((0.,0.,0.));
#1353=IFCDIRECTION((0.,0.,1.));
#1354=IFCDIRECTION((1.,0.,0.));
#1355=IFCAXIS2PLACEMENT3D(#1352,#1353,#1354);
#1356=IFCLOCALPLACEMENT(#1151,#1355);
#1357=IFCCOLUMN('2SI05Eyzf3ivCrbF9UeVPC',$,'C5',$,$,#1356,#1351,$,$);
#1358=IFCCARTESIANPOINT((14.8,4.8,0.));
#1359=IFCCARTESIANPOINT((15.2,4.8,0.));
#1360=IFCCARTESIANPOINT((15.2,5.2,0.));
#1361=IFCCARTESIANPOINT((14.8,5.2,0.));
#1362=IFCCARTESIANPOINT((14.8,4.8,0.));
#1363=IFCPOLYLINE((#1358,#1359,#1360,#1361,#1362));
#1364=IFCARBITRARYCLOSEDPROFILEDEF(.AREA.,$,#1363);
#1365=IFCDIRECTION((0.,0.,1.));
#1366=IFCEXTRUDEDAREASOLID(#1364,$,#1365,3.5);
#1367=IFCSHAPEREPRESENTATION(#11,'Body','SweptSolid',(#1366));
#1368=IFCPRODUCTDEFINITIONSHAPE($,$,(#1367));
#1369=IFCCARTESIANPOINT((0.,0.,0.));
#1370=IFCDIRECTION((0.,0.,1.));
#1371=IFCDIRECTION((1.,0.,0.));
#1372=IFCAXIS2PLACEMENT3D(#1369,#1370,#1371);
#1373=IFCLOCALPLACEMENT(#1151,#1372);
#1374=IFCCOLUMN('0r3icfupb2Y9cQWagBia7T',$,'C6',$,$,#1373,#1368,$,$);
#1375=IFCCARTESIANPOINT((2.,7.35,0.));
#1376=IFCCARTESIANPOINT((3.,7.35,0.));
#1377=IFCCARTESIANPOINT((3.,7.65,0.));
#1378=IFCCARTESIANPOINT((2.,7.65,0.));
#1379=IFCCARTESIANPOINT((2.,7.35,0.));
#1380=IFCPOLYLINE((#1375,#1376,#1377,#1378,#1379));
#1381=IFCARBITRARYCLOSEDPROFILEDEF(.AREA.,$,#1380);
#1382=IFCDIRECTION((0.,0.,1.));
#1383=IFCEXTRUDEDAREASOLID(#1381,$,#1382,2.1);
#1384=IFCSHAPEREPRESENTATION(#11,'Body','SweptSolid',(#1383));
#1385=IFCPRODUCTDEFINITIONSHAPE($,$,(#1384));
#1386=IFCCARTESIANPOINT((0.,0.,0.));
#1387=IFCDIRECTION((0.,0.,1.));
#1388=IFCDIRECTION((1.,0.,0.));
#1389=IFCAXIS2PLACEMENT3D(#1386,#1387,#1388);
#1390=IFCLOCALPLACEMENT(#1151,#1389);
#1391=IFCOPENINGELEMENT('1yXvmI1dLCHAasWB$i0Q59',$,'Opening for CEO Door',$,$,#1390,#1385,$,$);
#1392=IFCRELVOIDSELEMENT('0KO8sO72D75ASxLwbojO2k',$,'Wall Opening',$,#1238,#1391);
#1393=IFCCARTESIANPOINT((2.,7.5,0.));
#1394=IFCCARTESIANPOINT((3.,7.5,0.));
#1395=IFCCARTESIANPOINT((3.,7.55,0.));
#1396=IFCCARTESIANPOINT((2.,7.55,0.));
#1397=IFCCARTESIANPOINT((2.,7.5,0.));
#1398=IFCPOLYLINE((#1393,#1394,#1395,#1396,#1397));
#1399=IFCARBITRARYCLOSEDPROFILEDEF(.AREA.,$,#1398);
#1400=IFCDIRECTION((0.,0.,1.));
#1401=IFCEXTRUDEDAREASOLID(#1399,$,#1400,2.1);
#1402=IFCSHAPEREPRESENTATION(#11,'Body','SweptSolid',(#1401));
#1403=IFCPRODUCTDEFINITIONSHAPE($,$,(#1402));
#1404=IFCCARTESIANPOINT((0.,0.,0.));
#1405=IFCDIRECTION((0.,0.,1.));
#1406=IFCDIRECTION((1.,0.,0.));
#1407=IFCAXIS2PLACEMENT3D(#1404,#1405,#1406);
#1408=IFCLOCALPLACEMENT(#1151,#1407);
#1409=IFCDOOR('0YGo6_qFb4g9p6g0ZZWKsU',$,'CEO Door',$,$,#1408,#1403,$,2.1,1.,$,$,$);
#1410=IFCRELFILLSELEMENT('2O3Zm9ubb6yejgD_z9siU5',$,'Door Fill',$,#1391,#1409);
#1411=IFCSTYLEDITEM(#1401,(#53),'ExecutiveOak');
#1412=IFCCARTESIANPOINT((0.15,6.25,0.9));
#1413=IFCCARTESIANPOINT((0.15,7.75,0.9));
#1414=IFCCARTESIANPOINT((-0.15,7.75,0.9));
#1415=IFCCARTESIANPOINT((-0.15,6.25,0.9));
#1416=IFCCARTESIANPOINT((0.15,6.25,0.9));
#1417=IFCPOLYLINE((#1412,#1413,#1414,#1415,#1416));
#1418=IFCARBITRARYCLOSEDPROFILEDEF(.AREA.,$,#1417);
#1419=IFCDIRECTION((0.,0.,1.));
#1420=IFCEXTRUDEDAREASOLID(#1418,$,#1419,2.7);
#1421=IFCSHAPEREPRESENTATION(#11,'Body','SweptSolid',(#1420));
#1422=IFCPRODUCTDEFINITIONSHAPE($,$,(#1421));
#1423=IFCCARTESIANPOINT((0.,0.,0.));
#1424=IFCDIRECTION((0.,0.,1.));
#1425=IFCDIRECTION((1.,0.,0.));
#1426=IFCAXIS2PLACEMENT3D(#1423,#1424,#1425);
#1427=IFCLOCALPLACEMENT(#1151,#1426);
#1428=IFCOPENINGELEMENT('3c8N4tQyX6weqIghqY2Cz2',$,'Opening for W8',$,$,#1427,#1422,$,$);
#1429=IFCRELVOIDSELEMENT('1VO4zt1Yv0GxEFAir4TV4B',$,'Wall Opening',$,#1221,#1428);
#1430=IFCCARTESIANPOINT((-4.59242549680257E-17,6.25,0.9));
#1431=IFCCARTESIANPOINT((4.59242549680257E-17,7.75,0.9));
#1432=IFCCARTESIANPOINT((-0.02,7.75,0.9));
#1433=IFCCARTESIANPOINT((-0.02,6.25,0.9));
#1434=IFCCARTESIANPOINT((-4.59242549680257E-17,6.25,0.9));
#1435=IFCPOLYLINE((#1430,#1431,#1432,#1433,#1434));
#1436=IFCARBITRARYCLOSEDPROFILEDEF(.AREA.,$,#1435);
#1437=IFCDIRECTION((0.,0.,1.));
#1438=IFCEXTRUDEDAREASOLID(#1436,$,#1437,2.7);
#1439=IFCSHAPEREPRESENTATION(#11,'Body','SweptSolid',(#1438));
#1440=IFCPRODUCTDEFINITIONSHAPE($,$,(#1439));
#1441=IFCCARTESIANPOINT((0.,0.,0.));
#1442=IFCDIRECTION((0.,0.,1.));
#1443=IFCDIRECTION((1.,0.,0.));
#1444=IFCAXIS2PLACEMENT3D(#1441,#1442,#1443);
#1445=IFCLOCALPLACEMENT(#1151,#1444);
#1446=IFCWINDOW('0EOjaXn6zC2vYn2IwuRxCK',$,'W8',$,$,#1445,#1440,$,2.7,1.5,$,$,$);
#1447=IFCRELFILLSELEMENT('3f322dMcX8rOgOaDcZiiMi',$,'Window Fill',$,#1428,#1446);
#1448=IFCCARTESIANPOINT((1.,14.85,0.9));
#1449=IFCCARTESIANPOINT((3.,14.85,0.9));
#1450=IFCCARTESIANPOINT((3.,15.15,0.9));
#1451=IFCCARTESIANPOINT((1.,15.15,0.9));
#1452=IFCCARTESIANPOINT((1.,14.85,0.9));
#1453=IFCPOLYLINE((#1448,#1449,#1450,#1451,#1452));
#1454=IFCARBITRARYCLOSEDPROFILEDEF(.AREA.,$,#1453);
#1455=IFCDIRECTION((0.,0.,1.));
#1456=IFCEXTRUDEDAREASOLID(#1454,$,#1455,2.);
#1457=IFCSHAPEREPRESENTATION(#11,'Body','SweptSolid',(#1456));
#1458=IFCPRODUCTDEFINITIONSHAPE($,$,(#1457));
#1459=IFCCARTESIANPOINT((0.,0.,0.));
#1460=IFCDIRECTION((0.,0.,1.));
#1461=IFCDIRECTION((1.,0.,0.));
#1462=IFCAXIS2PLACEMENT3D(#1459,#1460,#1461);
#1463=IFCLOCALPLACEMENT(#1151,#1462);
#1464=IFCOPENINGELEMENT('3Hp4_kBv94DRGaKj6HAd6X',$,'Opening for W9',$,$,#1463,#1458,$,$);
#1465=IFCRELVOIDSELEMENT('0kESzzDb174ua$AVntY20d',$,'Wall Opening',$,#1170,#1464);
#1466=IFCCARTESIANPOINT((1.,15.,0.9));
#1467=IFCCARTESIANPOINT((3.,15.,0.9));
#1468=IFCCARTESIANPOINT((3.,15.02,0.9));
#1469=IFCCARTESIANPOINT((1.,15.02,0.9));
#1470=IFCCARTESIANPOINT((1.,15.,0.9));
#1471=IFCPOLYLINE((#1466,#1467,#1468,#1469,#1470));
#1472=IFCARBITRARYCLOSEDPROFILEDEF(.AREA.,$,#1471);
#1473=IFCDIRECTION((0.,0.,1.));
#1474=IFCEXTRUDEDAREASOLID(#1472,$,#1473,2.);
#1475=IFCSHAPEREPRESENTATION(#11,'Body','SweptSolid',(#1474));
#1476=IFCPRODUCTDEFINITIONSHAPE($,$,(#1475));
#1477=IFCCARTESIANPOINT((0.,0.,0.));
#1478=IFCDIRECTION((0.,0.,1.));
#1479=IFCDIRECTION((1.,0.,0.));
#1480=IFCAXIS2PLACEMENT3D(#1477,#1478,#1479);
#1481=IFCLOCALPLACEMENT(#1151,#1480);
#1482=IFCWINDOW('3JCB5Eo3HBTOIFV0N5OrOd',$,'W9',$,$,#1481,#1476,$,2.,2.,$,$,$);
#1483=IFCRELFILLSELEMENT('0eWAUO2yj0GBhZDYeB793O',$,'Window Fill',$,#1464,#1482);
#1484=IFCCARTESIANPOINT((3.5,11.5,0.));
#1485=IFCCARTESIANPOINT((1.5,11.5,0.));
#1486=IFCCARTESIANPOINT((1.5,10.5,0.));
#1487=IFCCARTESIANPOINT((3.5,10.5,0.));
#1488=IFCCARTESIANPOINT((3.5,11.5,0.));
#1489=IFCPOLYLINE((#1484,#1485,#1486,#1487,#1488));
#1490=IFCARBITRARYCLOSEDPROFILEDEF(.AREA.,$,#1489);
#1491=IFCDIRECTION((0.,0.,1.));
#1492=IFCEXTRUDEDAREASOLID(#1490,$,#1491,0.75);
#1493=IFCSHAPEREPRESENTATION(#11,'Body','SweptSolid',(#1492));
#1494=IFCPRODUCTDEFINITIONSHAPE($,$,(#1493));
#1495=IFCCARTESIANPOINT((0.,0.,0.));
#1496=IFCDIRECTION((0.,0.,1.));
#1497=IFCDIRECTION((1.,0.,0.));
#1498=IFCAXIS2PLACEMENT3D(#1495,#1496,#1497);
#1499=IFCLOCALPLACEMENT(#1151,#1498);
#1500=IFCFURNISHINGELEMENT('0tF$vPN_D84AFkkhyxr8eC',$,'ExecutiveDesk',$,$,#1499,#1494,$);
#1501=IFCCARTESIANPOINT((2.8,12.3,0.));
#1502=IFCCARTESIANPOINT((2.2,12.3,0.));
#1503=IFCCARTESIANPOINT((2.2,11.7,0.));
#1504=IFCCARTESIANPOINT((2.8,11.7,0.));
#1505=IFCCARTESIANPOINT((2.8,12.3,0.));
#1506=IFCPOLYLINE((#1501,#1502,#1503,#1504,#1505));
#1507=IFCARBITRARYCLOSEDPROFILEDEF(.AREA.,$,#1506);
#1508=IFCDIRECTION((0.,0.,1.));
#1509=IFCEXTRUDEDAREASOLID(#1507,$,#1508,0.45);
#1510=IFCSHAPEREPRESENTATION(#11,'Body','SweptSolid',(#1509));
#1511=IFCPRODUCTDEFINITIONSHAPE($,$,(#1510));
#1512=IFCCARTESIANPOINT((0.,0.,0.));
#1513=IFCDIRECTION((0.,0.,1.));
#1514=IFCDIRECTION((1.,0.,0.));
#1515=IFCAXIS2PLACEMENT3D(#1512,#1513,#1514);
#1516=IFCLOCALPLACEMENT(#1151,#1515);
#1517=IFCFURNISHINGELEMENT('0hdbSVNYnFbxrOKQaitUTF',$,'OfficeChair',$,$,#1516,#1511,$);
#1518=IFCCARTESIANPOINT((1.1,9.4,0.));
#1519=IFCCARTESIANPOINT((1.1,8.6,0.));
#1520=IFCCARTESIANPOINT((1.9,8.6,0.));
#1521=IFCCARTESIANPOINT((1.9,9.4,0.));
#1522=IFCCARTESIANPOINT((1.1,9.4,0.));
#1523=IFCPOLYLINE((#1518,#1519,#1520,#1521,#1522));
#1524=IFCARBITRARYCLOSEDPROFILEDEF(.AREA.,$,#1523);
#1525=IFCDIRECTION((0.,0.,1.));
#1526=IFCEXTRUDEDAREASOLID(#1524,$,#1525,0.75);
#1527=IFCSHAPEREPRESENTATION(#11,'Body','SweptSolid',(#1526));
#1528=IFCPRODUCTDEFINITIONSHAPE($,$,(#1527));
#1529=IFCCARTESIANPOINT((0.,0.,0.));
#1530=IFCDIRECTION((0.,0.,1.));
#1531=IFCDIRECTION((1.,0.,0.));
#1532=IFCAXIS2PLACEMENT3D(#1529,#1530,#1531);
#1533=IFCLOCALPLACEMENT(#1151,#1532);
#1534=IFCFURNISHINGELEMENT('11K$KAngDEYA3LoNxXYB6D',$,'LoungeChair',$,$,#1533,#1528,$);
#1535=IFCCARTESIANPOINT((3.9,13.825,0.));
#1536=IFCCARTESIANPOINT((5.1,13.825,0.));
#1537=IFCCARTESIANPOINT((5.1,14.175,0.));
#1538=IFCCARTESIANPOINT((3.9,14.175,0.));
#1539=IFCCARTESIANPOINT((3.9,13.825,0.));
#1540=IFCPOLYLINE((#1535,#1536,#1537,#1538,#1539));
#1541=IFCARBITRARYCLOSEDPROFILEDEF(.AREA.,$,#1540);
#1542=IFCDIRECTION((0.,0.,1.));
#1543=IFCEXTRUDEDAREASOLID(#1541,$,#1542,2.);
#1544=IFCSHAPEREPRESENTATION(#11,'Body','SweptSolid',(#1543));
#1545=IFCPRODUCTDEFINITIONSHAPE($,$,(#1544));
#1546=IFCCARTESIANPOINT((0.,0.,0.));
#1547=IFCDIRECTION((0.,0.,1.));
#1548=IFCDIRECTION((1.,0.,0.));
#1549=IFCAXIS2PLACEMENT3D(#1546,#1547,#1548);
#1550=IFCLOCALPLACEMENT(#1151,#1549);
#1551=IFCFURNISHINGELEMENT('2Ux3va8wjB_Qu7Cr7I66xn',$,'Bookshelf',$,$,#1550,#1545,$);
#1552=IFCCARTESIANPOINT((7.,7.35,0.));
#1553=IFCCARTESIANPOINT((8.,7.35,0.));
#1554=IFCCARTESIANPOINT((8.,7.65,0.));
#1555=IFCCARTESIANPOINT((7.,7.65,0.));
#1556=IFCCARTESIANPOINT((7.,7.35,0.));
#1557=IFCPOLYLINE((#1552,#1553,#1554,#1555,#1556));
#1558=IFCARBITRARYCLOSEDPROFILEDEF(.AREA.,$,#1557);
#1559=IFCDIRECTION((0.,0.,1.));
#1560=IFCEXTRUDEDAREASOLID(#1558,$,#1559,2.1);
#1561=IFCSHAPEREPRESENTATION(#11,'Body','SweptSolid',(#1560));
#1562=IFCPRODUCTDEFINITIONSHAPE($,$,(#1561));
#1563=IFCCARTESIANPOINT((0.,0.,0.));
#1564=IFCDIRECTION((0.,0.,1.));
#1565=IFCDIRECTION((1.,0.,0.));
#1566=IFCAXIS2PLACEMENT3D(#1563,#1564,#1565);
#1567=IFCLOCALPLACEMENT(#1151,#1566);
#1568=IFCOPENINGELEMENT('3z2NV9R5vD4QHqqaf0sLrf',$,'Opening for CTO Door',$,$,#1567,#1562,$,$);
#1569=IFCRELVOIDSELEMENT('3SzNIruUL6_Qr_1lmBRg8d',$,'Wall Opening',$,#1238,#1568);
#1570=IFCCARTESIANPOINT((7.,7.5,0.));
#1571=IFCCARTESIANPOINT((8.,7.5,0.));
#1572=IFCCARTESIANPOINT((8.,7.55,0.));
#1573=IFCCARTESIANPOINT((7.,7.55,0.));
#1574=IFCCARTESIANPOINT((7.,7.5,0.));
#1575=IFCPOLYLINE((#1570,#1571,#1572,#1573,#1574));
#1576=IFCARBITRARYCLOSEDPROFILEDEF(.AREA.,$,#1575);
#1577=IFCDIRECTION((0.,0.,1.));
#1578=IFCEXTRUDEDAREASOLID(#1576,$,#1577,2.1);
#1579=IFCSHAPEREPRESENTATION(#11,'Body','SweptSolid',(#1578));
#1580=IFCPRODUCTDEFINITIONSHAPE($,$,(#1579));
#1581=IFCCARTESIANPOINT((0.,0.,0.));
#1582=IFCDIRECTION((0.,0.,1.));
#1583=IFCDIRECTION((1.,0.,0.));
#1584=IFCAXIS2PLACEMENT3D(#1581,#1582,#1583);
#1585=IFCLOCALPLACEMENT(#1151,#1584);
#1586=IFCDOOR('2ucsMiutX5ywEiLFNGNCcK',$,'CTO Door',$,$,#1585,#1580,$,2.1,1.,$,$,$);
#1587=IFCRELFILLSELEMENT('13Mnbcy3LBmhHF6LrBMQaW',$,'Door Fill',$,#1568,#1586);
#1588=IFCSTYLEDITEM(#1578,(#53),'ExecutiveOak');
#1589=IFCCARTESIANPOINT((6.4,14.85,0.9));
#1590=IFCCARTESIANPOINT((7.6,14.85,0.9));
#1591=IFCCARTESIANPOINT((7.6,15.15,0.9));
#1592=IFCCARTESIANPOINT((6.4,15.15,0.9));
#1593=IFCCARTESIANPOINT((6.4,14.85,0.9));
#1594=IFCPOLYLINE((#1589,#1590,#1591,#1592,#1593));
#1595=IFCARBITRARYCLOSEDPROFILEDEF(.AREA.,$,#1594);
#1596=IFCDIRECTION((0.,0.,1.));
#1597=IFCEXTRUDEDAREASOLID(#1595,$,#1596,1.5);
#1598=IFCSHAPEREPRESENTATION(#11,'Body','SweptSolid',(#1597));
#1599=IFCPRODUCTDEFINITIONSHAPE($,$,(#1598));
#1600=IFCCARTESIANPOINT((0.,0.,0.));
#1601=IFCDIRECTION((0.,0.,1.));
#1602=IFCDIRECTION((1.,0.,0.));
#1603=IFCAXIS2PLACEMENT3D(#1600,#1601,#1602);
#1604=IFCLOCALPLACEMENT(#1151,#1603);
#1605=IFCOPENINGELEMENT('2_$D5$KKP6d8aOjXPrsc59',$,'Opening for W10',$,$,#1604,#1599,$,$);
#1606=IFCRELVOIDSELEMENT('2e6_usXmf2CeH8HMSDvU$U',$,'Wall Opening',$,#1170,#1605);
#1607=IFCCARTESIANPOINT((6.4,15.,0.9));
#1608=IFCCARTESIANPOINT((7.6,15.,0.9));
#1609=IFCCARTESIANPOINT((7.6,15.02,0.9));
#1610=IFCCARTESIANPOINT((6.4,15.02,0.9));
#1611=IFCCARTESIANPOINT((6.4,15.,0.9));
#1612=IFCPOLYLINE((#1607,#1608,#1609,#1610,#1611));
#1613=IFCARBITRARYCLOSEDPROFILEDEF(.AREA.,$,#1612);
#1614=IFCDIRECTION((0.,0.,1.));
#1615=IFCEXTRUDEDAREASOLID(#1613,$,#1614,1.5);
#1616=IFCSHAPEREPRESENTATION(#11,'Body','SweptSolid',(#1615));
#1617=IFCPRODUCTDEFINITIONSHAPE($,$,(#1616));
#1618=IFCCARTESIANPOINT((0.,0.,0.));
#1619=IFCDIRECTION((0.,0.,1.));
#1620=IFCDIRECTION((1.,0.,0.));
#1621=IFCAXIS2PLACEMENT3D(#1618,#1619,#1620);
#1622=IFCLOCALPLACEMENT(#1151,#1621);
#1623=IFCWINDOW('0dlCPchlL0lenIfGN7w3Zh',$,'W10',$,$,#1622,#1617,$,1.5,1.2,$,$,$);
#1624=IFCRELFILLSELEMENT('0pH9$dktH9aPysqQPWWjrG',$,'Window Fill',$,#1605,#1623);
#1625=IFCSTYLEDITEM(#1615,(#38),'WindowGlass');
#1626=IFCCARTESIANPOINT((8.5,11.5,0.));
#1627=IFCCARTESIANPOINT((6.5,11.5,0.));
#1628=IFCCARTESIANPOINT((6.5,10.5,0.));
#1629=IFCCARTESIANPOINT((8.5,10.5,0.));
#1630=IFCCARTESIANPOINT((8.5,11.5,0.));
#1631=IFCPOLYLINE((#1626,#1627,#1628,#1629,#1630));
#1632=IFCARBITRARYCLOSEDPROFILEDEF(.AREA.,$,#1631);
#1633=IFCDIRECTION((0.,0.,1.));
#1634=IFCEXTRUDEDAREASOLID(#1632,$,#1633,0.75);
#1635=IFCSHAPEREPRESENTATION(#11,'Body','SweptSolid',(#1634));
#1636=IFCPRODUCTDEFINITIONSHAPE($,$,(#1635));
#1637=IFCCARTESIANPOINT((0.,0.,0.));
#1638=IFCDIRECTION((0.,0.,1.));
#1639=IFCDIRECTION((1.,0.,0.));
#1640=IFCAXIS2PLACEMENT3D(#1637,#1638,#1639);
#1641=IFCLOCALPLACEMENT(#1151,#1640);
#1642=IFCFURNISHINGELEMENT('1dfWRnttX3bwq3c0XRrwjI',$,'ExecutiveDesk',$,$,#1641,#1636,$);
#1643=IFCCARTESIANPOINT((7.8,12.3,0.));
#1644=IFCCARTESIANPOINT((7.2,12.3,0.));
#1645=IFCCARTESIANPOINT((7.2,11.7,0.));
#1646=IFCCARTESIANPOINT((7.8,11.7,0.));
#1647=IFCCARTESIANPOINT((7.8,12.3,0.));
#1648=IFCPOLYLINE((#1643,#1644,#1645,#1646,#1647));
#1649=IFCARBITRARYCLOSEDPROFILEDEF(.AREA.,$,#1648);
#1650=IFCDIRECTION((0.,0.,1.));
#1651=IFCEXTRUDEDAREASOLID(#1649,$,#1650,0.45);
#1652=IFCSHAPEREPRESENTATION(#11,'Body','SweptSolid',(#1651));
#1653=IFCPRODUCTDEFINITIONSHAPE($,$,(#1652));
#1654=IFCCARTESIANPOINT((0.,0.,0.));
#1655=IFCDIRECTION((0.,0.,1.));
#1656=IFCDIRECTION((1.,0.,0.));
#1657=IFCAXIS2PLACEMENT3D(#1654,#1655,#1656);
#1658=IFCLOCALPLACEMENT(#1151,#1657);
#1659=IFCFURNISHINGELEMENT('13kp4LvTvC_fnODKEDaTB1',$,'OfficeChair',$,$,#1658,#1653,$);
#1660=IFCCARTESIANPOINT((9.275,13.775,0.));
#1661=IFCCARTESIANPOINT((9.725,13.775,0.));
#1662=IFCCARTESIANPOINT((9.725,14.225,0.));
#1663=IFCCARTESIANPOINT((9.275,14.225,0.));
#1664=IFCCARTESIANPOINT((9.275,13.775,0.));
#1665=IFCPOLYLINE((#1660,#1661,#1662,#1663,#1664));
#1666=IFCARBITRARYCLOSEDPROFILEDEF(.AREA.,$,#1665);
#1667=IFCDIRECTION((0.,0.,1.));
#1668=IFCEXTRUDEDAREASOLID(#1666,$,#1667,1.4);
#1669=IFCSHAPEREPRESENTATION(#11,'Body','SweptSolid',(#1668));
#1670=IFCPRODUCTDEFINITIONSHAPE($,$,(#1669));
#1671=IFCCARTESIANPOINT((0.,0.,0.));
#1672=IFCDIRECTION((0.,0.,1.));
#1673=IFCDIRECTION((1.,0.,0.));
#1674=IFCAXIS2PLACEMENT3D(#1671,#1672,#1673);
#1675=IFCLOCALPLACEMENT(#1151,#1674);
#1676=IFCFURNISHINGELEMENT('07I_JvU6jBBu6NvPhCxkJT',$,'FilingCabinet',$,$,#1675,#1670,$);
#1677=IFCCARTESIANPOINT((14.15,9.6,0.));
#1678=IFCCARTESIANPOINT((14.15,11.4,0.));
#1679=IFCCARTESIANPOINT((13.85,11.4,0.));
#1680=IFCCARTESIANPOINT((13.85,9.6,0.));
#1681=IFCCARTESIANPOINT((14.15,9.6,0.));
#1682=IFCPOLYLINE((#1677,#1678,#1679,#1680,#1681));
#1683=IFCARBITRARYCLOSEDPROFILEDEF(.AREA.,$,#1682);
#1684=IFCDIRECTION((0.,0.,1.));
#1685=IFCEXTRUDEDAREASOLID(#1683,$,#1684,2.1);
#1686=IFCSHAPEREPRESENTATION(#11,'Body','SweptSolid',(#1685));
#1687=IFCPRODUCTDEFINITIONSHAPE($,$,(#1686));
#1688=IFCCARTESIANPOINT((0.,0.,0.));
#1689=IFCDIRECTION((0.,0.,1.));
#1690=IFCDIRECTION((1.,0.,0.));
#1691=IFCAXIS2PLACEMENT3D(#1688,#1689,#1690);
#1692=IFCLOCALPLACEMENT(#1151,#1691);
#1693=IFCOPENINGELEMENT('1FWmeqeD53uxiLJW$vBpdY',$,'Opening for Board Room Door',$,$,#1692,#1687,$,$);
#1694=IFCRELVOIDSELEMENT('1wcMLWiBX94vATwsJ_Vvzm',$,'Wall Opening',$,#1289,#1693);
#1695=IFCCARTESIANPOINT((14.,9.6,0.));
#1696=IFCCARTESIANPOINT((14.,11.4,0.));
#1697=IFCCARTESIANPOINT((13.95,11.4,0.));
#1698=IFCCARTESIANPOINT((13.95,9.6,0.));
#1699=IFCCARTESIANPOINT((14.,9.6,0.));
#1700=IFCPOLYLINE((#1695,#1696,#1697,#1698,#1699));
#1701=IFCARBITRARYCLOSEDPROFILEDEF(.AREA.,$,#1700);
#1702=IFCDIRECTION((0.,0.,1.));
#1703=IFCEXTRUDEDAREASOLID(#1701,$,#1702,2.1);
#1704=IFCSHAPEREPRESENTATION(#11,'Body','SweptSolid',(#1703));
#1705=IFCPRODUCTDEFINITIONSHAPE($,$,(#1704));
#1706=IFCCARTESIANPOINT((0.,0.,0.));
#1707=IFCDIRECTION((0.,0.,1.));
#1708=IFCDIRECTION((1.,0.,0.));
#1709=IFCAXIS2PLACEMENT3D(#1706,#1707,#1708);
#1710=IFCLOCALPLACEMENT(#1151,#1709);
#1711=IFCDOOR('0GKhte6LP86wNEDrkoK8rV',$,'Board Room Door',$,$,#1710,#1705,$,2.1,1.8,$,$,$);
#1712=IFCRELFILLSELEMENT('2A6Oy3grfApgphhqLRaZ6Y',$,'Door Fill',$,#1693,#1711);
#1713=IFCSTYLEDITEM(#1703,(#29),'DoorOak');
#1714=IFCCARTESIANPOINT((13.8,14.85,0.9));
#1715=IFCCARTESIANPOINT((16.2,14.85,0.9));
#1716=IFCCARTESIANPOINT((16.2,15.15,0.9));
#1717=IFCCARTESIANPOINT((13.8,15.15,0.9));
#1718=IFCCARTESIANPOINT((13.8,14.85,0.9));
#1719=IFCPOLYLINE((#1714,#1715,#1716,#1717,#1718));
#1720=IFCARBITRARYCLOSEDPROFILEDEF(.AREA.,$,#1719);
#1721=IFCDIRECTION((0.,0.,1.));
#1722=IFCEXTRUDEDAREASOLID(#1720,$,#1721,1.8);
#1723=IFCSHAPEREPRESENTATION(#11,'Body','SweptSolid',(#1722));
#1724=IFCPRODUCTDEFINITIONSHAPE($,$,(#1723));
#1725=IFCCARTESIANPOINT((0.,0.,0.));
#1726=IFCDIRECTION((0.,0.,1.));
#1727=IFCDIRECTION((1.,0.,0.));
#1728=IFCAXIS2PLACEMENT3D(#1725,#1726,#1727);
#1729=IFCLOCALPLACEMENT(#1151,#1728);
#1730=IFCOPENINGELEMENT('0C42DlEh1ByOtFQ0cbtj2y',$,'Opening for W11',$,$,#1729,#1724,$,$);
#1731=IFCRELVOIDSELEMENT('1bnqBE5qr9OQUNEKM$hJAn',$,'Wall Opening',$,#1170,#1730);
#1732=IFCCARTESIANPOINT((13.8,15.,0.9));
#1733=IFCCARTESIANPOINT((16.2,15.,0.9));
#1734=IFCCARTESIANPOINT((16.2,15.02,0.9));
#1735=IFCCARTESIANPOINT((13.8,15.02,0.9));
#1736=IFCCARTESIANPOINT((13.8,15.,0.9));
#1737=IFCPOLYLINE((#1732,#1733,#1734,#1735,#1736));
#1738=IFCARBITRARYCLOSEDPROFILEDEF(.AREA.,$,#1737);
#1739=IFCDIRECTION((0.,0.,1.));
#1740=IFCEXTRUDEDAREASOLID(#1738,$,#1739,1.8);
#1741=IFCSHAPEREPRESENTATION(#11,'Body','SweptSolid',(#1740));
#1742=IFCPRODUCTDEFINITIONSHAPE($,$,(#1741));
#1743=IFCCARTESIANPOINT((0.,0.,0.));
#1744=IFCDIRECTION((0.,0.,1.));
#1745=IFCDIRECTION((1.,0.,0.));
#1746=IFCAXIS2PLACEMENT3D(#1743,#1744,#1745);
#1747=IFCLOCALPLACEMENT(#1151,#1746);
#1748=IFCWINDOW('1cEsbiBQnBhPQ8rTXW$MEf',$,'W11',$,$,#1747,#1742,$,1.8,2.4,$,$,$);
#1749=IFCRELFILLSELEMENT('36tFL5GiD2Q8UkW5DqU3lE',$,'Window Fill',$,#1730,#1748);
#1750=IFCSTYLEDITEM(#1740,(#38),'WindowGlass');
#1751=IFCCARTESIANPOINT((19.85,4.2,0.9));
#1752=IFCCARTESIANPOINT((19.85,1.8,0.9));
#1753=IFCCARTESIANPOINT((20.15,1.8,0.9));
#1754=IFCCARTESIANPOINT((20.15,4.2,0.9));
#1755=IFCCARTESIANPOINT((19.85,4.2,0.9));
#1756=IFCPOLYLINE((#1751,#1752,#1753,#1754,#1755));
#1757=IFCARBITRARYCLOSEDPROFILEDEF(.AREA.,$,#1756);
#1758=IFCDIRECTION((0.,0.,1.));
#1759=IFCEXTRUDEDAREASOLID(#1757,$,#1758,1.8);
#1760=IFCSHAPEREPRESENTATION(#11,'Body','SweptSolid',(#1759));
#1761=IFCPRODUCTDEFINITIONSHAPE($,$,(#1760));
#1762=IFCCARTESIANPOINT((0.,0.,0.));
#1763=IFCDIRECTION((0.,0.,1.));
#1764=IFCDIRECTION((1.,0.,0.));
#1765=IFCAXIS2PLACEMENT3D(#1762,#1763,#1764);
#1766=IFCLOCALPLACEMENT(#1151,#1765);
#1767=IFCOPENINGELEMENT('33rg3Y$Sz1CuO67JqW0tOy',$,'Opening for W12',$,$,#1766,#1761,$,$);
#1768=IFCRELVOIDSELEMENT('0v4RWEP3P9I9DEyPBBKG4m',$,'Wall Opening',$,#1187,#1767);
#1769=IFCCARTESIANPOINT((20.,4.2,0.9));
#1770=IFCCARTESIANPOINT((20.,1.8,0.9));
#1771=IFCCARTESIANPOINT((20.02,1.8,0.9));
#1772=IFCCARTESIANPOINT((20.02,4.2,0.9));
#1773=IFCCARTESIANPOINT((20.,4.2,0.9));
#1774=IFCPOLYLINE((#1769,#1770,#1771,#1772,#1773));
#1775=IFCARBITRARYCLOSEDPROFILEDEF(.AREA.,$,#1774);
#1776=IFCDIRECTION((0.,0.,1.));
#1777=IFCEXTRUDEDAREASOLID(#1775,$,#1776,1.8);
#1778=IFCSHAPEREPRESENTATION(#11,'Body','SweptSolid',(#1777));
#1779=IFCPRODUCTDEFINITIONSHAPE($,$,(#1778));
#1780=IFCCARTESIANPOINT((0.,0.,0.));
#1781=IFCDIRECTION((0.,0.,1.));
#1782=IFCDIRECTION((1.,0.,0.));
#1783=IFCAXIS2PLACEMENT3D(#1780,#1781,#1782);
#1784=IFCLOCALPLACEMENT(#1151,#1783);
#1785=IFCWINDOW('1K9Al5hoDDjh38WI1Ox_hU',$,'W12',$,$,#1784,#1779,$,1.8,2.4,$,$,$);
#1786=IFCRELFILLSELEMENT('2dtBeQ64vBZft90hW3L_C2',$,'Window Fill',$,#1767,#1785);
#1787=IFCSTYLEDITEM(#1777,(#38),'WindowGlass');
#1788=IFCCARTESIANPOINT((13.5,10.4,0.));
#1789=IFCCARTESIANPOINT((16.5,10.4,0.));
#1790=IFCCARTESIANPOINT((16.5,11.6,0.));
#1791=IFCCARTESIANPOINT((13.5,11.6,0.));
#1792=IFCCARTESIANPOINT((13.5,10.4,0.));
#1793=IFCPOLYLINE((#1788,#1789,#1790,#1791,#1792));
#1794=IFCARBITRARYCLOSEDPROFILEDEF(.AREA.,$,#1793);
#1795=IFCDIRECTION((0.,0.,1.));
#1796=IFCEXTRUDEDAREASOLID(#1794,$,#1795,0.72);
#1797=IFCSHAPEREPRESENTATION(#11,'Body','SweptSolid',(#1796));
#1798=IFCPRODUCTDEFINITIONSHAPE($,$,(#1797));
#1799=IFCCARTESIANPOINT((0.,0.,0.));
#1800=IFCDIRECTION((0.,0.,1.));
#1801=IFCDIRECTION((1.,0.,0.));
#1802=IFCAXIS2PLACEMENT3D(#1799,#1800,#1801);
#1803=IFCLOCALPLACEMENT(#1151,#1802);
#1804=IFCFURNISHINGELEMENT('1ZYlfAi4jF$wBlxX9EfvMd',$,'ConferenceTable',$,$,#1803,#1798,$);
#1805=IFCCARTESIANPOINT((12.7,11.3,0.));
#1806=IFCCARTESIANPOINT((12.7,10.7,0.));
#1807=IFCCARTESIANPOINT((13.3,10.7,0.));
#1808=IFCCARTESIANPOINT((13.3,11.3,0.));
#1809=IFCCARTESIANPOINT((12.7,11.3,0.));
#1810=IFCPOLYLINE((#1805,#1806,#1807,#1808,#1809));
#1811=IFCARBITRARYCLOSEDPROFILEDEF(.AREA.,$,#1810);
#1812=IFCDIRECTION((0.,0.,1.));
#1813=IFCEXTRUDEDAREASOLID(#1811,$,#1812,0.45);
#1814=IFCSHAPEREPRESENTATION(#11,'Body','SweptSolid',(#1813));
#1815=IFCPRODUCTDEFINITIONSHAPE($,$,(#1814));
#1816=IFCCARTESIANPOINT((0.,0.,0.));
#1817=IFCDIRECTION((0.,0.,1.));
#1818=IFCDIRECTION((1.,0.,0.));
#1819=IFCAXIS2PLACEMENT3D(#1816,#1817,#1818);
#1820=IFCLOCALPLACEMENT(#1151,#1819);
#1821=IFCFURNISHINGELEMENT('3l3l943BfAzR1K0wT4vpSp',$,'OfficeChair',$,$,#1820,#1815,$);
#1822=IFCCARTESIANPOINT((17.3,10.7,0.));
#1823=IFCCARTESIANPOINT((17.3,11.3,0.));
#1824=IFCCARTESIANPOINT((16.7,11.3,0.));
#1825=IFCCARTESIANPOINT((16.7,10.7,0.));
#1826=IFCCARTESIANPOINT((17.3,10.7,0.));
#1827=IFCPOLYLINE((#1822,#1823,#1824,#1825,#1826));
#1828=IFCARBITRARYCLOSEDPROFILEDEF(.AREA.,$,#1827);
#1829=IFCDIRECTION((0.,0.,1.));
#1830=IFCEXTRUDEDAREASOLID(#1828,$,#1829,0.45);
#1831=IFCSHAPEREPRESENTATION(#11,'Body','SweptSolid',(#1830));
#1832=IFCPRODUCTDEFINITIONSHAPE($,$,(#1831));
#1833=IFCCARTESIANPOINT((0.,0.,0.));
#1834=IFCDIRECTION((0.,0.,1.));
#1835=IFCDIRECTION((1.,0.,0.));
#1836=IFCAXIS2PLACEMENT3D(#1833,#1834,#1835);
#1837=IFCLOCALPLACEMENT(#1151,#1836);
#1838=IFCFURNISHINGELEMENT('21XWtJuD18XeE$iWbuUe0O',$,'OfficeChair',$,$,#1837,#1832,$);
#1839=IFCCARTESIANPOINT((13.7,9.2,0.));
#1840=IFCCARTESIANPOINT((14.3,9.2,0.));
#1841=IFCCARTESIANPOINT((14.3,9.8,0.));
#1842=IFCCARTESIANPOINT((13.7,9.8,0.));
#1843=IFCCARTESIANPOINT((13.7,9.2,0.));
#1844=IFCPOLYLINE((#1839,#1840,#1841,#1842,#1843));
#1845=IFCARBITRARYCLOSEDPROFILEDEF(.AREA.,$,#1844);
#1846=IFCDIRECTION((0.,0.,1.));
#1847=IFCEXTRUDEDAREASOLID(#1845,$,#1846,0.45);
#1848=IFCSHAPEREPRESENTATION(#11,'Body','SweptSolid',(#1847));
#1849=IFCPRODUCTDEFINITIONSHAPE($,$,(#1848));
#1850=IFCCARTESIANPOINT((0.,0.,0.));
#1851=IFCDIRECTION((0.,0.,1.));
#1852=IFCDIRECTION((1.,0.,0.));
#1853=IFCAXIS2PLACEMENT3D(#1850,#1851,#1852);
#1854=IFCLOCALPLACEMENT(#1151,#1853);
#1855=IFCFURNISHINGELEMENT('1sLUhTjPTCxAakbfqrrSJp',$,'OfficeChair',$,$,#1854,#1849,$);
#1856=IFCCARTESIANPOINT((15.7,9.2,0.));
#1857=IFCCARTESIANPOINT((16.3,9.2,0.));
#1858=IFCCARTESIANPOINT((16.3,9.8,0.));
#1859=IFCCARTESIANPOINT((15.7,9.8,0.));
#1860=IFCCARTESIANPOINT((15.7,9.2,0.));
#1861=IFCPOLYLINE((#1856,#1857,#1858,#1859,#1860));
#1862=IFCARBITRARYCLOSEDPROFILEDEF(.AREA.,$,#1861);
#1863=IFCDIRECTION((0.,0.,1.));
#1864=IFCEXTRUDEDAREASOLID(#1862,$,#1863,0.45);
#1865=IFCSHAPEREPRESENTATION(#11,'Body','SweptSolid',(#1864));
#1866=IFCPRODUCTDEFINITIONSHAPE($,$,(#1865));
#1867=IFCCARTESIANPOINT((0.,0.,0.));
#1868=IFCDIRECTION((0.,0.,1.));
#1869=IFCDIRECTION((1.,0.,0.));
#1870=IFCAXIS2PLACEMENT3D(#1867,#1868,#1869);
#1871=IFCLOCALPLACEMENT(#1151,#1870);
#1872=IFCFURNISHINGELEMENT('1jA3t04cLBl96b1sNkqtz6',$,'OfficeChair',$,$,#1871,#1866,$);
#1873=IFCCARTESIANPOINT((14.3,12.8,0.));
#1874=IFCCARTESIANPOINT((13.7,12.8,0.));
#1875=IFCCARTESIANPOINT((13.7,12.2,0.));
#1876=IFCCARTESIANPOINT((14.3,12.2,0.));
#1877=IFCCARTESIANPOINT((14.3,12.8,0.));
#1878=IFCPOLYLINE((#1873,#1874,#1875,#1876,#1877));
#1879=IFCARBITRARYCLOSEDPROFILEDEF(.AREA.,$,#1878);
#1880=IFCDIRECTION((0.,0.,1.));
#1881=IFCEXTRUDEDAREASOLID(#1879,$,#1880,0.45);
#1882=IFCSHAPEREPRESENTATION(#11,'Body','SweptSolid',(#1881));
#1883=IFCPRODUCTDEFINITIONSHAPE($,$,(#1882));
#1884=IFCCARTESIANPOINT((0.,0.,0.));
#1885=IFCDIRECTION((0.,0.,1.));
#1886=IFCDIRECTION((1.,0.,0.));
#1887=IFCAXIS2PLACEMENT3D(#1884,#1885,#1886);
#1888=IFCLOCALPLACEMENT(#1151,#1887);
#1889=IFCFURNISHINGELEMENT('1s1LoypDD1VfDnxXjXDPAu',$,'OfficeChair',$,$,#1888,#1883,$);
#1890=IFCCARTESIANPOINT((16.3,12.8,0.));
#1891=IFCCARTESIANPOINT((15.7,12.8,0.));
#1892=IFCCARTESIANPOINT((15.7,12.2,0.));
#1893=IFCCARTESIANPOINT((16.3,12.2,0.));
#1894=IFCCARTESIANPOINT((16.3,12.8,0.));
#1895=IFCPOLYLINE((#1890,#1891,#1892,#1893,#1894));
#1896=IFCARBITRARYCLOSEDPROFILEDEF(.AREA.,$,#1895);
#1897=IFCDIRECTION((0.,0.,1.));
#1898=IFCEXTRUDEDAREASOLID(#1896,$,#1897,0.45);
#1899=IFCSHAPEREPRESENTATION(#11,'Body','SweptSolid',(#1898));
#1900=IFCPRODUCTDEFINITIONSHAPE($,$,(#1899));
#1901=IFCCARTESIANPOINT((0.,0.,0.));
#1902=IFCDIRECTION((0.,0.,1.));
#1903=IFCDIRECTION((1.,0.,0.));
#1904=IFCAXIS2PLACEMENT3D(#1901,#1902,#1903);
#1905=IFCLOCALPLACEMENT(#1151,#1904);
#1906=IFCFURNISHINGELEMENT('3xAHT$TRbCteD7SmgEA$g1',$,'OfficeChair',$,$,#1905,#1900,$);
#1907=IFCCARTESIANPOINT((11.55,7.35,0.));
#1908=IFCCARTESIANPOINT((12.45,7.35,0.));
#1909=IFCCARTESIANPOINT((12.45,7.65,0.));
#1910=IFCCARTESIANPOINT((11.55,7.65,0.));
#1911=IFCCARTESIANPOINT((11.55,7.35,0.));
#1912=IFCPOLYLINE((#1907,#1908,#1909,#1910,#1911));
#1913=IFCARBITRARYCLOSEDPROFILEDEF(.AREA.,$,#1912);
#1914=IFCDIRECTION((0.,0.,1.));
#1915=IFCEXTRUDEDAREASOLID(#1913,$,#1914,2.1);
#1916=IFCSHAPEREPRESENTATION(#11,'Body','SweptSolid',(#1915));
#1917=IFCPRODUCTDEFINITIONSHAPE($,$,(#1916));
#1918=IFCCARTESIANPOINT((0.,0.,0.));
#1919=IFCDIRECTION((0.,0.,1.));
#1920=IFCDIRECTION((1.,0.,0.));
#1921=IFCAXIS2PLACEMENT3D(#1918,#1919,#1920);
#1922=IFCLOCALPLACEMENT(#1151,#1921);
#1923=IFCOPENINGELEMENT('2yCzZ6mqL9P9fGN$NXOzG4',$,'Opening for Lounge Entry',$,$,#1922,#1917,$,$);
#1924=IFCRELVOIDSELEMENT('39w9ZojI51_xNcE1qB_$Vg',$,'Wall Opening',$,#1238,#1923);
#1925=IFCCARTESIANPOINT((11.55,7.5,0.));
#1926=IFCCARTESIANPOINT((12.45,7.5,0.));
#1927=IFCCARTESIANPOINT((12.45,7.55,0.));
#1928=IFCCARTESIANPOINT((11.55,7.55,0.));
#1929=IFCCARTESIANPOINT((11.55,7.5,0.));
#1930=IFCPOLYLINE((#1925,#1926,#1927,#1928,#1929));
#1931=IFCARBITRARYCLOSEDPROFILEDEF(.AREA.,$,#1930);
#1932=IFCDIRECTION((0.,0.,1.));
#1933=IFCEXTRUDEDAREASOLID(#1931,$,#1932,2.1);
#1934=IFCSHAPEREPRESENTATION(#11,'Body','SweptSolid',(#1933));
#1935=IFCPRODUCTDEFINITIONSHAPE($,$,(#1934));
#1936=IFCCARTESIANPOINT((0.,0.,0.));
#1937=IFCDIRECTION((0.,0.,1.));
#1938=IFCDIRECTION((1.,0.,0.));
#1939=IFCAXIS2PLACEMENT3D(#1936,#1937,#1938);
#1940=IFCLOCALPLACEMENT(#1151,#1939);
#1941=IFCDOOR('0_0l3rwkr8DwAATO2_vSM4',$,'Lounge Entry',$,$,#1940,#1935,$,2.1,0.9,$,$,$);
#1942=IFCRELFILLSELEMENT('1GVp8yRSzEkQoeVxJQozFV',$,'Door Fill',$,#1923,#1941);
#1943=IFCCARTESIANPOINT((0.15,4.5,0.));
#1944=IFCCARTESIANPOINT((0.15,5.5,0.));
#1945=IFCCARTESIANPOINT((-0.15,5.5,0.));
#1946=IFCCARTESIANPOINT((-0.15,4.5,0.));
#1947=IFCCARTESIANPOINT((0.15,4.5,0.));
#1948=IFCPOLYLINE((#1943,#1944,#1945,#1946,#1947));
#1949=IFCARBITRARYCLOSEDPROFILEDEF(.AREA.,$,#1948);
#1950=IFCDIRECTION((0.,0.,1.));
#1951=IFCEXTRUDEDAREASOLID(#1949,$,#1950,2.1);
#1952=IFCSHAPEREPRESENTATION(#11,'Body','SweptSolid',(#1951));
#1953=IFCPRODUCTDEFINITIONSHAPE($,$,(#1952));
#1954=IFCCARTESIANPOINT((0.,0.,0.));
#1955=IFCDIRECTION((0.,0.,1.));
#1956=IFCDIRECTION((1.,0.,0.));
#1957=IFCAXIS2PLACEMENT3D(#1954,#1955,#1956);
#1958=IFCLOCALPLACEMENT(#1151,#1957);
#1959=IFCOPENINGELEMENT('203l2R11bF9BCEjpU2h239',$,'Opening for Fire Exit',$,$,#1958,#1953,$,$);
#1960=IFCRELVOIDSELEMENT('3jndP38pv91QAQwNT8KUvD',$,'Wall Opening',$,#1221,#1959);
#1961=IFCCARTESIANPOINT((-3.06161699786838E-17,4.5,0.));
#1962=IFCCARTESIANPOINT((3.06161699786838E-17,5.5,0.));
#1963=IFCCARTESIANPOINT((-0.05,5.5,0.));
#1964=IFCCARTESIANPOINT((-0.05,4.5,0.));
#1965=IFCCARTESIANPOINT((-3.06161699786838E-17,4.5,0.));
#1966=IFCPOLYLINE((#1961,#1962,#1963,#1964,#1965));
#1967=IFCARBITRARYCLOSEDPROFILEDEF(.AREA.,$,#1966);
#1968=IFCDIRECTION((0.,0.,1.));
#1969=IFCEXTRUDEDAREASOLID(#1967,$,#1968,2.1);
#1970=IFCSHAPEREPRESENTATION(#11,'Body','SweptSolid',(#1969));
#1971=IFCPRODUCTDEFINITIONSHAPE($,$,(#1970));
#1972=IFCCARTESIANPOINT((0.,0.,0.));
#1973=IFCDIRECTION((0.,0.,1.));
#1974=IFCDIRECTION((1.,0.,0.));
#1975=IFCAXIS2PLACEMENT3D(#1972,#1973,#1974);
#1976=IFCLOCALPLACEMENT(#1151,#1975);
#1977=IFCDOOR('0CJsjkYmz7dOZIzvgBoPz3',$,'Fire Exit',$,$,#1976,#1971,$,2.1,1.,$,$,$);
#1978=IFCRELFILLSELEMENT('25ybaA6O1BvOy5d9DoFeXd',$,'Door Fill',$,#1959,#1977);
#1979=IFCSTYLEDITEM(#1969,(#32),'DoorSteel');
#1980=IFCCARTESIANPOINT((15.6,0.15,0.9));
#1981=IFCCARTESIANPOINT((14.4,0.15,0.9));
#1982=IFCCARTESIANPOINT((14.4,-0.15,0.9));
#1983=IFCCARTESIANPOINT((15.6,-0.15,0.9));
#1984=IFCCARTESIANPOINT((15.6,0.15,0.9));
#1985=IFCPOLYLINE((#1980,#1981,#1982,#1983,#1984));
#1986=IFCARBITRARYCLOSEDPROFILEDEF(.AREA.,$,#1985);
#1987=IFCDIRECTION((0.,0.,1.));
#1988=IFCEXTRUDEDAREASOLID(#1986,$,#1987,1.5);
#1989=IFCSHAPEREPRESENTATION(#11,'Body','SweptSolid',(#1988));
#1990=IFCPRODUCTDEFINITIONSHAPE($,$,(#1989));
#1991=IFCCARTESIANPOINT((0.,0.,0.));
#1992=IFCDIRECTION((0.,0.,1.));
#1993=IFCDIRECTION((1.,0.,0.));
#1994=IFCAXIS2PLACEMENT3D(#1991,#1992,#1993);
#1995=IFCLOCALPLACEMENT(#1151,#1994);
#1996=IFCOPENINGELEMENT('0I$xlKqo5AD8XcrGshW0B8',$,'Opening for W13',$,$,#1995,#1990,$,$);
#1997=IFCRELVOIDSELEMENT('3JMKqnti53I8vNlYOtD0oK',$,'Wall Opening',$,#1204,#1996);
#1998=IFCCARTESIANPOINT((15.6,-7.34788079488412E-17,0.9));
#1999=IFCCARTESIANPOINT((14.4,7.34788079488412E-17,0.9));
#2000=IFCCARTESIANPOINT((14.4,-0.0199999999999999,0.9));
#2001=IFCCARTESIANPOINT((15.6,-0.0200000000000001,0.9));
#2002=IFCCARTESIANPOINT((15.6,-7.34788079488412E-17,0.9));
#2003=IFCPOLYLINE((#1998,#1999,#2000,#2001,#2002));
#2004=IFCARBITRARYCLOSEDPROFILEDEF(.AREA.,$,#2003);
#2005=IFCDIRECTION((0.,0.,1.));
#2006=IFCEXTRUDEDAREASOLID(#2004,$,#2005,1.5);
#2007=IFCSHAPEREPRESENTATION(#11,'Body','SweptSolid',(#2006));
#2008=IFCPRODUCTDEFINITIONSHAPE($,$,(#2007));
#2009=IFCCARTESIANPOINT((0.,0.,0.));
#2010=IFCDIRECTION((0.,0.,1.));
#2011=IFCDIRECTION((1.,0.,0.));
#2012=IFCAXIS2PLACEMENT3D(#2009,#2010,#2011);
#2013=IFCLOCALPLACEMENT(#1151,#2012);
#2014=IFCWINDOW('3IOo2rDmrDCPDp$bi4NLQo',$,'W13',$,$,#2013,#2008,$,1.5,1.2,$,$,$);
#2015=IFCRELFILLSELEMENT('32j6ZT9cX7tAJGqJsNYAzg',$,'Window Fill',$,#1996,#2014);
#2016=IFCSTYLEDITEM(#2006,(#38),'WindowGlass');
#2017=IFCCARTESIANPOINT((10.6,0.15,0.9));
#2018=IFCCARTESIANPOINT((9.4,0.15,0.9));
#2019=IFCCARTESIANPOINT((9.4,-0.15,0.9));
#2020=IFCCARTESIANPOINT((10.6,-0.15,0.9));
#2021=IFCCARTESIANPOINT((10.6,0.15,0.9));
#2022=IFCPOLYLINE((#2017,#2018,#2019,#2020,#2021));
#2023=IFCARBITRARYCLOSEDPROFILEDEF(.AREA.,$,#2022);
#2024=IFCDIRECTION((0.,0.,1.));
#2025=IFCEXTRUDEDAREASOLID(#2023,$,#2024,1.5);
#2026=IFCSHAPEREPRESENTATION(#11,'Body','SweptSolid',(#2025));
#2027=IFCPRODUCTDEFINITIONSHAPE($,$,(#2026));
#2028=IFCCARTESIANPOINT((0.,0.,0.));
#2029=IFCDIRECTION((0.,0.,1.));
#2030=IFCDIRECTION((1.,0.,0.));
#2031=IFCAXIS2PLACEMENT3D(#2028,#2029,#2030);
#2032=IFCLOCALPLACEMENT(#1151,#2031);
#2033=IFCOPENINGELEMENT('2zhCTUN_52PgxnRbDnrXf2',$,'Opening for W14',$,$,#2032,#2027,$,$);
#2034=IFCRELVOIDSELEMENT('0NSpR6Sh1BnuUThvlycls8',$,'Wall Opening',$,#1204,#2033);
#2035=IFCCARTESIANPOINT((10.6,-7.34788079488412E-17,0.9));
#2036=IFCCARTESIANPOINT((9.4,7.34788079488412E-17,0.9));
#2037=IFCCARTESIANPOINT((9.4,-0.0199999999999999,0.9));
#2038=IFCCARTESIANPOINT((10.6,-0.0200000000000001,0.9));
#2039=IFCCARTESIANPOINT((10.6,-7.34788079488412E-17,0.9));
#2040=IFCPOLYLINE((#2035,#2036,#2037,#2038,#2039));
#2041=IFCARBITRARYCLOSEDPROFILEDEF(.AREA.,$,#2040);
#2042=IFCDIRECTION((0.,0.,1.));
#2043=IFCEXTRUDEDAREASOLID(#2041,$,#2042,1.5);
#2044=IFCSHAPEREPRESENTATION(#11,'Body','SweptSolid',(#2043));
#2045=IFCPRODUCTDEFINITIONSHAPE($,$,(#2044));
#2046=IFCCARTESIANPOINT((0.,0.,0.));
#2047=IFCDIRECTION((0.,0.,1.));
#2048=IFCDIRECTION((1.,0.,0.));
#2049=IFCAXIS2PLACEMENT3D(#2046,#2047,#2048);
#2050=IFCLOCALPLACEMENT(#1151,#2049);
#2051=IFCWINDOW('31QyuZTv50pwZpH8UKtyxB',$,'W14',$,$,#2050,#2045,$,1.5,1.2,$,$,$);
#2052=IFCRELFILLSELEMENT('1CNi_66hD4zR3ir8JBEkVm',$,'Window Fill',$,#2033,#2051);
#2053=IFCSTYLEDITEM(#2043,(#38),'WindowGlass');
#2054=IFCCARTESIANPOINT((2.,1.55,0.));
#2055=IFCCARTESIANPOINT((4.,1.55,0.));
#2056=IFCCARTESIANPOINT((4.,2.45,0.));
#2057=IFCCARTESIANPOINT((2.,2.45,0.));
#2058=IFCCARTESIANPOINT((2.,1.55,0.));
#2059=IFCPOLYLINE((#2054,#2055,#2056,#2057,#2058));
#2060=IFCARBITRARYCLOSEDPROFILEDEF(.AREA.,$,#2059);
#2061=IFCDIRECTION((0.,0.,1.));
#2062=IFCEXTRUDEDAREASOLID(#2060,$,#2061,0.8);
#2063=IFCSHAPEREPRESENTATION(#11,'Body','SweptSolid',(#2062));
#2064=IFCPRODUCTDEFINITIONSHAPE($,$,(#2063));
#2065=IFCCARTESIANPOINT((0.,0.,0.));
#2066=IFCDIRECTION((0.,0.,1.));
#2067=IFCDIRECTION((1.,0.,0.));
#2068=IFCAXIS2PLACEMENT3D(#2065,#2066,#2067);
#2069=IFCLOCALPLACEMENT(#1151,#2068);
#2070=IFCFURNISHINGELEMENT('0ndy$DJ0T0AhEnKIBLr_Rk',$,'Sofa',$,$,#2069,#2064,$);
#2071=IFCCARTESIANPOINT((7.,1.55,0.));
#2072=IFCCARTESIANPOINT((9.,1.55,0.));
#2073=IFCCARTESIANPOINT((9.,2.45,0.));
#2074=IFCCARTESIANPOINT((7.,2.45,0.));
#2075=IFCCARTESIANPOINT((7.,1.55,0.));
#2076=IFCPOLYLINE((#2071,#2072,#2073,#2074,#2075));
#2077=IFCARBITRARYCLOSEDPROFILEDEF(.AREA.,$,#2076);
#2078=IFCDIRECTION((0.,0.,1.));
#2079=IFCEXTRUDEDAREASOLID(#2077,$,#2078,0.8);
#2080=IFCSHAPEREPRESENTATION(#11,'Body','SweptSolid',(#2079));
#2081=IFCPRODUCTDEFINITIONSHAPE($,$,(#2080));
#2082=IFCCARTESIANPOINT((0.,0.,0.));
#2083=IFCDIRECTION((0.,0.,1.));
#2084=IFCDIRECTION((1.,0.,0.));
#2085=IFCAXIS2PLACEMENT3D(#2082,#2083,#2084);
#2086=IFCLOCALPLACEMENT(#1151,#2085);
#2087=IFCFURNISHINGELEMENT('3KoC0fntPFoPialL4fIl$h',$,'Sofa',$,$,#2086,#2081,$);
#2088=IFCCARTESIANPOINT((4.9,4.4,0.));
#2089=IFCCARTESIANPOINT((6.1,4.4,0.));
#2090=IFCCARTESIANPOINT((6.1,5.6,0.));
#2091=IFCCARTESIANPOINT((4.9,5.6,0.));
#2092=IFCCARTESIANPOINT((4.9,4.4,0.));
#2093=IFCPOLYLINE((#2088,#2089,#2090,#2091,#2092));
#2094=IFCARBITRARYCLOSEDPROFILEDEF(.AREA.,$,#2093);
#2095=IFCDIRECTION((0.,0.,1.));
#2096=IFCEXTRUDEDAREASOLID(#2094,$,#2095,0.75);
#2097=IFCSHAPEREPRESENTATION(#11,'Body','SweptSolid',(#2096));
#2098=IFCPRODUCTDEFINITIONSHAPE($,$,(#2097));
#2099=IFCCARTESIANPOINT((0.,0.,0.));
#2100=IFCDIRECTION((0.,0.,1.));
#2101=IFCDIRECTION((1.,0.,0.));
#2102=IFCAXIS2PLACEMENT3D(#2099,#2100,#2101);
#2103=IFCLOCALPLACEMENT(#1151,#2102);
#2104=IFCFURNISHINGELEMENT('1OanbvWJD3vPCDb55QfKll',$,'RoundTable',$,$,#2103,#2098,$);
#2105=IFCCARTESIANPOINT((3.6,5.4,0.));
#2106=IFCCARTESIANPOINT((3.6,4.6,0.));
#2107=IFCCARTESIANPOINT((4.4,4.6,0.));
#2108=IFCCARTESIANPOINT((4.4,5.4,0.));
#2109=IFCCARTESIANPOINT((3.6,5.4,0.));
#2110=IFCPOLYLINE((#2105,#2106,#2107,#2108,#2109));
#2111=IFCARBITRARYCLOSEDPROFILEDEF(.AREA.,$,#2110);
#2112=IFCDIRECTION((0.,0.,1.));
#2113=IFCEXTRUDEDAREASOLID(#2111,$,#2112,0.75);
#2114=IFCSHAPEREPRESENTATION(#11,'Body','SweptSolid',(#2113));
#2115=IFCPRODUCTDEFINITIONSHAPE($,$,(#2114));
#2116=IFCCARTESIANPOINT((0.,0.,0.));
#2117=IFCDIRECTION((0.,0.,1.));
#2118=IFCDIRECTION((1.,0.,0.));
#2119=IFCAXIS2PLACEMENT3D(#2116,#2117,#2118);
#2120=IFCLOCALPLACEMENT(#1151,#2119);
#2121=IFCFURNISHINGELEMENT('2iEdT87aHCKxvSLWJauWci',$,'LoungeChair',$,$,#2120,#2115,$);
#2122=IFCCARTESIANPOINT((7.4,4.6,0.));
#2123=IFCCARTESIANPOINT((7.4,5.4,0.));
#2124=IFCCARTESIANPOINT((6.6,5.4,0.));
#2125=IFCCARTESIANPOINT((6.6,4.6,0.));
#2126=IFCCARTESIANPOINT((7.4,4.6,0.));
#2127=IFCPOLYLINE((#2122,#2123,#2124,#2125,#2126));
#2128=IFCARBITRARYCLOSEDPROFILEDEF(.AREA.,$,#2127);
#2129=IFCDIRECTION((0.,0.,1.));
#2130=IFCEXTRUDEDAREASOLID(#2128,$,#2129,0.75);
#2131=IFCSHAPEREPRESENTATION(#11,'Body','SweptSolid',(#2130));
#2132=IFCPRODUCTDEFINITIONSHAPE($,$,(#2131));
#2133=IFCCARTESIANPOINT((0.,0.,0.));
#2134=IFCDIRECTION((0.,0.,1.));
#2135=IFCDIRECTION((1.,0.,0.));
#2136=IFCAXIS2PLACEMENT3D(#2133,#2134,#2135);
#2137=IFCLOCALPLACEMENT(#1151,#2136);
#2138=IFCFURNISHINGELEMENT('1GslW_arn0BuPEqx253yTn',$,'LoungeChair',$,$,#2137,#2132,$);
#2139=IFCCARTESIANPOINT((4.6,0.15,0.9));
#2140=IFCCARTESIANPOINT((3.4,0.15,0.9));
#2141=IFCCARTESIANPOINT((3.4,-0.15,0.9));
#2142=IFCCARTESIANPOINT((4.6,-0.15,0.9));
#2143=IFCCARTESIANPOINT((4.6,0.15,0.9));
#2144=IFCPOLYLINE((#2139,#2140,#2141,#2142,#2143));
#2145=IFCARBITRARYCLOSEDPROFILEDEF(.AREA.,$,#2144);
#2146=IFCDIRECTION((0.,0.,1.));
#2147=IFCEXTRUDEDAREASOLID(#2145,$,#2146,1.5);
#2148=IFCSHAPEREPRESENTATION(#11,'Body','SweptSolid',(#2147));
#2149=IFCPRODUCTDEFINITIONSHAPE($,$,(#2148));
#2150=IFCCARTESIANPOINT((0.,0.,0.));
#2151=IFCDIRECTION((0.,0.,1.));
#2152=IFCDIRECTION((1.,0.,0.));
#2153=IFCAXIS2PLACEMENT3D(#2150,#2151,#2152);
#2154=IFCLOCALPLACEMENT(#1151,#2153);
#2155=IFCOPENINGELEMENT('0KnVB3Y5n8nhE0Zk9ruMuT',$,'Opening for W15',$,$,#2154,#2149,$,$);
#2156=IFCRELVOIDSELEMENT('0sXB5k6B97DP_CXoOFtPlL',$,'Wall Opening',$,#1204,#2155);
#2157=IFCCARTESIANPOINT((4.6,-7.34788079488412E-17,0.9));
#2158=IFCCARTESIANPOINT((3.4,7.34788079488412E-17,0.9));
#2159=IFCCARTESIANPOINT((3.4,-0.0199999999999999,0.9));
#2160=IFCCARTESIANPOINT((4.6,-0.0200000000000001,0.9));
#2161=IFCCARTESIANPOINT((4.6,-7.34788079488412E-17,0.9));
#2162=IFCPOLYLINE((#2157,#2158,#2159,#2160,#2161));
#2163=IFCARBITRARYCLOSEDPROFILEDEF(.AREA.,$,#2162);
#2164=IFCDIRECTION((0.,0.,1.));
#2165=IFCEXTRUDEDAREASOLID(#2163,$,#2164,1.5);
#2166=IFCSHAPEREPRESENTATION(#11,'Body','SweptSolid',(#2165));
#2167=IFCPRODUCTDEFINITIONSHAPE($,$,(#2166));
#2168=IFCCARTESIANPOINT((0.,0.,0.));
#2169=IFCDIRECTION((0.,0.,1.));
#2170=IFCDIRECTION((1.,0.,0.));
#2171=IFCAXIS2PLACEMENT3D(#2168,#2169,#2170);
#2172=IFCLOCALPLACEMENT(#1151,#2171);
#2173=IFCWINDOW('0NNUs6fNDFbBBgweVCgehk',$,'W15',$,$,#2172,#2167,$,1.5,1.2,$,$,$);
#2174=IFCRELFILLSELEMENT('3jVoY9rZ17OxIURyNjua73',$,'Window Fill',$,#2155,#2173);
#2175=IFCSTYLEDITEM(#2165,(#38),'WindowGlass');
#2176=IFCCARTESIANPOINT((19.85,12.6,0.9));
#2177=IFCCARTESIANPOINT((19.85,11.4,0.9));
#2178=IFCCARTESIANPOINT((20.15,11.4,0.9));
#2179=IFCCARTESIANPOINT((20.15,12.6,0.9));
#2180=IFCCARTESIANPOINT((19.85,12.6,0.9));
#2181=IFCPOLYLINE((#2176,#2177,#2178,#2179,#2180));
#2182=IFCARBITRARYCLOSEDPROFILEDEF(.AREA.,$,#2181);
#2183=IFCDIRECTION((0.,0.,1.));
#2184=IFCEXTRUDEDAREASOLID(#2182,$,#2183,1.5);
#2185=IFCSHAPEREPRESENTATION(#11,'Body','SweptSolid',(#2184));
#2186=IFCPRODUCTDEFINITIONSHAPE($,$,(#2185));
#2187=IFCCARTESIANPOINT((0.,0.,0.));
#2188=IFCDIRECTION((0.,0.,1.));
#2189=IFCDIRECTION((1.,0.,0.));
#2190=IFCAXIS2PLACEMENT3D(#2187,#2188,#2189);
#2191=IFCLOCALPLACEMENT(#1151,#2190);
#2192=IFCOPENINGELEMENT('0NaZqS9Br6zw94iO9M4RDI',$,'Opening for W16',$,$,#2191,#2186,$,$);
#2193=IFCRELVOIDSELEMENT('23RC7EVMb7sOEXiyvNElMP',$,'Wall Opening',$,#1187,#2192);
#2194=IFCCARTESIANPOINT((20.,12.6,0.9));
#2195=IFCCARTESIANPOINT((20.,11.4,0.9));
#2196=IFCCARTESIANPOINT((20.02,11.4,0.9));
#2197=IFCCARTESIANPOINT((20.02,12.6,0.9));
#2198=IFCCARTESIANPOINT((20.,12.6,0.9));
#2199=IFCPOLYLINE((#2194,#2195,#2196,#2197,#2198));
#2200=IFCARBITRARYCLOSEDPROFILEDEF(.AREA.,$,#2199);
#2201=IFCDIRECTION((0.,0.,1.));
#2202=IFCEXTRUDEDAREASOLID(#2200,$,#2201,1.5);
#2203=IFCSHAPEREPRESENTATION(#11,'Body','SweptSolid',(#2202));
#2204=IFCPRODUCTDEFINITIONSHAPE($,$,(#2203));
#2205=IFCCARTESIANPOINT((0.,0.,0.));
#2206=IFCDIRECTION((0.,0.,1.));
#2207=IFCDIRECTION((1.,0.,0.));
#2208=IFCAXIS2PLACEMENT3D(#2205,#2206,#2207);
#2209=IFCLOCALPLACEMENT(#1151,#2208);
#2210=IFCWINDOW('3TQUpQoenDyuMlFBzwMr9U',$,'W16',$,$,#2209,#2204,$,1.5,1.2,$,$,$);
#2211=IFCRELFILLSELEMENT('3jnx48lnr6$8ZB2HJaZPwG',$,'Window Fill',$,#2192,#2210);
#2212=IFCSTYLEDITEM(#2202,(#38),'WindowGlass');
#2213=IFCCARTESIANPOINT((15.2,1.6,0.));
#2214=IFCCARTESIANPOINT((16.8,1.6,0.));
#2215=IFCCARTESIANPOINT((16.8,2.4,0.));
#2216=IFCCARTESIANPOINT((15.2,2.4,0.));
#2217=IFCCARTESIANPOINT((15.2,1.6,0.));
#2218=IFCPOLYLINE((#2213,#2214,#2215,#2216,#2217));
#2219=IFCARBITRARYCLOSEDPROFILEDEF(.AREA.,$,#2218);
#2220=IFCDIRECTION((0.,0.,1.));
#2221=IFCEXTRUDEDAREASOLID(#2219,$,#2220,0.72);
#2222=IFCSHAPEREPRESENTATION(#11,'Body','SweptSolid',(#2221));
#2223=IFCPRODUCTDEFINITIONSHAPE($,$,(#2222));
#2224=IFCCARTESIANPOINT((0.,0.,0.));
#2225=IFCDIRECTION((0.,0.,1.));
#2226=IFCDIRECTION((1.,0.,0.));
#2227=IFCAXIS2PLACEMENT3D(#2224,#2225,#2226);
#2228=IFCLOCALPLACEMENT(#1151,#2227);
#2229=IFCFURNISHINGELEMENT('2aYXRGqjnBVPZHFZNeXyJe',$,'StandardDesk',$,$,#2228,#2223,$);
#2230=IFCCARTESIANPOINT((15.7,0.7,0.));
#2231=IFCCARTESIANPOINT((16.3,0.7,0.));
#2232=IFCCARTESIANPOINT((16.3,1.3,0.));
#2233=IFCCARTESIANPOINT((15.7,1.3,0.));
#2234=IFCCARTESIANPOINT((15.7,0.7,0.));
#2235=IFCPOLYLINE((#2230,#2231,#2232,#2233,#2234));
#2236=IFCARBITRARYCLOSEDPROFILEDEF(.AREA.,$,#2235);
#2237=IFCDIRECTION((0.,0.,1.));
#2238=IFCEXTRUDEDAREASOLID(#2236,$,#2237,0.45);
#2239=IFCSHAPEREPRESENTATION(#11,'Body','SweptSolid',(#2238));
#2240=IFCPRODUCTDEFINITIONSHAPE($,$,(#2239));
#2241=IFCCARTESIANPOINT((0.,0.,0.));
#2242=IFCDIRECTION((0.,0.,1.));
#2243=IFCDIRECTION((1.,0.,0.));
#2244=IFCAXIS2PLACEMENT3D(#2241,#2242,#2243);
#2245=IFCLOCALPLACEMENT(#1151,#2244);
#2246=IFCFURNISHINGELEMENT('0mxK$xvYbDfOcTr6yubbzg',$,'OfficeChair',$,$,#2245,#2240,$);
#2247=IFCCARTESIANPOINT((17.2,1.6,0.));
#2248=IFCCARTESIANPOINT((18.8,1.6,0.));
#2249=IFCCARTESIANPOINT((18.8,2.4,0.));
#2250=IFCCARTESIANPOINT((17.2,2.4,0.));
#2251=IFCCARTESIANPOINT((17.2,1.6,0.));
#2252=IFCPOLYLINE((#2247,#2248,#2249,#2250,#2251));
#2253=IFCARBITRARYCLOSEDPROFILEDEF(.AREA.,$,#2252);
#2254=IFCDIRECTION((0.,0.,1.));
#2255=IFCEXTRUDEDAREASOLID(#2253,$,#2254,0.72);
#2256=IFCSHAPEREPRESENTATION(#11,'Body','SweptSolid',(#2255));
#2257=IFCPRODUCTDEFINITIONSHAPE($,$,(#2256));
#2258=IFCCARTESIANPOINT((0.,0.,0.));
#2259=IFCDIRECTION((0.,0.,1.));
#2260=IFCDIRECTION((1.,0.,0.));
#2261=IFCAXIS2PLACEMENT3D(#2258,#2259,#2260);
#2262=IFCLOCALPLACEMENT(#1151,#2261);
#2263=IFCFURNISHINGELEMENT('0NuZVQ1GD6Q8d7RJVUxjJK',$,'StandardDesk',$,$,#2262,#2257,$);
#2264=IFCCARTESIANPOINT((17.7,0.7,0.));
#2265=IFCCARTESIANPOINT((18.3,0.7,0.));
#2266=IFCCARTESIANPOINT((18.3,1.3,0.));
#2267=IFCCARTESIANPOINT((17.7,1.3,0.));
#2268=IFCCARTESIANPOINT((17.7,0.7,0.));
#2269=IFCPOLYLINE((#2264,#2265,#2266,#2267,#2268));
#2270=IFCARBITRARYCLOSEDPROFILEDEF(.AREA.,$,#2269);
#2271=IFCDIRECTION((0.,0.,1.));
#2272=IFCEXTRUDEDAREASOLID(#2270,$,#2271,0.45);
#2273=IFCSHAPEREPRESENTATION(#11,'Body','SweptSolid',(#2272));
#2274=IFCPRODUCTDEFINITIONSHAPE($,$,(#2273));
#2275=IFCCARTESIANPOINT((0.,0.,0.));
#2276=IFCDIRECTION((0.,0.,1.));
#2277=IFCDIRECTION((1.,0.,0.));
#2278=IFCAXIS2PLACEMENT3D(#2275,#2276,#2277);
#2279=IFCLOCALPLACEMENT(#1151,#2278);
#2280=IFCFURNISHINGELEMENT('1kz1Ga4oLDZeI36y1GbL1M',$,'OfficeChair',$,$,#2279,#2274,$);
#2281=IFCCARTESIANPOINT((15.2,4.6,0.));
#2282=IFCCARTESIANPOINT((16.8,4.6,0.));
#2283=IFCCARTESIANPOINT((16.8,5.4,0.));
#2284=IFCCARTESIANPOINT((15.2,5.4,0.));
#2285=IFCCARTESIANPOINT((15.2,4.6,0.));
#2286=IFCPOLYLINE((#2281,#2282,#2283,#2284,#2285));
#2287=IFCARBITRARYCLOSEDPROFILEDEF(.AREA.,$,#2286);
#2288=IFCDIRECTION((0.,0.,1.));
#2289=IFCEXTRUDEDAREASOLID(#2287,$,#2288,0.72);
#2290=IFCSHAPEREPRESENTATION(#11,'Body','SweptSolid',(#2289));
#2291=IFCPRODUCTDEFINITIONSHAPE($,$,(#2290));
#2292=IFCCARTESIANPOINT((0.,0.,0.));
#2293=IFCDIRECTION((0.,0.,1.));
#2294=IFCDIRECTION((1.,0.,0.));
#2295=IFCAXIS2PLACEMENT3D(#2292,#2293,#2294);
#2296=IFCLOCALPLACEMENT(#1151,#2295);
#2297=IFCFURNISHINGELEMENT('0MKS6_0CP3jf$q7jkalpQC',$,'StandardDesk',$,$,#2296,#2291,$);
#2298=IFCCARTESIANPOINT((16.3,6.3,0.));
#2299=IFCCARTESIANPOINT((15.7,6.3,0.));
#2300=IFCCARTESIANPOINT((15.7,5.7,0.));
#2301=IFCCARTESIANPOINT((16.3,5.7,0.));
#2302=IFCCARTESIANPOINT((16.3,6.3,0.));
#2303=IFCPOLYLINE((#2298,#2299,#2300,#2301,#2302));
#2304=IFCARBITRARYCLOSEDPROFILEDEF(.AREA.,$,#2303);
#2305=IFCDIRECTION((0.,0.,1.));
#2306=IFCEXTRUDEDAREASOLID(#2304,$,#2305,0.45);
#2307=IFCSHAPEREPRESENTATION(#11,'Body','SweptSolid',(#2306));
#2308=IFCPRODUCTDEFINITIONSHAPE($,$,(#2307));
#2309=IFCCARTESIANPOINT((0.,0.,0.));
#2310=IFCDIRECTION((0.,0.,1.));
#2311=IFCDIRECTION((1.,0.,0.));
#2312=IFCAXIS2PLACEMENT3D(#2309,#2310,#2311);
#2313=IFCLOCALPLACEMENT(#1151,#2312);
#2314=IFCFURNISHINGELEMENT('3q1wC$kzDDqenn$ndFtKWt',$,'OfficeChair',$,$,#2313,#2308,$);
#2315=IFCCARTESIANPOINT((17.2,4.6,0.));
#2316=IFCCARTESIANPOINT((18.8,4.6,0.));
#2317=IFCCARTESIANPOINT((18.8,5.4,0.));
#2318=IFCCARTESIANPOINT((17.2,5.4,0.));
#2319=IFCCARTESIANPOINT((17.2,4.6,0.));
#2320=IFCPOLYLINE((#2315,#2316,#2317,#2318,#2319));
#2321=IFCARBITRARYCLOSEDPROFILEDEF(.AREA.,$,#2320);
#2322=IFCDIRECTION((0.,0.,1.));
#2323=IFCEXTRUDEDAREASOLID(#2321,$,#2322,0.72);
#2324=IFCSHAPEREPRESENTATION(#11,'Body','SweptSolid',(#2323));
#2325=IFCPRODUCTDEFINITIONSHAPE($,$,(#2324));
#2326=IFCCARTESIANPOINT((0.,0.,0.));
#2327=IFCDIRECTION((0.,0.,1.));
#2328=IFCDIRECTION((1.,0.,0.));
#2329=IFCAXIS2PLACEMENT3D(#2326,#2327,#2328);
#2330=IFCLOCALPLACEMENT(#1151,#2329);
#2331=IFCFURNISHINGELEMENT('2au45ycvf7v84MF3x21On8',$,'StandardDesk',$,$,#2330,#2325,$);
#2332=IFCCARTESIANPOINT((18.3,6.3,0.));
#2333=IFCCARTESIANPOINT((17.7,6.3,0.));
#2334=IFCCARTESIANPOINT((17.7,5.7,0.));
#2335=IFCCARTESIANPOINT((18.3,5.7,0.));
#2336=IFCCARTESIANPOINT((18.3,6.3,0.));
#2337=IFCPOLYLINE((#2332,#2333,#2334,#2335,#2336));
#2338=IFCARBITRARYCLOSEDPROFILEDEF(.AREA.,$,#2337);
#2339=IFCDIRECTION((0.,0.,1.));
#2340=IFCEXTRUDEDAREASOLID(#2338,$,#2339,0.45);
#2341=IFCSHAPEREPRESENTATION(#11,'Body','SweptSolid',(#2340));
#2342=IFCPRODUCTDEFINITIONSHAPE($,$,(#2341));
#2343=IFCCARTESIANPOINT((0.,0.,0.));
#2344=IFCDIRECTION((0.,0.,1.));
#2345=IFCDIRECTION((1.,0.,0.));
#2346=IFCAXIS2PLACEMENT3D(#2343,#2344,#2345);
#2347=IFCLOCALPLACEMENT(#1151,#2346);
#2348=IFCFURNISHINGELEMENT('2N6exFEeX2buH6eVwoIZLc',$,'OfficeChair',$,$,#2347,#2342,$);
#2349=IFCRELCONTAINEDINSPATIALSTRUCTURE('1kZZP98Kz1SA6Nl8hkspKu',$,$,$,(#1170,#1187,#1204,#1221,#1238,#1255,#1272,#1289,#1306,#1323,#1340,#1357,#1374,#1391,#1409,#1428,#1446,#1464,#1482,#1500,#1517,#1534,#1551,#1568,#1586,#1605,#1623,#1642,#1659,#1676,#1693,#1711,#1730,#1748,#1767,#1785,#1804,#1821,#1838,#1855,#1872,#1889,#1906,#1923,#1941,#1959,#1977,#1996,#2014,#2033,#2051,#2070,#2087,#2104,#2121,#2138,#2155,#2173,#2192,#2210,#2229,#2246,#2263,#2280,#2297,#2314,#2331,#2348),#1152);
ENDSEC;
END-ISO-10303-21;
