ISO-10303-21;
HEADER;
FILE_DESCRIPTION(('ViewDefinition[DesignTransferView]'),'2;1');
FILE_NAME('/dev/null','2026-01-19T18:05:17-05:00',(''),(''),'IfcOpenShell 0.8.4','IfcOpenShell 0.8.4','Nobody');
FILE_SCHEMA(('IFC4'));
ENDSEC;
DATA;
#1=IFCPROJECT('175$kOd1LCnxiar8cNS23T',$,'Lumina Contemporary Art Gallery',$,$,$,$,(#10),#5);
#2=IFCSIUNIT(*,.LENGTHUNIT.,$,.METRE.);
#3=IFCSIUNIT(*,.AREAUNIT.,$,.SQUARE_METRE.);
#4=IFCSIUNIT(*,.VOLUMEUNIT.,$,.CUBIC_METRE.);
#5=IFCUNITASSIGNMENT((#2,#3,#4));
#6=IFCCARTESIANPOINT((0.,0.,0.));
#7=IFCDIRECTION((0.,0.,1.));
#8=IFCDIRECTION((1.,0.,0.));
#9=IFCAXIS2PLACEMENT3D(#6,#7,#8);
#10=IFCGEOMETRICREPRESENTATIONCONTEXT($,'Model',3,1.E-05,#9,$);
#11=IFCGEOMETRICREPRESENTATIONSUBCONTEXT('Body','Model',*,*,*,*,#10,$,.MODEL_VIEW.,$);
#12=IFCDOORTYPE('12LIATB_b6ZBUgcizW526h',$,'Door',$,$,$,$,$,$,.DOOR.,.NOTDEFINED.,$,$);
#13=IFCWINDOWTYPE('238B90O5X6_hkG1r3qRCWR',$,'Window',$,$,$,$,$,$,.WINDOW.,.NOTDEFINED.,$,$);
#14=IFCSURFACESTYLE('DoorOak',.BOTH.,(#15));
#15=IFCSURFACESTYLESHADING(#16,0.);
#16=IFCCOLOURRGB($,0.76,0.6,0.42);
#17=IFCSURFACESTYLE('DoorSteel',.BOTH.,(#18));
#18=IFCSURFACESTYLESHADING(#19,0.);
#19=IFCCOLOURRGB($,0.7,0.72,0.75);
#20=IFCSURFACESTYLE('DoorGlass',.BOTH.,(#21));
#21=IFCSURFACESTYLESHADING(#22,0.2);
#22=IFCCOLOURRGB($,0.8,0.9,1.);
#23=IFCSURFACESTYLE('WindowGlass',.BOTH.,(#24));
#24=IFCSURFACESTYLESHADING(#25,0.1);
#25=IFCCOLOURRGB($,0.8,0.9,1.);
#26=IFCSURFACESTYLE('Oak',.BOTH.,(#27));
#27=IFCSURFACESTYLESHADING(#28,0.);
#28=IFCCOLOURRGB($,0.76,0.6,0.42);
#29=IFCSURFACESTYLE('Steel',.BOTH.,(#30));
#30=IFCSURFACESTYLESHADING(#31,0.);
#31=IFCCOLOURRGB($,0.7,0.72,0.75);
#32=IFCSURFACESTYLE('Concrete',.BOTH.,(#33));
#33=IFCSURFACESTYLESHADING(#34,0.);
#34=IFCCOLOURRGB($,0.75,0.75,0.73);
#35=IFCSURFACESTYLE('WhitePaint',.BOTH.,(#36));
#36=IFCSURFACESTYLESHADING(#37,0.);
#37=IFCCOLOURRGB($,1.,1.,1.);
#38=IFCSURFACESTYLE('ClearGlass',.BOTH.,(#39));
#39=IFCSURFACESTYLESHADING(#40,0.1);
#40=IFCCOLOURRGB($,0.8,0.9,1.);
#41=IFCSURFACESTYLE('GalleryWhite',.BOTH.,(#42));
#42=IFCSURFACESTYLESHADING(#43,0.);
#43=IFCCOLOURRGB($,0.980392156862745,0.980392156862745,0.980392156862745);
#44=IFCSURFACESTYLE('MuseumGrey',.BOTH.,(#45));
#45=IFCSURFACESTYLESHADING(#46,0.);
#46=IFCCOLOURRGB($,0.909803921568627,0.909803921568627,0.909803921568627);
#47=IFCSURFACESTYLE('CharcoalAccent',.BOTH.,(#48));
#48=IFCSURFACESTYLESHADING(#49,0.);
#49=IFCCOLOURRGB($,0.176470588235294,0.176470588235294,0.176470588235294);
#50=IFCSURFACESTYLE('PolishedConcrete',.BOTH.,(#51));
#51=IFCSURFACESTYLESHADING(#52,0.);
#52=IFCCOLOURRGB($,0.603921568627451,0.603921568627451,0.603921568627451);
#53=IFCSURFACESTYLE('WhiteOakFlooring',.BOTH.,(#54));
#54=IFCSURFACESTYLESHADING(#55,0.);
#55=IFCCOLOURRGB($,0.831372549019608,0.768627450980392,0.658823529411765);
#56=IFCSURFACESTYLE('TerrazzoFloor',.BOTH.,(#57));
#57=IFCSURFACESTYLESHADING(#58,0.);
#58=IFCCOLOURRGB($,0.788235294117647,0.725490196078431,0.603921568627451);
#59=IFCSURFACESTYLE('ExposedConcrete',.BOTH.,(#60));
#60=IFCSURFACESTYLESHADING(#61,0.);
#61=IFCCOLOURRGB($,0.549019607843137,0.549019607843137,0.549019607843137);
#62=IFCSURFACESTYLE('BlackSteel',.BOTH.,(#63));
#63=IFCSURFACESTYLESHADING(#64,0.);
#64=IFCCOLOURRGB($,0.101960784313725,0.101960784313725,0.101960784313725);
#65=IFCSURFACESTYLE('CurtenSteel',.BOTH.,(#66));
#66=IFCSURFACESTYLESHADING(#67,0.);
#67=IFCCOLOURRGB($,0.545098039215686,0.270588235294118,0.0745098039215686);
#68=IFCSURFACESTYLE('BronzeAccent',.BOTH.,(#69));
#69=IFCSURFACESTYLESHADING(#70,0.);
#70=IFCCOLOURRGB($,0.8,0.5,0.2);
#71=IFCSURFACESTYLE('StructuralGlass',.BOTH.,(#72));
#72=IFCSURFACESTYLESHADING(#73,0.15);
#73=IFCCOLOURRGB($,0.87843137254902,0.941176470588235,1.);
#74=IFCSURFACESTYLE('FrostedGlass',.BOTH.,(#75));
#75=IFCSURFACESTYLESHADING(#76,0.4);
#76=IFCCOLOURRGB($,0.96078431372549,0.96078431372549,0.96078431372549);
#77=IFCSURFACESTYLE('TintedGlass',.BOTH.,(#78));
#78=IFCSURFACESTYLESHADING(#79,0.25);
#79=IFCCOLOURRGB($,0.72156862745098,0.831372549019608,0.909803921568627);
#80=IFCSURFACESTYLE('GlassDoor',.BOTH.,(#81));
#81=IFCSURFACESTYLESHADING(#82,0.2);
#82=IFCCOLOURRGB($,0.87843137254902,0.941176470588235,1.);
#83=IFCSURFACESTYLE('SteelDoor',.BOTH.,(#84));
#84=IFCSURFACESTYLESHADING(#85,0.);
#85=IFCCOLOURRGB($,0.101960784313725,0.101960784313725,0.101960784313725);
#86=IFCSURFACESTYLE('OakDoor',.BOTH.,(#87));
#87=IFCSURFACESTYLESHADING(#88,0.);
#88=IFCCOLOURRGB($,0.76,0.6,0.42);
#89=IFCSURFACESTYLE('GalleryGlass',.BOTH.,(#90));
#90=IFCSURFACESTYLESHADING(#91,0.1);
#91=IFCCOLOURRGB($,0.87843137254902,0.941176470588235,1.);
#92=IFCSURFACESTYLE('SkyGlass',.BOTH.,(#93));
#93=IFCSURFACESTYLESHADING(#94,0.05);
#94=IFCCOLOURRGB($,0.831372549019608,0.909803921568627,0.96078431372549);
#95=IFCCARTESIANPOINT((0.,0.,0.));
#96=IFCDIRECTION((0.,0.,1.));
#97=IFCDIRECTION((1.,0.,0.));
#98=IFCAXIS2PLACEMENT3D(#95,#96,#97);
#99=IFCLOCALPLACEMENT($,#98);
#100=IFCSITE('0mLqac3cTATv8THFrivUzP',$,'San Francisco Arts District',$,$,#99,$,$,.ELEMENT.,$,$,$,$,$);
#101=IFCRELAGGREGATES('2EFgKdJLT6PeIjE3pdObi6',$,$,$,#1,(#100));
#102=IFCCARTESIANPOINT((0.,0.,0.));
#103=IFCDIRECTION((0.,0.,1.));
#104=IFCDIRECTION((1.,0.,0.));
#105=IFCAXIS2PLACEMENT3D(#102,#103,#104);
#106=IFCLOCALPLACEMENT(#99,#105);
#107=IFCBUILDING('0y16b9_ijDTxV$8nB0KRjg',$,'Lumina Contemporary Art Gallery',$,$,#106,$,$,.ELEMENT.,$,$,$);
#108=IFCRELAGGREGATES('2WisA8PpDBSe4KRm6LNSyf',$,$,$,#100,(#107));
#109=IFCCARTESIANPOINT((0.,0.,0.));
#110=IFCDIRECTION((0.,0.,1.));
#111=IFCDIRECTION((1.,0.,0.));
#112=IFCAXIS2PLACEMENT3D(#109,#110,#111);
#113=IFCLOCALPLACEMENT(#106,#112);
#114=IFCBUILDINGSTOREY('1$somVbvf33OrD6V_2lDxP',$,'Ground Floor',$,$,#113,$,$,.ELEMENT.,0.);
#115=IFCRELAGGREGATES('3OU31GAv962AG97vsmG3GM',$,$,$,#107,(#114));
#116=IFCCARTESIANPOINT((0.,-0.2,0.));
#117=IFCCARTESIANPOINT((50.,-0.2,0.));
#118=IFCCARTESIANPOINT((50.,0.2,0.));
#119=IFCCARTESIANPOINT((0.,0.2,0.));
#120=IFCCARTESIANPOINT((0.,-0.2,0.));
#121=IFCPOLYLINE((#116,#117,#118,#119,#120));
#122=IFCARBITRARYCLOSEDPROFILEDEF(.AREA.,$,#121);
#123=IFCDIRECTION((0.,0.,1.));
#124=IFCEXTRUDEDAREASOLID(#122,$,#123,5.);
#125=IFCSHAPEREPRESENTATION(#11,'Body','SweptSolid',(#124));
#126=IFCPRODUCTDEFINITIONSHAPE($,$,(#125));
#127=IFCCARTESIANPOINT((0.,0.,0.));
#128=IFCDIRECTION((0.,0.,1.));
#129=IFCDIRECTION((1.,0.,0.));
#130=IFCAXIS2PLACEMENT3D(#127,#128,#129);
#131=IFCLOCALPLACEMENT(#113,#130);
#132=IFCWALL('0YdPvek719eQCchV0_W7P4',$,'South Facade',$,$,#131,#126,$,$);
#133=IFCCARTESIANPOINT((50.2,-1.22464679914735E-17,0.));
#134=IFCCARTESIANPOINT((50.2,35.,0.));
#135=IFCCARTESIANPOINT((49.8,35.,0.));
#136=IFCCARTESIANPOINT((49.8,1.22464679914735E-17,0.));
#137=IFCCARTESIANPOINT((50.2,-1.22464679914735E-17,0.));
#138=IFCPOLYLINE((#133,#134,#135,#136,#137));
#139=IFCARBITRARYCLOSEDPROFILEDEF(.AREA.,$,#138);
#140=IFCDIRECTION((0.,0.,1.));
#141=IFCEXTRUDEDAREASOLID(#139,$,#140,5.);
#142=IFCSHAPEREPRESENTATION(#11,'Body','SweptSolid',(#141));
#143=IFCPRODUCTDEFINITIONSHAPE($,$,(#142));
#144=IFCCARTESIANPOINT((0.,0.,0.));
#145=IFCDIRECTION((0.,0.,1.));
#146=IFCDIRECTION((1.,0.,0.));
#147=IFCAXIS2PLACEMENT3D(#144,#145,#146);
#148=IFCLOCALPLACEMENT(#113,#147);
#149=IFCWALL('0PH6LRT61DVPM3FgHnFq5v',$,'East Facade',$,$,#148,#143,$,$);
#150=IFCCARTESIANPOINT((50.,35.2,0.));
#151=IFCCARTESIANPOINT((2.44929359829471E-17,35.2,0.));
#152=IFCCARTESIANPOINT((-2.44929359829471E-17,34.8,0.));
#153=IFCCARTESIANPOINT((50.,34.8,0.));
#154=IFCCARTESIANPOINT((50.,35.2,0.));
#155=IFCPOLYLINE((#150,#151,#152,#153,#154));
#156=IFCARBITRARYCLOSEDPROFILEDEF(.AREA.,$,#155);
#157=IFCDIRECTION((0.,0.,1.));
#158=IFCEXTRUDEDAREASOLID(#156,$,#157,5.);
#159=IFCSHAPEREPRESENTATION(#11,'Body','SweptSolid',(#158));
#160=IFCPRODUCTDEFINITIONSHAPE($,$,(#159));
#161=IFCCARTESIANPOINT((0.,0.,0.));
#162=IFCDIRECTION((0.,0.,1.));
#163=IFCDIRECTION((1.,0.,0.));
#164=IFCAXIS2PLACEMENT3D(#161,#162,#163);
#165=IFCLOCALPLACEMENT(#113,#164);
#166=IFCWALL('27CfRgj6X6UPPW5WKAIie7',$,'North Facade',$,$,#165,#160,$,$);
#167=IFCCARTESIANPOINT((-0.2,35.,0.));
#168=IFCCARTESIANPOINT((-0.2,-1.22464679914735E-17,0.));
#169=IFCCARTESIANPOINT((0.2,1.22464679914735E-17,0.));
#170=IFCCARTESIANPOINT((0.2,35.,0.));
#171=IFCCARTESIANPOINT((-0.2,35.,0.));
#172=IFCPOLYLINE((#167,#168,#169,#170,#171));
#173=IFCARBITRARYCLOSEDPROFILEDEF(.AREA.,$,#172);
#174=IFCDIRECTION((0.,0.,1.));
#175=IFCEXTRUDEDAREASOLID(#173,$,#174,5.);
#176=IFCSHAPEREPRESENTATION(#11,'Body','SweptSolid',(#175));
#177=IFCPRODUCTDEFINITIONSHAPE($,$,(#176));
#178=IFCCARTESIANPOINT((0.,0.,0.));
#179=IFCDIRECTION((0.,0.,1.));
#180=IFCDIRECTION((1.,0.,0.));
#181=IFCAXIS2PLACEMENT3D(#178,#179,#180);
#182=IFCLOCALPLACEMENT(#113,#181);
#183=IFCWALL('0drzx7$9f5Yx0Zdf6gr7Mf',$,'West Facade',$,$,#182,#177,$,$);
#184=IFCCARTESIANPOINT((0.,9.9,0.));
#185=IFCCARTESIANPOINT((18.,9.9,0.));
#186=IFCCARTESIANPOINT((18.,10.1,0.));
#187=IFCCARTESIANPOINT((0.,10.1,0.));
#188=IFCCARTESIANPOINT((0.,9.9,0.));
#189=IFCPOLYLINE((#184,#185,#186,#187,#188));
#190=IFCARBITRARYCLOSEDPROFILEDEF(.AREA.,$,#189);
#191=IFCDIRECTION((0.,0.,1.));
#192=IFCEXTRUDEDAREASOLID(#190,$,#191,5.);
#193=IFCSHAPEREPRESENTATION(#11,'Body','SweptSolid',(#192));
#194=IFCPRODUCTDEFINITIONSHAPE($,$,(#193));
#195=IFCCARTESIANPOINT((0.,0.,0.));
#196=IFCDIRECTION((0.,0.,1.));
#197=IFCDIRECTION((1.,0.,0.));
#198=IFCAXIS2PLACEMENT3D(#195,#196,#197);
#199=IFCLOCALPLACEMENT(#113,#198);
#200=IFCWALL('02B_h817X3E8cKR$261FkJ',$,'Entry North',$,$,#199,#194,$,$);
#201=IFCCARTESIANPOINT((12.075,-4.59242549680257E-18,0.));
#202=IFCCARTESIANPOINT((12.075,10.,0.));
#203=IFCCARTESIANPOINT((11.925,10.,0.));
#204=IFCCARTESIANPOINT((11.925,4.59242549680257E-18,0.));
#205=IFCCARTESIANPOINT((12.075,-4.59242549680257E-18,0.));
#206=IFCPOLYLINE((#201,#202,#203,#204,#205));
#207=IFCARBITRARYCLOSEDPROFILEDEF(.AREA.,$,#206);
#208=IFCDIRECTION((0.,0.,1.));
#209=IFCEXTRUDEDAREASOLID(#207,$,#208,5.);
#210=IFCSHAPEREPRESENTATION(#11,'Body','SweptSolid',(#209));
#211=IFCPRODUCTDEFINITIONSHAPE($,$,(#210));
#212=IFCCARTESIANPOINT((0.,0.,0.));
#213=IFCDIRECTION((0.,0.,1.));
#214=IFCDIRECTION((1.,0.,0.));
#215=IFCAXIS2PLACEMENT3D(#212,#213,#214);
#216=IFCLOCALPLACEMENT(#113,#215);
#217=IFCWALL('1AQpSoqsTAiO6EZOOL2ZHp',$,'Shop East',$,$,#216,#211,$,$);
#218=IFCCARTESIANPOINT((30.1,-6.12323399573677E-18,0.));
#219=IFCCARTESIANPOINT((30.1,22.,0.));
#220=IFCCARTESIANPOINT((29.9,22.,0.));
#221=IFCCARTESIANPOINT((29.9,6.12323399573677E-18,0.));
#222=IFCCARTESIANPOINT((30.1,-6.12323399573677E-18,0.));
#223=IFCPOLYLINE((#218,#219,#220,#221,#222));
#224=IFCARBITRARYCLOSEDPROFILEDEF(.AREA.,$,#223);
#225=IFCDIRECTION((0.,0.,1.));
#226=IFCEXTRUDEDAREASOLID(#224,$,#225,5.);
#227=IFCSHAPEREPRESENTATION(#11,'Body','SweptSolid',(#226));
#228=IFCPRODUCTDEFINITIONSHAPE($,$,(#227));
#229=IFCCARTESIANPOINT((0.,0.,0.));
#230=IFCDIRECTION((0.,0.,1.));
#231=IFCDIRECTION((1.,0.,0.));
#232=IFCAXIS2PLACEMENT3D(#229,#230,#231);
#233=IFCLOCALPLACEMENT(#113,#232);
#234=IFCWALL('14T8xBQv52DO5JUmLbVYzc',$,'Gallery East',$,$,#233,#228,$,$);
#235=IFCCARTESIANPOINT((30.1,10.,0.));
#236=IFCCARTESIANPOINT((30.1,35.,0.));
#237=IFCCARTESIANPOINT((29.9,35.,0.));
#238=IFCCARTESIANPOINT((29.9,10.,0.));
#239=IFCCARTESIANPOINT((30.1,10.,0.));
#240=IFCPOLYLINE((#235,#236,#237,#238,#239));
#241=IFCARBITRARYCLOSEDPROFILEDEF(.AREA.,$,#240);
#242=IFCDIRECTION((0.,0.,1.));
#243=IFCEXTRUDEDAREASOLID(#241,$,#242,5.);
#244=IFCSHAPEREPRESENTATION(#11,'Body','SweptSolid',(#243));
#245=IFCPRODUCTDEFINITIONSHAPE($,$,(#244));
#246=IFCCARTESIANPOINT((0.,0.,0.));
#247=IFCDIRECTION((0.,0.,1.));
#248=IFCDIRECTION((1.,0.,0.));
#249=IFCAXIS2PLACEMENT3D(#246,#247,#248);
#250=IFCLOCALPLACEMENT(#113,#249);
#251=IFCWALL('3pgJg7xM52awbkWSJDWdao',$,'Court West',$,$,#250,#245,$,$);
#252=IFCCARTESIANPOINT((0.,21.925,0.));
#253=IFCCARTESIANPOINT((12.,21.925,0.));
#254=IFCCARTESIANPOINT((12.,22.075,0.));
#255=IFCCARTESIANPOINT((0.,22.075,0.));
#256=IFCCARTESIANPOINT((0.,21.925,0.));
#257=IFCPOLYLINE((#252,#253,#254,#255,#256));
#258=IFCARBITRARYCLOSEDPROFILEDEF(.AREA.,$,#257);
#259=IFCDIRECTION((0.,0.,1.));
#260=IFCEXTRUDEDAREASOLID(#258,$,#259,5.);
#261=IFCSHAPEREPRESENTATION(#11,'Body','SweptSolid',(#260));
#262=IFCPRODUCTDEFINITIONSHAPE($,$,(#261));
#263=IFCCARTESIANPOINT((0.,0.,0.));
#264=IFCDIRECTION((0.,0.,1.));
#265=IFCDIRECTION((1.,0.,0.));
#266=IFCAXIS2PLACEMENT3D(#263,#264,#265);
#267=IFCLOCALPLACEMENT(#113,#266);
#268=IFCWALL('3HnnAynSPEbxbmk5AV7us8',$,'Cafe North',$,$,#267,#262,$,$);
#269=IFCCARTESIANPOINT((12.075,10.,0.));
#270=IFCCARTESIANPOINT((12.075,22.,0.));
#271=IFCCARTESIANPOINT((11.925,22.,0.));
#272=IFCCARTESIANPOINT((11.925,10.,0.));
#273=IFCCARTESIANPOINT((12.075,10.,0.));
#274=IFCPOLYLINE((#269,#270,#271,#272,#273));
#275=IFCARBITRARYCLOSEDPROFILEDEF(.AREA.,$,#274);
#276=IFCDIRECTION((0.,0.,1.));
#277=IFCEXTRUDEDAREASOLID(#275,$,#276,5.);
#278=IFCSHAPEREPRESENTATION(#11,'Body','SweptSolid',(#277));
#279=IFCPRODUCTDEFINITIONSHAPE($,$,(#278));
#280=IFCCARTESIANPOINT((0.,0.,0.));
#281=IFCDIRECTION((0.,0.,1.));
#282=IFCDIRECTION((1.,0.,0.));
#283=IFCAXIS2PLACEMENT3D(#280,#281,#282);
#284=IFCLOCALPLACEMENT(#113,#283);
#285=IFCWALL('19fi9zzbz7HeQZbiO8Un8o',$,'Cafe East',$,$,#284,#279,$,$);
#286=IFCCARTESIANPOINT((12.,21.925,0.));
#287=IFCCARTESIANPOINT((30.,21.925,0.));
#288=IFCCARTESIANPOINT((30.,22.075,0.));
#289=IFCCARTESIANPOINT((12.,22.075,0.));
#290=IFCCARTESIANPOINT((12.,21.925,0.));
#291=IFCPOLYLINE((#286,#287,#288,#289,#290));
#292=IFCARBITRARYCLOSEDPROFILEDEF(.AREA.,$,#291);
#293=IFCDIRECTION((0.,0.,1.));
#294=IFCEXTRUDEDAREASOLID(#292,$,#293,5.);
#295=IFCSHAPEREPRESENTATION(#11,'Body','SweptSolid',(#294));
#296=IFCPRODUCTDEFINITIONSHAPE($,$,(#295));
#297=IFCCARTESIANPOINT((0.,0.,0.));
#298=IFCDIRECTION((0.,0.,1.));
#299=IFCDIRECTION((1.,0.,0.));
#300=IFCAXIS2PLACEMENT3D(#297,#298,#299);
#301=IFCLOCALPLACEMENT(#113,#300);
#302=IFCWALL('2Rq91SlYb3P8QLuHxx3Jc9',$,'Service South',$,$,#301,#296,$,$);
#303=IFCCARTESIANPOINT((0.,27.925,0.));
#304=IFCCARTESIANPOINT((14.,27.925,0.));
#305=IFCCARTESIANPOINT((14.,28.075,0.));
#306=IFCCARTESIANPOINT((0.,28.075,0.));
#307=IFCCARTESIANPOINT((0.,27.925,0.));
#308=IFCPOLYLINE((#303,#304,#305,#306,#307));
#309=IFCARBITRARYCLOSEDPROFILEDEF(.AREA.,$,#308);
#310=IFCDIRECTION((0.,0.,1.));
#311=IFCEXTRUDEDAREASOLID(#309,$,#310,5.);
#312=IFCSHAPEREPRESENTATION(#11,'Body','SweptSolid',(#311));
#313=IFCPRODUCTDEFINITIONSHAPE($,$,(#312));
#314=IFCCARTESIANPOINT((0.,0.,0.));
#315=IFCDIRECTION((0.,0.,1.));
#316=IFCDIRECTION((1.,0.,0.));
#317=IFCAXIS2PLACEMENT3D(#314,#315,#316);
#318=IFCLOCALPLACEMENT(#113,#317);
#319=IFCWALL('3tmr$lSFD3ZxEoiFbCwpaG',$,'Staff South',$,$,#318,#313,$,$);
#320=IFCCARTESIANPOINT((14.075,22.,0.));
#321=IFCCARTESIANPOINT((14.075,28.,0.));
#322=IFCCARTESIANPOINT((13.925,28.,0.));
#323=IFCCARTESIANPOINT((13.925,22.,0.));
#324=IFCCARTESIANPOINT((14.075,22.,0.));
#325=IFCPOLYLINE((#320,#321,#322,#323,#324));
#326=IFCARBITRARYCLOSEDPROFILEDEF(.AREA.,$,#325);
#327=IFCDIRECTION((0.,0.,1.));
#328=IFCEXTRUDEDAREASOLID(#326,$,#327,5.);
#329=IFCSHAPEREPRESENTATION(#11,'Body','SweptSolid',(#328));
#330=IFCPRODUCTDEFINITIONSHAPE($,$,(#329));
#331=IFCCARTESIANPOINT((0.,0.,0.));
#332=IFCDIRECTION((0.,0.,1.));
#333=IFCDIRECTION((1.,0.,0.));
#334=IFCAXIS2PLACEMENT3D(#331,#332,#333);
#335=IFCLOCALPLACEMENT(#113,#334);
#336=IFCWALL('3HVLSX$vf6MAaC4qyj0d3n',$,'Staff East',$,$,#335,#330,$,$);
#337=IFCCARTESIANPOINT((7.075,22.,0.));
#338=IFCCARTESIANPOINT((7.075,28.,0.));
#339=IFCCARTESIANPOINT((6.925,28.,0.));
#340=IFCCARTESIANPOINT((6.925,22.,0.));
#341=IFCCARTESIANPOINT((7.075,22.,0.));
#342=IFCPOLYLINE((#337,#338,#339,#340,#341));
#343=IFCARBITRARYCLOSEDPROFILEDEF(.AREA.,$,#342);
#344=IFCDIRECTION((0.,0.,1.));
#345=IFCEXTRUDEDAREASOLID(#343,$,#344,5.);
#346=IFCSHAPEREPRESENTATION(#11,'Body','SweptSolid',(#345));
#347=IFCPRODUCTDEFINITIONSHAPE($,$,(#346));
#348=IFCCARTESIANPOINT((0.,0.,0.));
#349=IFCDIRECTION((0.,0.,1.));
#350=IFCDIRECTION((1.,0.,0.));
#351=IFCAXIS2PLACEMENT3D(#348,#349,#350);
#352=IFCLOCALPLACEMENT(#113,#351);
#353=IFCWALL('0D7jVdQDXApgQjQHGuywhI',$,'Restroom Divider',$,$,#352,#347,$,$);
#354=IFCCARTESIANPOINT((0.,0.,-0.25));
#355=IFCCARTESIANPOINT((50.,0.,-0.25));
#356=IFCCARTESIANPOINT((50.,35.,-0.25));
#357=IFCCARTESIANPOINT((0.,35.,-0.25));
#358=IFCCARTESIANPOINT((0.,0.,-0.25));
#359=IFCPOLYLINE((#354,#355,#356,#357,#358));
#360=IFCARBITRARYCLOSEDPROFILEDEF(.AREA.,$,#359);
#361=IFCDIRECTION((0.,0.,1.));
#362=IFCEXTRUDEDAREASOLID(#360,$,#361,0.25);
#363=IFCSHAPEREPRESENTATION(#11,'Body','SweptSolid',(#362));
#364=IFCPRODUCTDEFINITIONSHAPE($,$,(#363));
#365=IFCCARTESIANPOINT((0.,0.,0.));
#366=IFCDIRECTION((0.,0.,1.));
#367=IFCDIRECTION((1.,0.,0.));
#368=IFCAXIS2PLACEMENT3D(#365,#366,#367);
#369=IFCLOCALPLACEMENT(#113,#368);
#370=IFCSLAB('3wX_P6wZLAWRqgvCws5FZj',$,'Ground Floor Floor',$,$,#369,#364,$,.FLOOR.);
#371=IFCCARTESIANPOINT((0.,0.,3.5));
#372=IFCCARTESIANPOINT((50.,0.,3.5));
#373=IFCCARTESIANPOINT((50.,35.,3.5));
#374=IFCCARTESIANPOINT((0.,35.,3.5));
#375=IFCCARTESIANPOINT((0.,0.,3.5));
#376=IFCPOLYLINE((#371,#372,#373,#374,#375));
#377=IFCARBITRARYCLOSEDPROFILEDEF(.AREA.,$,#376);
#378=IFCDIRECTION((0.,0.,1.));
#379=IFCEXTRUDEDAREASOLID(#377,$,#378,0.1);
#380=IFCSHAPEREPRESENTATION(#11,'Body','SweptSolid',(#379));
#381=IFCPRODUCTDEFINITIONSHAPE($,$,(#380));
#382=IFCCARTESIANPOINT((0.,0.,0.));
#383=IFCDIRECTION((0.,0.,1.));
#384=IFCDIRECTION((1.,0.,0.));
#385=IFCAXIS2PLACEMENT3D(#382,#383,#384);
#386=IFCLOCALPLACEMENT(#113,#385);
#387=IFCSLAB('1b5bf6sS9Bmx6qkQMru0KA',$,'Ground Floor Ceiling',$,$,#386,#381,$,.FLOOR.);
#388=IFCCARTESIANPOINT((34.8,14.8,0.));
#389=IFCCARTESIANPOINT((35.2,14.8,0.));
#390=IFCCARTESIANPOINT((35.2,15.2,0.));
#391=IFCCARTESIANPOINT((34.8,15.2,0.));
#392=IFCCARTESIANPOINT((34.8,14.8,0.));
#393=IFCPOLYLINE((#388,#389,#390,#391,#392));
#394=IFCARBITRARYCLOSEDPROFILEDEF(.AREA.,$,#393);
#395=IFCDIRECTION((0.,0.,1.));
#396=IFCEXTRUDEDAREASOLID(#394,$,#395,5.);
#397=IFCSHAPEREPRESENTATION(#11,'Body','SweptSolid',(#396));
#398=IFCPRODUCTDEFINITIONSHAPE($,$,(#397));
#399=IFCCARTESIANPOINT((0.,0.,0.));
#400=IFCDIRECTION((0.,0.,1.));
#401=IFCDIRECTION((1.,0.,0.));
#402=IFCAXIS2PLACEMENT3D(#399,#400,#401);
#403=IFCLOCALPLACEMENT(#113,#402);
#404=IFCCOLUMN('0PgA6O8VbDdAqYTM9mlmJ7',$,'C1',$,$,#403,#398,$,$);
#405=IFCCARTESIANPOINT((34.8,24.8,0.));
#406=IFCCARTESIANPOINT((35.2,24.8,0.));
#407=IFCCARTESIANPOINT((35.2,25.2,0.));
#408=IFCCARTESIANPOINT((34.8,25.2,0.));
#409=IFCCARTESIANPOINT((34.8,24.8,0.));
#410=IFCPOLYLINE((#405,#406,#407,#408,#409));
#411=IFCARBITRARYCLOSEDPROFILEDEF(.AREA.,$,#410);
#412=IFCDIRECTION((0.,0.,1.));
#413=IFCEXTRUDEDAREASOLID(#411,$,#412,5.);
#414=IFCSHAPEREPRESENTATION(#11,'Body','SweptSolid',(#413));
#415=IFCPRODUCTDEFINITIONSHAPE($,$,(#414));
#416=IFCCARTESIANPOINT((0.,0.,0.));
#417=IFCDIRECTION((0.,0.,1.));
#418=IFCDIRECTION((1.,0.,0.));
#419=IFCAXIS2PLACEMENT3D(#416,#417,#418);
#420=IFCLOCALPLACEMENT(#113,#419);
#421=IFCCOLUMN('3pRkkVxGv3UAa6zpUuKU7A',$,'C2',$,$,#420,#415,$,$);
#422=IFCCARTESIANPOINT((44.8,14.8,0.));
#423=IFCCARTESIANPOINT((45.2,14.8,0.));
#424=IFCCARTESIANPOINT((45.2,15.2,0.));
#425=IFCCARTESIANPOINT((44.8,15.2,0.));
#426=IFCCARTESIANPOINT((44.8,14.8,0.));
#427=IFCPOLYLINE((#422,#423,#424,#425,#426));
#428=IFCARBITRARYCLOSEDPROFILEDEF(.AREA.,$,#427);
#429=IFCDIRECTION((0.,0.,1.));
#430=IFCEXTRUDEDAREASOLID(#428,$,#429,5.);
#431=IFCSHAPEREPRESENTATION(#11,'Body','SweptSolid',(#430));
#432=IFCPRODUCTDEFINITIONSHAPE($,$,(#431));
#433=IFCCARTESIANPOINT((0.,0.,0.));
#434=IFCDIRECTION((0.,0.,1.));
#435=IFCDIRECTION((1.,0.,0.));
#436=IFCAXIS2PLACEMENT3D(#433,#434,#435);
#437=IFCLOCALPLACEMENT(#113,#436);
#438=IFCCOLUMN('3eYJtI_xz1SfZirDuDFmeh',$,'C3',$,$,#437,#432,$,$);
#439=IFCCARTESIANPOINT((44.8,24.8,0.));
#440=IFCCARTESIANPOINT((45.2,24.8,0.));
#441=IFCCARTESIANPOINT((45.2,25.2,0.));
#442=IFCCARTESIANPOINT((44.8,25.2,0.));
#443=IFCCARTESIANPOINT((44.8,24.8,0.));
#444=IFCPOLYLINE((#439,#440,#441,#442,#443));
#445=IFCARBITRARYCLOSEDPROFILEDEF(.AREA.,$,#444);
#446=IFCDIRECTION((0.,0.,1.));
#447=IFCEXTRUDEDAREASOLID(#445,$,#446,5.);
#448=IFCSHAPEREPRESENTATION(#11,'Body','SweptSolid',(#447));
#449=IFCPRODUCTDEFINITIONSHAPE($,$,(#448));
#450=IFCCARTESIANPOINT((0.,0.,0.));
#451=IFCDIRECTION((0.,0.,1.));
#452=IFCDIRECTION((1.,0.,0.));
#453=IFCAXIS2PLACEMENT3D(#450,#451,#452);
#454=IFCLOCALPLACEMENT(#113,#453);
#455=IFCCOLUMN('1UhwczGpj4UOhCIemdjrWe',$,'C4',$,$,#454,#449,$,$);
#456=IFCCARTESIANPOINT((8.8,4.8,0.));
#457=IFCCARTESIANPOINT((9.2,4.8,0.));
#458=IFCCARTESIANPOINT((9.2,5.2,0.));
#459=IFCCARTESIANPOINT((8.8,5.2,0.));
#460=IFCCARTESIANPOINT((8.8,4.8,0.));
#461=IFCPOLYLINE((#456,#457,#458,#459,#460));
#462=IFCARBITRARYCLOSEDPROFILEDEF(.AREA.,$,#461);
#463=IFCDIRECTION((0.,0.,1.));
#464=IFCEXTRUDEDAREASOLID(#462,$,#463,5.);
#465=IFCSHAPEREPRESENTATION(#11,'Body','SweptSolid',(#464));
#466=IFCPRODUCTDEFINITIONSHAPE($,$,(#465));
#467=IFCCARTESIANPOINT((0.,0.,0.));
#468=IFCDIRECTION((0.,0.,1.));
#469=IFCDIRECTION((1.,0.,0.));
#470=IFCAXIS2PLACEMENT3D(#467,#468,#469);
#471=IFCLOCALPLACEMENT(#113,#470);
#472=IFCCOLUMN('1ccT_TFbD4AguPYlymnuxZ',$,'C5',$,$,#471,#466,$,$);
#473=IFCCARTESIANPOINT((20.8,4.8,0.));
#474=IFCCARTESIANPOINT((21.2,4.8,0.));
#475=IFCCARTESIANPOINT((21.2,5.2,0.));
#476=IFCCARTESIANPOINT((20.8,5.2,0.));
#477=IFCCARTESIANPOINT((20.8,4.8,0.));
#478=IFCPOLYLINE((#473,#474,#475,#476,#477));
#479=IFCARBITRARYCLOSEDPROFILEDEF(.AREA.,$,#478);
#480=IFCDIRECTION((0.,0.,1.));
#481=IFCEXTRUDEDAREASOLID(#479,$,#480,5.);
#482=IFCSHAPEREPRESENTATION(#11,'Body','SweptSolid',(#481));
#483=IFCPRODUCTDEFINITIONSHAPE($,$,(#482));
#484=IFCCARTESIANPOINT((0.,0.,0.));
#485=IFCDIRECTION((0.,0.,1.));
#486=IFCDIRECTION((1.,0.,0.));
#487=IFCAXIS2PLACEMENT3D(#484,#485,#486);
#488=IFCLOCALPLACEMENT(#113,#487);
#489=IFCCOLUMN('3lw3vDAbfCVfcNlHBYczTe',$,'C6',$,$,#488,#483,$,$);
#490=IFCCARTESIANPOINT((20.8,14.8,0.));
#491=IFCCARTESIANPOINT((21.2,14.8,0.));
#492=IFCCARTESIANPOINT((21.2,15.2,0.));
#493=IFCCARTESIANPOINT((20.8,15.2,0.));
#494=IFCCARTESIANPOINT((20.8,14.8,0.));
#495=IFCPOLYLINE((#490,#491,#492,#493,#494));
#496=IFCARBITRARYCLOSEDPROFILEDEF(.AREA.,$,#495);
#497=IFCDIRECTION((0.,0.,1.));
#498=IFCEXTRUDEDAREASOLID(#496,$,#497,5.);
#499=IFCSHAPEREPRESENTATION(#11,'Body','SweptSolid',(#498));
#500=IFCPRODUCTDEFINITIONSHAPE($,$,(#499));
#501=IFCCARTESIANPOINT((0.,0.,0.));
#502=IFCDIRECTION((0.,0.,1.));
#503=IFCDIRECTION((1.,0.,0.));
#504=IFCAXIS2PLACEMENT3D(#501,#502,#503);
#505=IFCLOCALPLACEMENT(#113,#504);
#506=IFCCOLUMN('0_rKA_CLDCVxXEG$zyQoNB',$,'C7',$,$,#505,#500,$,$);
#507=IFCCARTESIANPOINT((5.8,15.8,0.));
#508=IFCCARTESIANPOINT((6.2,15.8,0.));
#509=IFCCARTESIANPOINT((6.2,16.2,0.));
#510=IFCCARTESIANPOINT((5.8,16.2,0.));
#511=IFCCARTESIANPOINT((5.8,15.8,0.));
#512=IFCPOLYLINE((#507,#508,#509,#510,#511));
#513=IFCARBITRARYCLOSEDPROFILEDEF(.AREA.,$,#512);
#514=IFCDIRECTION((0.,0.,1.));
#515=IFCEXTRUDEDAREASOLID(#513,$,#514,5.);
#516=IFCSHAPEREPRESENTATION(#11,'Body','SweptSolid',(#515));
#517=IFCPRODUCTDEFINITIONSHAPE($,$,(#516));
#518=IFCCARTESIANPOINT((0.,0.,0.));
#519=IFCDIRECTION((0.,0.,1.));
#520=IFCDIRECTION((1.,0.,0.));
#521=IFCAXIS2PLACEMENT3D(#518,#519,#520);
#522=IFCLOCALPLACEMENT(#113,#521);
#523=IFCCOLUMN('11kAqs88PEnRDQVnn_vRsq',$,'C8',$,$,#522,#517,$,$);
#524=IFCCARTESIANPOINT((4.5,-0.4,0.));
#525=IFCCARTESIANPOINT((7.5,-0.4,0.));
#526=IFCCARTESIANPOINT((7.5,0.4,0.));
#527=IFCCARTESIANPOINT((4.5,0.4,0.));
#528=IFCCARTESIANPOINT((4.5,-0.4,0.));
#529=IFCPOLYLINE((#524,#525,#526,#527,#528));
#530=IFCARBITRARYCLOSEDPROFILEDEF(.AREA.,$,#529);
#531=IFCDIRECTION((0.,0.,1.));
#532=IFCEXTRUDEDAREASOLID(#530,$,#531,2.4);
#533=IFCSHAPEREPRESENTATION(#11,'Body','SweptSolid',(#532));
#534=IFCPRODUCTDEFINITIONSHAPE($,$,(#533));
#535=IFCCARTESIANPOINT((0.,0.,0.));
#536=IFCDIRECTION((0.,0.,1.));
#537=IFCDIRECTION((1.,0.,0.));
#538=IFCAXIS2PLACEMENT3D(#535,#536,#537);
#539=IFCLOCALPLACEMENT(#113,#538);
#540=IFCOPENINGELEMENT('1JGvyTzxD2SxNIgcvxYSii',$,'Opening for Main Entrance',$,$,#539,#534,$,$);
#541=IFCRELVOIDSELEMENT('2bbUebyB5DJRsGQbCCU9L$',$,'Wall Opening',$,#132,#540);
#542=IFCCARTESIANPOINT((4.5,0.,0.));
#543=IFCCARTESIANPOINT((7.5,0.,0.));
#544=IFCCARTESIANPOINT((7.5,0.05,0.));
#545=IFCCARTESIANPOINT((4.5,0.05,0.));
#546=IFCCARTESIANPOINT((4.5,0.,0.));
#547=IFCPOLYLINE((#542,#543,#544,#545,#546));
#548=IFCARBITRARYCLOSEDPROFILEDEF(.AREA.,$,#547);
#549=IFCDIRECTION((0.,0.,1.));
#550=IFCEXTRUDEDAREASOLID(#548,$,#549,2.4);
#551=IFCSHAPEREPRESENTATION(#11,'Body','SweptSolid',(#550));
#552=IFCPRODUCTDEFINITIONSHAPE($,$,(#551));
#553=IFCCARTESIANPOINT((0.,0.,0.));
#554=IFCDIRECTION((0.,0.,1.));
#555=IFCDIRECTION((1.,0.,0.));
#556=IFCAXIS2PLACEMENT3D(#553,#554,#555);
#557=IFCLOCALPLACEMENT(#113,#556);
#558=IFCDOOR('3F3ngErGPFvg6aAm3$ZsbC',$,'Main Entrance','Connects Entry Lobby to exterior',$,#557,#552,$,2.4,3.,$,$,$);
#559=IFCRELFILLSELEMENT('2gbl98ndH8zhgZp$$F$$aA',$,'Door Fill',$,#540,#558);
#560=IFCSTYLEDITEM(#550,(#80),'GlassDoor');
#561=IFCCARTESIANPOINT((-0.4,33.5,0.6));
#562=IFCCARTESIANPOINT((-0.4,30.5,0.6));
#563=IFCCARTESIANPOINT((0.4,30.5,0.6));
#564=IFCCARTESIANPOINT((0.4,33.5,0.6));
#565=IFCCARTESIANPOINT((-0.4,33.5,0.6));
#566=IFCPOLYLINE((#561,#562,#563,#564,#565));
#567=IFCARBITRARYCLOSEDPROFILEDEF(.AREA.,$,#566);
#568=IFCDIRECTION((0.,0.,1.));
#569=IFCEXTRUDEDAREASOLID(#567,$,#568,3.5);
#570=IFCSHAPEREPRESENTATION(#11,'Body','SweptSolid',(#569));
#571=IFCPRODUCTDEFINITIONSHAPE($,$,(#570));
#572=IFCCARTESIANPOINT((0.,0.,0.));
#573=IFCDIRECTION((0.,0.,1.));
#574=IFCDIRECTION((1.,0.,0.));
#575=IFCAXIS2PLACEMENT3D(#572,#573,#574);
#576=IFCLOCALPLACEMENT(#113,#575);
#577=IFCOPENINGELEMENT('256fXsnkTEcQKzg3F3RYv5',$,'Opening for Entry Window West',$,$,#576,#571,$,$);
#578=IFCRELVOIDSELEMENT('0I94pnEp57ZOuPijroTNNA',$,'Wall Opening',$,#183,#577);
#579=IFCCARTESIANPOINT((-9.18485099360515E-17,33.5,0.6));
#580=IFCCARTESIANPOINT((9.18485099360515E-17,30.5,0.6));
#581=IFCCARTESIANPOINT((0.0200000000000001,30.5,0.6));
#582=IFCCARTESIANPOINT((0.0199999999999999,33.5,0.6));
#583=IFCCARTESIANPOINT((-9.18485099360515E-17,33.5,0.6));
#584=IFCPOLYLINE((#579,#580,#581,#582,#583));
#585=IFCARBITRARYCLOSEDPROFILEDEF(.AREA.,$,#584);
#586=IFCDIRECTION((0.,0.,1.));
#587=IFCEXTRUDEDAREASOLID(#585,$,#586,3.5);
#588=IFCSHAPEREPRESENTATION(#11,'Body','SweptSolid',(#587));
#589=IFCPRODUCTDEFINITIONSHAPE($,$,(#588));
#590=IFCCARTESIANPOINT((0.,0.,0.));
#591=IFCDIRECTION((0.,0.,1.));
#592=IFCDIRECTION((1.,0.,0.));
#593=IFCAXIS2PLACEMENT3D(#590,#591,#592);
#594=IFCLOCALPLACEMENT(#113,#593);
#595=IFCWINDOW('0Usmn5h79CofJt$YbFiFni',$,'Entry Window West',$,$,#594,#589,$,3.5,3.,$,$,$);
#596=IFCRELFILLSELEMENT('0mHiZ5e$bDZBuHubpIoY5$',$,'Window Fill',$,#577,#595);
#597=IFCSTYLEDITEM(#587,(#89),'GalleryGlass');
#598=IFCCARTESIANPOINT((1.1,-0.4,0.6));
#599=IFCCARTESIANPOINT((2.9,-0.4,0.6));
#600=IFCCARTESIANPOINT((2.9,0.4,0.6));
#601=IFCCARTESIANPOINT((1.1,0.4,0.6));
#602=IFCCARTESIANPOINT((1.1,-0.4,0.6));
#603=IFCPOLYLINE((#598,#599,#600,#601,#602));
#604=IFCARBITRARYCLOSEDPROFILEDEF(.AREA.,$,#603);
#605=IFCDIRECTION((0.,0.,1.));
#606=IFCEXTRUDEDAREASOLID(#604,$,#605,2.1);
#607=IFCSHAPEREPRESENTATION(#11,'Body','SweptSolid',(#606));
#608=IFCPRODUCTDEFINITIONSHAPE($,$,(#607));
#609=IFCCARTESIANPOINT((0.,0.,0.));
#610=IFCDIRECTION((0.,0.,1.));
#611=IFCDIRECTION((1.,0.,0.));
#612=IFCAXIS2PLACEMENT3D(#609,#610,#611);
#613=IFCLOCALPLACEMENT(#113,#612);
#614=IFCOPENINGELEMENT('0qHFLaRhj56es6knMSWMHH',$,'Opening for Entry Window South',$,$,#613,#608,$,$);
#615=IFCRELVOIDSELEMENT('1RBQnZ$VzEGurXe8VJDrcY',$,'Wall Opening',$,#132,#614);
#616=IFCCARTESIANPOINT((1.1,0.,0.6));
#617=IFCCARTESIANPOINT((2.9,0.,0.6));
#618=IFCCARTESIANPOINT((2.9,0.02,0.6));
#619=IFCCARTESIANPOINT((1.1,0.02,0.6));
#620=IFCCARTESIANPOINT((1.1,0.,0.6));
#621=IFCPOLYLINE((#616,#617,#618,#619,#620));
#622=IFCARBITRARYCLOSEDPROFILEDEF(.AREA.,$,#621);
#623=IFCDIRECTION((0.,0.,1.));
#624=IFCEXTRUDEDAREASOLID(#622,$,#623,2.1);
#625=IFCSHAPEREPRESENTATION(#11,'Body','SweptSolid',(#624));
#626=IFCPRODUCTDEFINITIONSHAPE($,$,(#625));
#627=IFCCARTESIANPOINT((0.,0.,0.));
#628=IFCDIRECTION((0.,0.,1.));
#629=IFCDIRECTION((1.,0.,0.));
#630=IFCAXIS2PLACEMENT3D(#627,#628,#629);
#631=IFCLOCALPLACEMENT(#113,#630);
#632=IFCWINDOW('3ptif$G9bATBdfVFBztenZ',$,'Entry Window South',$,$,#631,#626,$,2.1,1.8,$,$,$);
#633=IFCRELFILLSELEMENT('2Wm9aCY4nCHfRzX8suOjvT',$,'Window Fill',$,#614,#632);
#634=IFCSTYLEDITEM(#624,(#89),'GalleryGlass');
#635=IFCCARTESIANPOINT((4.5,6.5,0.));
#636=IFCCARTESIANPOINT((1.5,6.5,0.));
#637=IFCCARTESIANPOINT((1.5,5.5,0.));
#638=IFCCARTESIANPOINT((4.5,5.5,0.));
#639=IFCCARTESIANPOINT((4.5,6.5,0.));
#640=IFCPOLYLINE((#635,#636,#637,#638,#639));
#641=IFCARBITRARYCLOSEDPROFILEDEF(.AREA.,$,#640);
#642=IFCDIRECTION((0.,0.,1.));
#643=IFCEXTRUDEDAREASOLID(#641,$,#642,1.1);
#644=IFCSHAPEREPRESENTATION(#11,'Body','SweptSolid',(#643));
#645=IFCPRODUCTDEFINITIONSHAPE($,$,(#644));
#646=IFCCARTESIANPOINT((0.,0.,0.));
#647=IFCDIRECTION((0.,0.,1.));
#648=IFCDIRECTION((1.,0.,0.));
#649=IFCAXIS2PLACEMENT3D(#646,#647,#648);
#650=IFCLOCALPLACEMENT(#113,#649);
#651=IFCFURNISHINGELEMENT('3jgHbL$dXFVuEcIHfaqdAt',$,'Information Desk',$,$,#650,#645,$);
#652=IFCCARTESIANPOINT((8.1,2.75,0.));
#653=IFCCARTESIANPOINT((9.9,2.75,0.));
#654=IFCCARTESIANPOINT((9.9,3.25,0.));
#655=IFCCARTESIANPOINT((8.1,3.25,0.));
#656=IFCCARTESIANPOINT((8.1,2.75,0.));
#657=IFCPOLYLINE((#652,#653,#654,#655,#656));
#658=IFCARBITRARYCLOSEDPROFILEDEF(.AREA.,$,#657);
#659=IFCDIRECTION((0.,0.,1.));
#660=IFCEXTRUDEDAREASOLID(#658,$,#659,0.45);
#661=IFCSHAPEREPRESENTATION(#11,'Body','SweptSolid',(#660));
#662=IFCPRODUCTDEFINITIONSHAPE($,$,(#661));
#663=IFCCARTESIANPOINT((0.,0.,0.));
#664=IFCDIRECTION((0.,0.,1.));
#665=IFCDIRECTION((1.,0.,0.));
#666=IFCAXIS2PLACEMENT3D(#663,#664,#665);
#667=IFCLOCALPLACEMENT(#113,#666);
#668=IFCFURNISHINGELEMENT('0q9Q_flSn6UuJAnMnkoxQH',$,'GalleryBench',$,$,#667,#662,$);
#669=IFCCARTESIANPOINT((13.2,9.8,0.));
#670=IFCCARTESIANPOINT((14.8,9.8,0.));
#671=IFCCARTESIANPOINT((14.8,10.2,0.));
#672=IFCCARTESIANPOINT((13.2,10.2,0.));
#673=IFCCARTESIANPOINT((13.2,9.8,0.));
#674=IFCPOLYLINE((#669,#670,#671,#672,#673));
#675=IFCARBITRARYCLOSEDPROFILEDEF(.AREA.,$,#674);
#676=IFCDIRECTION((0.,0.,1.));
#677=IFCEXTRUDEDAREASOLID(#675,$,#676,2.4);
#678=IFCSHAPEREPRESENTATION(#11,'Body','SweptSolid',(#677));
#679=IFCPRODUCTDEFINITIONSHAPE($,$,(#678));
#680=IFCCARTESIANPOINT((0.,0.,0.));
#681=IFCDIRECTION((0.,0.,1.));
#682=IFCDIRECTION((1.,0.,0.));
#683=IFCAXIS2PLACEMENT3D(#680,#681,#682);
#684=IFCLOCALPLACEMENT(#113,#683);
#685=IFCOPENINGELEMENT('2okiL6Elj3lvV8wRCYmJG8',$,'Opening for Shop Entry',$,$,#684,#679,$,$);
#686=IFCRELVOIDSELEMENT('2$z8tO$xr5oeTOo1fF9MqV',$,'Wall Opening',$,#200,#685);
#687=IFCCARTESIANPOINT((13.2,10.,0.));
#688=IFCCARTESIANPOINT((14.8,10.,0.));
#689=IFCCARTESIANPOINT((14.8,10.05,0.));
#690=IFCCARTESIANPOINT((13.2,10.05,0.));
#691=IFCCARTESIANPOINT((13.2,10.,0.));
#692=IFCPOLYLINE((#687,#688,#689,#690,#691));
#693=IFCARBITRARYCLOSEDPROFILEDEF(.AREA.,$,#692);
#694=IFCDIRECTION((0.,0.,1.));
#695=IFCEXTRUDEDAREASOLID(#693,$,#694,2.4);
#696=IFCSHAPEREPRESENTATION(#11,'Body','SweptSolid',(#695));
#697=IFCPRODUCTDEFINITIONSHAPE($,$,(#696));
#698=IFCCARTESIANPOINT((0.,0.,0.));
#699=IFCDIRECTION((0.,0.,1.));
#700=IFCDIRECTION((1.,0.,0.));
#701=IFCAXIS2PLACEMENT3D(#698,#699,#700);
#702=IFCLOCALPLACEMENT(#113,#701);
#703=IFCDOOR('3NbnyFOuv3ux80nnbgE3uU',$,'Shop Entry','Connects Entry Lobby to Museum Shop',$,#702,#697,$,2.4,1.6,$,$,$);
#704=IFCRELFILLSELEMENT('3ULvzauL1FNBB2qoMUqGrb',$,'Door Fill',$,#685,#703);
#705=IFCSTYLEDITEM(#695,(#80),'GlassDoor');
#706=IFCCARTESIANPOINT((15.1,-0.4,0.6));
#707=IFCCARTESIANPOINT((16.9,-0.4,0.6));
#708=IFCCARTESIANPOINT((16.9,0.4,0.6));
#709=IFCCARTESIANPOINT((15.1,0.4,0.6));
#710=IFCCARTESIANPOINT((15.1,-0.4,0.6));
#711=IFCPOLYLINE((#706,#707,#708,#709,#710));
#712=IFCARBITRARYCLOSEDPROFILEDEF(.AREA.,$,#711);
#713=IFCDIRECTION((0.,0.,1.));
#714=IFCEXTRUDEDAREASOLID(#712,$,#713,2.1);
#715=IFCSHAPEREPRESENTATION(#11,'Body','SweptSolid',(#714));
#716=IFCPRODUCTDEFINITIONSHAPE($,$,(#715));
#717=IFCCARTESIANPOINT((0.,0.,0.));
#718=IFCDIRECTION((0.,0.,1.));
#719=IFCDIRECTION((1.,0.,0.));
#720=IFCAXIS2PLACEMENT3D(#717,#718,#719);
#721=IFCLOCALPLACEMENT(#113,#720);
#722=IFCOPENINGELEMENT('2SdEonm0j3pA2BxryAxTLZ',$,'Opening for Shop Window 1',$,$,#721,#716,$,$);
#723=IFCRELVOIDSELEMENT('038O0UsNrDbA0IQwvReJu5',$,'Wall Opening',$,#132,#722);
#724=IFCCARTESIANPOINT((15.1,0.,0.6));
#725=IFCCARTESIANPOINT((16.9,0.,0.6));
#726=IFCCARTESIANPOINT((16.9,0.02,0.6));
#727=IFCCARTESIANPOINT((15.1,0.02,0.6));
#728=IFCCARTESIANPOINT((15.1,0.,0.6));
#729=IFCPOLYLINE((#724,#725,#726,#727,#728));
#730=IFCARBITRARYCLOSEDPROFILEDEF(.AREA.,$,#729);
#731=IFCDIRECTION((0.,0.,1.));
#732=IFCEXTRUDEDAREASOLID(#730,$,#731,2.1);
#733=IFCSHAPEREPRESENTATION(#11,'Body','SweptSolid',(#732));
#734=IFCPRODUCTDEFINITIONSHAPE($,$,(#733));
#735=IFCCARTESIANPOINT((0.,0.,0.));
#736=IFCDIRECTION((0.,0.,1.));
#737=IFCDIRECTION((1.,0.,0.));
#738=IFCAXIS2PLACEMENT3D(#735,#736,#737);
#739=IFCLOCALPLACEMENT(#113,#738);
#740=IFCWINDOW('3p1S0GStr0YBumMIa3OFCv',$,'Shop Window 1',$,$,#739,#734,$,2.1,1.8,$,$,$);
#741=IFCRELFILLSELEMENT('0Ybz3ISKr4v8kJgKsSFRcV',$,'Window Fill',$,#722,#740);
#742=IFCSTYLEDITEM(#732,(#89),'GalleryGlass');
#743=IFCCARTESIANPOINT((21.1,-0.4,0.6));
#744=IFCCARTESIANPOINT((22.9,-0.4,0.6));
#745=IFCCARTESIANPOINT((22.9,0.4,0.6));
#746=IFCCARTESIANPOINT((21.1,0.4,0.6));
#747=IFCCARTESIANPOINT((21.1,-0.4,0.6));
#748=IFCPOLYLINE((#743,#744,#745,#746,#747));
#749=IFCARBITRARYCLOSEDPROFILEDEF(.AREA.,$,#748);
#750=IFCDIRECTION((0.,0.,1.));
#751=IFCEXTRUDEDAREASOLID(#749,$,#750,2.1);
#752=IFCSHAPEREPRESENTATION(#11,'Body','SweptSolid',(#751));
#753=IFCPRODUCTDEFINITIONSHAPE($,$,(#752));
#754=IFCCARTESIANPOINT((0.,0.,0.));
#755=IFCDIRECTION((0.,0.,1.));
#756=IFCDIRECTION((1.,0.,0.));
#757=IFCAXIS2PLACEMENT3D(#754,#755,#756);
#758=IFCLOCALPLACEMENT(#113,#757);
#759=IFCOPENINGELEMENT('3LNLlFn9LFbxtPpInvrmC3',$,'Opening for Shop Window 2',$,$,#758,#753,$,$);
#760=IFCRELVOIDSELEMENT('2mkFALqxLBav5Lfa97OVvl',$,'Wall Opening',$,#132,#759);
#761=IFCCARTESIANPOINT((21.1,0.,0.6));
#762=IFCCARTESIANPOINT((22.9,0.,0.6));
#763=IFCCARTESIANPOINT((22.9,0.02,0.6));
#764=IFCCARTESIANPOINT((21.1,0.02,0.6));
#765=IFCCARTESIANPOINT((21.1,0.,0.6));
#766=IFCPOLYLINE((#761,#762,#763,#764,#765));
#767=IFCARBITRARYCLOSEDPROFILEDEF(.AREA.,$,#766);
#768=IFCDIRECTION((0.,0.,1.));
#769=IFCEXTRUDEDAREASOLID(#767,$,#768,2.1);
#770=IFCSHAPEREPRESENTATION(#11,'Body','SweptSolid',(#769));
#771=IFCPRODUCTDEFINITIONSHAPE($,$,(#770));
#772=IFCCARTESIANPOINT((0.,0.,0.));
#773=IFCDIRECTION((0.,0.,1.));
#774=IFCDIRECTION((1.,0.,0.));
#775=IFCAXIS2PLACEMENT3D(#772,#773,#774);
#776=IFCLOCALPLACEMENT(#113,#775);
#777=IFCWINDOW('0Qj1XU15r4A9tejsU9zf$a',$,'Shop Window 2',$,$,#776,#771,$,2.1,1.8,$,$,$);
#778=IFCRELFILLSELEMENT('358vMf2Kb16h7PvjjaKX5Z',$,'Window Fill',$,#759,#777);
#779=IFCSTYLEDITEM(#769,(#89),'GalleryGlass');
#780=IFCCARTESIANPOINT((15.3,2.4,0.));
#781=IFCCARTESIANPOINT((15.3,3.6,0.));
#782=IFCCARTESIANPOINT((14.7,3.6,0.));
#783=IFCCARTESIANPOINT((14.7,2.4,0.));
#784=IFCCARTESIANPOINT((15.3,2.4,0.));
#785=IFCPOLYLINE((#780,#781,#782,#783,#784));
#786=IFCARBITRARYCLOSEDPROFILEDEF(.AREA.,$,#785);
#787=IFCDIRECTION((0.,0.,1.));
#788=IFCEXTRUDEDAREASOLID(#786,$,#787,0.9);
#789=IFCSHAPEREPRESENTATION(#11,'Body','SweptSolid',(#788));
#790=IFCPRODUCTDEFINITIONSHAPE($,$,(#789));
#791=IFCCARTESIANPOINT((0.,0.,0.));
#792=IFCDIRECTION((0.,0.,1.));
#793=IFCDIRECTION((1.,0.,0.));
#794=IFCAXIS2PLACEMENT3D(#791,#792,#793);
#795=IFCLOCALPLACEMENT(#113,#794);
#796=IFCFURNISHINGELEMENT('22xNAAMQ1Cxx1yd9wrW5de',$,'ShopDisplay',$,$,#795,#790,$);
#797=IFCCARTESIANPOINT((20.3,2.4,0.));
#798=IFCCARTESIANPOINT((20.3,3.6,0.));
#799=IFCCARTESIANPOINT((19.7,3.6,0.));
#800=IFCCARTESIANPOINT((19.7,2.4,0.));
#801=IFCCARTESIANPOINT((20.3,2.4,0.));
#802=IFCPOLYLINE((#797,#798,#799,#800,#801));
#803=IFCARBITRARYCLOSEDPROFILEDEF(.AREA.,$,#802);
#804=IFCDIRECTION((0.,0.,1.));
#805=IFCEXTRUDEDAREASOLID(#803,$,#804,0.9);
#806=IFCSHAPEREPRESENTATION(#11,'Body','SweptSolid',(#805));
#807=IFCPRODUCTDEFINITIONSHAPE($,$,(#806));
#808=IFCCARTESIANPOINT((0.,0.,0.));
#809=IFCDIRECTION((0.,0.,1.));
#810=IFCDIRECTION((1.,0.,0.));
#811=IFCAXIS2PLACEMENT3D(#808,#809,#810);
#812=IFCLOCALPLACEMENT(#113,#811);
#813=IFCFURNISHINGELEMENT('0_XDAiU3z0suKtzDO4ECWL',$,'ShopDisplay',$,$,#812,#807,$);
#814=IFCCARTESIANPOINT((25.3,2.4,0.));
#815=IFCCARTESIANPOINT((25.3,3.6,0.));
#816=IFCCARTESIANPOINT((24.7,3.6,0.));
#817=IFCCARTESIANPOINT((24.7,2.4,0.));
#818=IFCCARTESIANPOINT((25.3,2.4,0.));
#819=IFCPOLYLINE((#814,#815,#816,#817,#818));
#820=IFCARBITRARYCLOSEDPROFILEDEF(.AREA.,$,#819);
#821=IFCDIRECTION((0.,0.,1.));
#822=IFCEXTRUDEDAREASOLID(#820,$,#821,0.9);
#823=IFCSHAPEREPRESENTATION(#11,'Body','SweptSolid',(#822));
#824=IFCPRODUCTDEFINITIONSHAPE($,$,(#823));
#825=IFCCARTESIANPOINT((0.,0.,0.));
#826=IFCDIRECTION((0.,0.,1.));
#827=IFCDIRECTION((1.,0.,0.));
#828=IFCAXIS2PLACEMENT3D(#825,#826,#827);
#829=IFCLOCALPLACEMENT(#113,#828);
#830=IFCFURNISHINGELEMENT('3i062PLMf8ofxrgsuMr4NC',$,'ShopDisplay',$,$,#829,#824,$);
#831=IFCCARTESIANPOINT((14.7,7.6,0.));
#832=IFCCARTESIANPOINT((14.7,6.4,0.));
#833=IFCCARTESIANPOINT((15.3,6.4,0.));
#834=IFCCARTESIANPOINT((15.3,7.6,0.));
#835=IFCCARTESIANPOINT((14.7,7.6,0.));
#836=IFCPOLYLINE((#831,#832,#833,#834,#835));
#837=IFCARBITRARYCLOSEDPROFILEDEF(.AREA.,$,#836);
#838=IFCDIRECTION((0.,0.,1.));
#839=IFCEXTRUDEDAREASOLID(#837,$,#838,0.9);
#840=IFCSHAPEREPRESENTATION(#11,'Body','SweptSolid',(#839));
#841=IFCPRODUCTDEFINITIONSHAPE($,$,(#840));
#842=IFCCARTESIANPOINT((0.,0.,0.));
#843=IFCDIRECTION((0.,0.,1.));
#844=IFCDIRECTION((1.,0.,0.));
#845=IFCAXIS2PLACEMENT3D(#842,#843,#844);
#846=IFCLOCALPLACEMENT(#113,#845);
#847=IFCFURNISHINGELEMENT('3E514HUNnAef4Uf_4Aes_b',$,'ShopDisplay',$,$,#846,#841,$);
#848=IFCCARTESIANPOINT((19.7,7.6,0.));
#849=IFCCARTESIANPOINT((19.7,6.4,0.));
#850=IFCCARTESIANPOINT((20.3,6.4,0.));
#851=IFCCARTESIANPOINT((20.3,7.6,0.));
#852=IFCCARTESIANPOINT((19.7,7.6,0.));
#853=IFCPOLYLINE((#848,#849,#850,#851,#852));
#854=IFCARBITRARYCLOSEDPROFILEDEF(.AREA.,$,#853);
#855=IFCDIRECTION((0.,0.,1.));
#856=IFCEXTRUDEDAREASOLID(#854,$,#855,0.9);
#857=IFCSHAPEREPRESENTATION(#11,'Body','SweptSolid',(#856));
#858=IFCPRODUCTDEFINITIONSHAPE($,$,(#857));
#859=IFCCARTESIANPOINT((0.,0.,0.));
#860=IFCDIRECTION((0.,0.,1.));
#861=IFCDIRECTION((1.,0.,0.));
#862=IFCAXIS2PLACEMENT3D(#859,#860,#861);
#863=IFCLOCALPLACEMENT(#113,#862);
#864=IFCFURNISHINGELEMENT('2o$UDeaHX2oQLJGeQH_kog',$,'ShopDisplay',$,$,#863,#858,$);
#865=IFCCARTESIANPOINT((3.8,9.8,0.));
#866=IFCCARTESIANPOINT((6.2,9.8,0.));
#867=IFCCARTESIANPOINT((6.2,10.2,0.));
#868=IFCCARTESIANPOINT((3.8,10.2,0.));
#869=IFCCARTESIANPOINT((3.8,9.8,0.));
#870=IFCPOLYLINE((#865,#866,#867,#868,#869));
#871=IFCARBITRARYCLOSEDPROFILEDEF(.AREA.,$,#870);
#872=IFCDIRECTION((0.,0.,1.));
#873=IFCEXTRUDEDAREASOLID(#871,$,#872,2.4);
#874=IFCSHAPEREPRESENTATION(#11,'Body','SweptSolid',(#873));
#875=IFCPRODUCTDEFINITIONSHAPE($,$,(#874));
#876=IFCCARTESIANPOINT((0.,0.,0.));
#877=IFCDIRECTION((0.,0.,1.));
#878=IFCDIRECTION((1.,0.,0.));
#879=IFCAXIS2PLACEMENT3D(#876,#877,#878);
#880=IFCLOCALPLACEMENT(#113,#879);
#881=IFCOPENINGELEMENT('0TR3M7egv2vw6oaDzIj3Fq',$,'Opening for Gallery Entry',$,$,#880,#875,$,$);
#882=IFCRELVOIDSELEMENT('3WO7wtxrD8WxzM75qUlQia',$,'Wall Opening',$,#200,#881);
#883=IFCCARTESIANPOINT((3.8,10.,0.));
#884=IFCCARTESIANPOINT((6.2,10.,0.));
#885=IFCCARTESIANPOINT((6.2,10.05,0.));
#886=IFCCARTESIANPOINT((3.8,10.05,0.));
#887=IFCCARTESIANPOINT((3.8,10.,0.));
#888=IFCPOLYLINE((#883,#884,#885,#886,#887));
#889=IFCARBITRARYCLOSEDPROFILEDEF(.AREA.,$,#888);
#890=IFCDIRECTION((0.,0.,1.));
#891=IFCEXTRUDEDAREASOLID(#889,$,#890,2.4);
#892=IFCSHAPEREPRESENTATION(#11,'Body','SweptSolid',(#891));
#893=IFCPRODUCTDEFINITIONSHAPE($,$,(#892));
#894=IFCCARTESIANPOINT((0.,0.,0.));
#895=IFCDIRECTION((0.,0.,1.));
#896=IFCDIRECTION((1.,0.,0.));
#897=IFCAXIS2PLACEMENT3D(#894,#895,#896);
#898=IFCLOCALPLACEMENT(#113,#897);
#899=IFCDOOR('340YX01g9Dtv_i95wgHjym',$,'Gallery Entry','Connects Entry Lobby to Main Gallery Hall',$,#898,#893,$,2.4,2.4,$,$,$);
#900=IFCRELFILLSELEMENT('29IncQ4GfFlf5pmiZkbm6M',$,'Door Fill',$,#881,#899);
#901=IFCSTYLEDITEM(#891,(#80),'GlassDoor');
#902=IFCCARTESIANPOINT((30.2,14.8,0.));
#903=IFCCARTESIANPOINT((30.2,17.2,0.));
#904=IFCCARTESIANPOINT((29.8,17.2,0.));
#905=IFCCARTESIANPOINT((29.8,14.8,0.));
#906=IFCCARTESIANPOINT((30.2,14.8,0.));
#907=IFCPOLYLINE((#902,#903,#904,#905,#906));
#908=IFCARBITRARYCLOSEDPROFILEDEF(.AREA.,$,#907);
#909=IFCDIRECTION((0.,0.,1.));
#910=IFCEXTRUDEDAREASOLID(#908,$,#909,2.4);
#911=IFCSHAPEREPRESENTATION(#11,'Body','SweptSolid',(#910));
#912=IFCPRODUCTDEFINITIONSHAPE($,$,(#911));
#913=IFCCARTESIANPOINT((0.,0.,0.));
#914=IFCDIRECTION((0.,0.,1.));
#915=IFCDIRECTION((1.,0.,0.));
#916=IFCAXIS2PLACEMENT3D(#913,#914,#915);
#917=IFCLOCALPLACEMENT(#113,#916);
#918=IFCOPENINGELEMENT('0md9vgpGjFaeCEq$L$mzAa',$,'Opening for Sculpture Court Access',$,$,#917,#912,$,$);
#919=IFCRELVOIDSELEMENT('3tpFg4VszFP8tJLDsVX8Rd',$,'Wall Opening',$,#234,#918);
#920=IFCCARTESIANPOINT((30.,14.8,0.));
#921=IFCCARTESIANPOINT((30.,17.2,0.));
#922=IFCCARTESIANPOINT((29.95,17.2,0.));
#923=IFCCARTESIANPOINT((29.95,14.8,0.));
#924=IFCCARTESIANPOINT((30.,14.8,0.));
#925=IFCPOLYLINE((#920,#921,#922,#923,#924));
#926=IFCARBITRARYCLOSEDPROFILEDEF(.AREA.,$,#925);
#927=IFCDIRECTION((0.,0.,1.));
#928=IFCEXTRUDEDAREASOLID(#926,$,#927,2.4);
#929=IFCSHAPEREPRESENTATION(#11,'Body','SweptSolid',(#928));
#930=IFCPRODUCTDEFINITIONSHAPE($,$,(#929));
#931=IFCCARTESIANPOINT((0.,0.,0.));
#932=IFCDIRECTION((0.,0.,1.));
#933=IFCDIRECTION((1.,0.,0.));
#934=IFCAXIS2PLACEMENT3D(#931,#932,#933);
#935=IFCLOCALPLACEMENT(#113,#934);
#936=IFCDOOR('1Sd0hvldD8iQXlZgJMXdv7',$,'Sculpture Court Access','Connects Main Gallery Hall to Sculpture Court',$,#935,#930,$,2.4,2.4,$,$,$);
#937=IFCRELFILLSELEMENT('1YWrNolQbFOu3JueMV1b9L',$,'Door Fill',$,#918,#936);
#938=IFCSTYLEDITEM(#928,(#80),'GlassDoor');
#939=IFCCARTESIANPOINT((6.8,9.8,0.6));
#940=IFCCARTESIANPOINT((9.2,9.8,0.6));
#941=IFCCARTESIANPOINT((9.2,10.2,0.6));
#942=IFCCARTESIANPOINT((6.8,10.2,0.6));
#943=IFCCARTESIANPOINT((6.8,9.8,0.6));
#944=IFCPOLYLINE((#939,#940,#941,#942,#943));
#945=IFCARBITRARYCLOSEDPROFILEDEF(.AREA.,$,#944);
#946=IFCDIRECTION((0.,0.,1.));
#947=IFCEXTRUDEDAREASOLID(#945,$,#946,0.8);
#948=IFCSHAPEREPRESENTATION(#11,'Body','SweptSolid',(#947));
#949=IFCPRODUCTDEFINITIONSHAPE($,$,(#948));
#950=IFCCARTESIANPOINT((0.,0.,0.));
#951=IFCDIRECTION((0.,0.,1.));
#952=IFCDIRECTION((1.,0.,0.));
#953=IFCAXIS2PLACEMENT3D(#950,#951,#952);
#954=IFCLOCALPLACEMENT(#113,#953);
#955=IFCOPENINGELEMENT('09TJg3SSD0Yhhc0UYLnYOM',$,'Opening for Gallery Clerestory 1',$,$,#954,#949,$,$);
#956=IFCRELVOIDSELEMENT('3gGxntCnTCmvhXnBZPJKDM',$,'Wall Opening',$,#200,#955);
#957=IFCCARTESIANPOINT((6.8,10.,0.6));
#958=IFCCARTESIANPOINT((9.2,10.,0.6));
#959=IFCCARTESIANPOINT((9.2,10.02,0.6));
#960=IFCCARTESIANPOINT((6.8,10.02,0.6));
#961=IFCCARTESIANPOINT((6.8,10.,0.6));
#962=IFCPOLYLINE((#957,#958,#959,#960,#961));
#963=IFCARBITRARYCLOSEDPROFILEDEF(.AREA.,$,#962);
#964=IFCDIRECTION((0.,0.,1.));
#965=IFCEXTRUDEDAREASOLID(#963,$,#964,0.8);
#966=IFCSHAPEREPRESENTATION(#11,'Body','SweptSolid',(#965));
#967=IFCPRODUCTDEFINITIONSHAPE($,$,(#966));
#968=IFCCARTESIANPOINT((0.,0.,0.));
#969=IFCDIRECTION((0.,0.,1.));
#970=IFCDIRECTION((1.,0.,0.));
#971=IFCAXIS2PLACEMENT3D(#968,#969,#970);
#972=IFCLOCALPLACEMENT(#113,#971);
#973=IFCWINDOW('2py7pv2uL52hN12QAIZW7V',$,'Gallery Clerestory 1',$,$,#972,#967,$,0.8,2.4,$,$,$);
#974=IFCRELFILLSELEMENT('02u5zSrP17PxWLXoiYDNWi',$,'Window Fill',$,#955,#973);
#975=IFCSTYLEDITEM(#965,(#92),'SkyGlass');
#976=IFCCARTESIANPOINT((30.8,21.85,0.6));
#977=IFCCARTESIANPOINT((33.2,21.85,0.6));
#978=IFCCARTESIANPOINT((33.2,22.15,0.6));
#979=IFCCARTESIANPOINT((30.8,22.15,0.6));
#980=IFCCARTESIANPOINT((30.8,21.85,0.6));
#981=IFCPOLYLINE((#976,#977,#978,#979,#980));
#982=IFCARBITRARYCLOSEDPROFILEDEF(.AREA.,$,#981);
#983=IFCDIRECTION((0.,0.,1.));
#984=IFCEXTRUDEDAREASOLID(#982,$,#983,0.8);
#985=IFCSHAPEREPRESENTATION(#11,'Body','SweptSolid',(#984));
#986=IFCPRODUCTDEFINITIONSHAPE($,$,(#985));
#987=IFCCARTESIANPOINT((0.,0.,0.));
#988=IFCDIRECTION((0.,0.,1.));
#989=IFCDIRECTION((1.,0.,0.));
#990=IFCAXIS2PLACEMENT3D(#987,#988,#989);
#991=IFCLOCALPLACEMENT(#113,#990);
#992=IFCOPENINGELEMENT('1r6nPiavH378qn11_Zsunv',$,'Opening for Gallery Clerestory 2',$,$,#991,#986,$,$);
#993=IFCRELVOIDSELEMENT('1VCArHcKHBpQXzlFnPzCJw',$,'Wall Opening',$,#302,#992);
#994=IFCCARTESIANPOINT((30.8,22.,0.6));
#995=IFCCARTESIANPOINT((33.2,22.,0.6));
#996=IFCCARTESIANPOINT((33.2,22.02,0.6));
#997=IFCCARTESIANPOINT((30.8,22.02,0.6));
#998=IFCCARTESIANPOINT((30.8,22.,0.6));
#999=IFCPOLYLINE((#994,#995,#996,#997,#998));
#1000=IFCARBITRARYCLOSEDPROFILEDEF(.AREA.,$,#999);
#1001=IFCDIRECTION((0.,0.,1.));
#1002=IFCEXTRUDEDAREASOLID(#1000,$,#1001,0.8);
#1003=IFCSHAPEREPRESENTATION(#11,'Body','SweptSolid',(#1002));
#1004=IFCPRODUCTDEFINITIONSHAPE($,$,(#1003));
#1005=IFCCARTESIANPOINT((0.,0.,0.));
#1006=IFCDIRECTION((0.,0.,1.));
#1007=IFCDIRECTION((1.,0.,0.));
#1008=IFCAXIS2PLACEMENT3D(#1005,#1006,#1007);
#1009=IFCLOCALPLACEMENT(#113,#1008);
#1010=IFCWINDOW('39x6OmNmbD8wd22181BaFp',$,'Gallery Clerestory 2',$,$,#1009,#1004,$,0.8,2.4,$,$,$);
#1011=IFCRELFILLSELEMENT('39AiYBqCb1aAiQFr3iZQyI',$,'Window Fill',$,#992,#1010);
#1012=IFCSTYLEDITEM(#1002,(#92),'SkyGlass');
#1013=IFCCARTESIANPOINT((17.75,12.9,0.));
#1014=IFCCARTESIANPOINT((17.75,11.1,0.));
#1015=IFCCARTESIANPOINT((18.25,11.1,0.));
#1016=IFCCARTESIANPOINT((18.25,12.9,0.));
#1017=IFCCARTESIANPOINT((17.75,12.9,0.));
#1018=IFCPOLYLINE((#1013,#1014,#1015,#1016,#1017));
#1019=IFCARBITRARYCLOSEDPROFILEDEF(.AREA.,$,#1018);
#1020=IFCDIRECTION((0.,0.,1.));
#1021=IFCEXTRUDEDAREASOLID(#1019,$,#1020,0.45);
#1022=IFCSHAPEREPRESENTATION(#11,'Body','SweptSolid',(#1021));
#1023=IFCPRODUCTDEFINITIONSHAPE($,$,(#1022));
#1024=IFCCARTESIANPOINT((0.,0.,0.));
#1025=IFCDIRECTION((0.,0.,1.));
#1026=IFCDIRECTION((1.,0.,0.));
#1027=IFCAXIS2PLACEMENT3D(#1024,#1025,#1026);
#1028=IFCLOCALPLACEMENT(#113,#1027);
#1029=IFCFURNISHINGELEMENT('0wnnwWwjP24O7w5Ys7hCCS',$,'GalleryBench',$,$,#1028,#1023,$);
#1030=IFCCARTESIANPOINT((17.75,18.9,0.));
#1031=IFCCARTESIANPOINT((17.75,17.1,0.));
#1032=IFCCARTESIANPOINT((18.25,17.1,0.));
#1033=IFCCARTESIANPOINT((18.25,18.9,0.));
#1034=IFCCARTESIANPOINT((17.75,18.9,0.));
#1035=IFCPOLYLINE((#1030,#1031,#1032,#1033,#1034));
#1036=IFCARBITRARYCLOSEDPROFILEDEF(.AREA.,$,#1035);
#1037=IFCDIRECTION((0.,0.,1.));
#1038=IFCEXTRUDEDAREASOLID(#1036,$,#1037,0.45);
#1039=IFCSHAPEREPRESENTATION(#11,'Body','SweptSolid',(#1038));
#1040=IFCPRODUCTDEFINITIONSHAPE($,$,(#1039));
#1041=IFCCARTESIANPOINT((0.,0.,0.));
#1042=IFCDIRECTION((0.,0.,1.));
#1043=IFCDIRECTION((1.,0.,0.));
#1044=IFCAXIS2PLACEMENT3D(#1041,#1042,#1043);
#1045=IFCLOCALPLACEMENT(#113,#1044);
#1046=IFCFURNISHINGELEMENT('2FOoq4sC93fPw090UWI6pa',$,'GalleryBench',$,$,#1045,#1040,$);
#1047=IFCCARTESIANPOINT((24.25,14.1,0.));
#1048=IFCCARTESIANPOINT((24.25,15.9,0.));
#1049=IFCCARTESIANPOINT((23.75,15.9,0.));
#1050=IFCCARTESIANPOINT((23.75,14.1,0.));
#1051=IFCCARTESIANPOINT((24.25,14.1,0.));
#1052=IFCPOLYLINE((#1047,#1048,#1049,#1050,#1051));
#1053=IFCARBITRARYCLOSEDPROFILEDEF(.AREA.,$,#1052);
#1054=IFCDIRECTION((0.,0.,1.));
#1055=IFCEXTRUDEDAREASOLID(#1053,$,#1054,0.45);
#1056=IFCSHAPEREPRESENTATION(#11,'Body','SweptSolid',(#1055));
#1057=IFCPRODUCTDEFINITIONSHAPE($,$,(#1056));
#1058=IFCCARTESIANPOINT((0.,0.,0.));
#1059=IFCDIRECTION((0.,0.,1.));
#1060=IFCDIRECTION((1.,0.,0.));
#1061=IFCAXIS2PLACEMENT3D(#1058,#1059,#1060);
#1062=IFCLOCALPLACEMENT(#113,#1061);
#1063=IFCFURNISHINGELEMENT('1zGi6Ql2n8_et66mnmmlzS',$,'GalleryBench',$,$,#1062,#1057,$);
#1064=IFCCARTESIANPOINT((14.7,11.7,0.));
#1065=IFCCARTESIANPOINT((15.3,11.7,0.));
#1066=IFCCARTESIANPOINT((15.3,12.3,0.));
#1067=IFCCARTESIANPOINT((14.7,12.3,0.));
#1068=IFCCARTESIANPOINT((14.7,11.7,0.));
#1069=IFCPOLYLINE((#1064,#1065,#1066,#1067,#1068));
#1070=IFCARBITRARYCLOSEDPROFILEDEF(.AREA.,$,#1069);
#1071=IFCDIRECTION((0.,0.,1.));
#1072=IFCEXTRUDEDAREASOLID(#1070,$,#1071,1.2);
#1073=IFCSHAPEREPRESENTATION(#11,'Body','SweptSolid',(#1072));
#1074=IFCPRODUCTDEFINITIONSHAPE($,$,(#1073));
#1075=IFCCARTESIANPOINT((0.,0.,0.));
#1076=IFCDIRECTION((0.,0.,1.));
#1077=IFCDIRECTION((1.,0.,0.));
#1078=IFCAXIS2PLACEMENT3D(#1075,#1076,#1077);
#1079=IFCLOCALPLACEMENT(#113,#1078);
#1080=IFCFURNISHINGELEMENT('2KnABygSL3rAFcRTOmKDkM',$,'DisplayPedestal',$,$,#1079,#1074,$);
#1081=IFCCARTESIANPOINT((14.7,17.7,0.));
#1082=IFCCARTESIANPOINT((15.3,17.7,0.));
#1083=IFCCARTESIANPOINT((15.3,18.3,0.));
#1084=IFCCARTESIANPOINT((14.7,18.3,0.));
#1085=IFCCARTESIANPOINT((14.7,17.7,0.));
#1086=IFCPOLYLINE((#1081,#1082,#1083,#1084,#1085));
#1087=IFCARBITRARYCLOSEDPROFILEDEF(.AREA.,$,#1086);
#1088=IFCDIRECTION((0.,0.,1.));
#1089=IFCEXTRUDEDAREASOLID(#1087,$,#1088,1.2);
#1090=IFCSHAPEREPRESENTATION(#11,'Body','SweptSolid',(#1089));
#1091=IFCPRODUCTDEFINITIONSHAPE($,$,(#1090));
#1092=IFCCARTESIANPOINT((0.,0.,0.));
#1093=IFCDIRECTION((0.,0.,1.));
#1094=IFCDIRECTION((1.,0.,0.));
#1095=IFCAXIS2PLACEMENT3D(#1092,#1093,#1094);
#1096=IFCLOCALPLACEMENT(#113,#1095);
#1097=IFCFURNISHINGELEMENT('23v7F_Ubb3QvGoZDxoXLf1',$,'DisplayPedestal',$,$,#1096,#1091,$);
#1098=IFCCARTESIANPOINT((27.3,12.3,0.));
#1099=IFCCARTESIANPOINT((26.7,12.3,0.));
#1100=IFCCARTESIANPOINT((26.7,11.7,0.));
#1101=IFCCARTESIANPOINT((27.3,11.7,0.));
#1102=IFCCARTESIANPOINT((27.3,12.3,0.));
#1103=IFCPOLYLINE((#1098,#1099,#1100,#1101,#1102));
#1104=IFCARBITRARYCLOSEDPROFILEDEF(.AREA.,$,#1103);
#1105=IFCDIRECTION((0.,0.,1.));
#1106=IFCEXTRUDEDAREASOLID(#1104,$,#1105,1.2);
#1107=IFCSHAPEREPRESENTATION(#11,'Body','SweptSolid',(#1106));
#1108=IFCPRODUCTDEFINITIONSHAPE($,$,(#1107));
#1109=IFCCARTESIANPOINT((0.,0.,0.));
#1110=IFCDIRECTION((0.,0.,1.));
#1111=IFCDIRECTION((1.,0.,0.));
#1112=IFCAXIS2PLACEMENT3D(#1109,#1110,#1111);
#1113=IFCLOCALPLACEMENT(#113,#1112);
#1114=IFCFURNISHINGELEMENT('3l8hqCknn5hRRU3YZUL6PO',$,'DisplayPedestal',$,$,#1113,#1108,$);
#1115=IFCCARTESIANPOINT((27.3,18.3,0.));
#1116=IFCCARTESIANPOINT((26.7,18.3,0.));
#1117=IFCCARTESIANPOINT((26.7,17.7,0.));
#1118=IFCCARTESIANPOINT((27.3,17.7,0.));
#1119=IFCCARTESIANPOINT((27.3,18.3,0.));
#1120=IFCPOLYLINE((#1115,#1116,#1117,#1118,#1119));
#1121=IFCARBITRARYCLOSEDPROFILEDEF(.AREA.,$,#1120);
#1122=IFCDIRECTION((0.,0.,1.));
#1123=IFCEXTRUDEDAREASOLID(#1121,$,#1122,1.2);
#1124=IFCSHAPEREPRESENTATION(#11,'Body','SweptSolid',(#1123));
#1125=IFCPRODUCTDEFINITIONSHAPE($,$,(#1124));
#1126=IFCCARTESIANPOINT((0.,0.,0.));
#1127=IFCDIRECTION((0.,0.,1.));
#1128=IFCDIRECTION((1.,0.,0.));
#1129=IFCAXIS2PLACEMENT3D(#1126,#1127,#1128);
#1130=IFCLOCALPLACEMENT(#113,#1129);
#1131=IFCFURNISHINGELEMENT('3duWFMS4z5W8iy_xk$CngX',$,'DisplayPedestal',$,$,#1130,#1125,$);
#1132=IFCCARTESIANPOINT((50.4,29.4,0.));
#1133=IFCCARTESIANPOINT((50.4,30.6,0.));
#1134=IFCCARTESIANPOINT((49.6,30.6,0.));
#1135=IFCCARTESIANPOINT((49.6,29.4,0.));
#1136=IFCCARTESIANPOINT((50.4,29.4,0.));
#1137=IFCPOLYLINE((#1132,#1133,#1134,#1135,#1136));
#1138=IFCARBITRARYCLOSEDPROFILEDEF(.AREA.,$,#1137);
#1139=IFCDIRECTION((0.,0.,1.));
#1140=IFCEXTRUDEDAREASOLID(#1138,$,#1139,2.4);
#1141=IFCSHAPEREPRESENTATION(#11,'Body','SweptSolid',(#1140));
#1142=IFCPRODUCTDEFINITIONSHAPE($,$,(#1141));
#1143=IFCCARTESIANPOINT((0.,0.,0.));
#1144=IFCDIRECTION((0.,0.,1.));
#1145=IFCDIRECTION((1.,0.,0.));
#1146=IFCAXIS2PLACEMENT3D(#1143,#1144,#1145);
#1147=IFCLOCALPLACEMENT(#113,#1146);
#1148=IFCOPENINGELEMENT('25mf3BtdD5gPenvNKqXJV3',$,'Opening for Emergency Exit East',$,$,#1147,#1142,$,$);
#1149=IFCRELVOIDSELEMENT('3yZnJ_CZf6Fe27X$d5kizU',$,'Wall Opening',$,#149,#1148);
#1150=IFCCARTESIANPOINT((50.,29.4,0.));
#1151=IFCCARTESIANPOINT((50.,30.6,0.));
#1152=IFCCARTESIANPOINT((49.95,30.6,0.));
#1153=IFCCARTESIANPOINT((49.95,29.4,0.));
#1154=IFCCARTESIANPOINT((50.,29.4,0.));
#1155=IFCPOLYLINE((#1150,#1151,#1152,#1153,#1154));
#1156=IFCARBITRARYCLOSEDPROFILEDEF(.AREA.,$,#1155);
#1157=IFCDIRECTION((0.,0.,1.));
#1158=IFCEXTRUDEDAREASOLID(#1156,$,#1157,2.4);
#1159=IFCSHAPEREPRESENTATION(#11,'Body','SweptSolid',(#1158));
#1160=IFCPRODUCTDEFINITIONSHAPE($,$,(#1159));
#1161=IFCCARTESIANPOINT((0.,0.,0.));
#1162=IFCDIRECTION((0.,0.,1.));
#1163=IFCDIRECTION((1.,0.,0.));
#1164=IFCAXIS2PLACEMENT3D(#1161,#1162,#1163);
#1165=IFCLOCALPLACEMENT(#113,#1164);
#1166=IFCDOOR('2CjQhivvDFAfgdygibt38Q',$,'Emergency Exit East','Connects Sculpture Court to exterior',$,#1165,#1160,$,2.4,1.2,$,$,$);
#1167=IFCRELFILLSELEMENT('1mFtZ28rz6RgEXfJVxDrZ7',$,'Door Fill',$,#1148,#1166);
#1168=IFCSTYLEDITEM(#1158,(#83),'SteelDoor');
#1169=IFCCARTESIANPOINT((50.4,10.5,0.6));
#1170=IFCCARTESIANPOINT((50.4,13.5,0.6));
#1171=IFCCARTESIANPOINT((49.6,13.5,0.6));
#1172=IFCCARTESIANPOINT((49.6,10.5,0.6));
#1173=IFCCARTESIANPOINT((50.4,10.5,0.6));
#1174=IFCPOLYLINE((#1169,#1170,#1171,#1172,#1173));
#1175=IFCARBITRARYCLOSEDPROFILEDEF(.AREA.,$,#1174);
#1176=IFCDIRECTION((0.,0.,1.));
#1177=IFCEXTRUDEDAREASOLID(#1175,$,#1176,3.5);
#1178=IFCSHAPEREPRESENTATION(#11,'Body','SweptSolid',(#1177));
#1179=IFCPRODUCTDEFINITIONSHAPE($,$,(#1178));
#1180=IFCCARTESIANPOINT((0.,0.,0.));
#1181=IFCDIRECTION((0.,0.,1.));
#1182=IFCDIRECTION((1.,0.,0.));
#1183=IFCAXIS2PLACEMENT3D(#1180,#1181,#1182);
#1184=IFCLOCALPLACEMENT(#113,#1183);
#1185=IFCOPENINGELEMENT('0rECU4qLj64Pc5QWDnpNNK',$,'Opening for Court Window East 1',$,$,#1184,#1179,$,$);
#1186=IFCRELVOIDSELEMENT('004WVo9_r2TuyHxNm$G5I6',$,'Wall Opening',$,#149,#1185);
#1187=IFCCARTESIANPOINT((50.,10.5,0.6));
#1188=IFCCARTESIANPOINT((50.,13.5,0.6));
#1189=IFCCARTESIANPOINT((49.98,13.5,0.6));
#1190=IFCCARTESIANPOINT((49.98,10.5,0.6));
#1191=IFCCARTESIANPOINT((50.,10.5,0.6));
#1192=IFCPOLYLINE((#1187,#1188,#1189,#1190,#1191));
#1193=IFCARBITRARYCLOSEDPROFILEDEF(.AREA.,$,#1192);
#1194=IFCDIRECTION((0.,0.,1.));
#1195=IFCEXTRUDEDAREASOLID(#1193,$,#1194,3.5);
#1196=IFCSHAPEREPRESENTATION(#11,'Body','SweptSolid',(#1195));
#1197=IFCPRODUCTDEFINITIONSHAPE($,$,(#1196));
#1198=IFCCARTESIANPOINT((0.,0.,0.));
#1199=IFCDIRECTION((0.,0.,1.));
#1200=IFCDIRECTION((1.,0.,0.));
#1201=IFCAXIS2PLACEMENT3D(#1198,#1199,#1200);
#1202=IFCLOCALPLACEMENT(#113,#1201);
#1203=IFCWINDOW('3k$6RevYrCGOOXQqH4suxT',$,'Court Window East 1',$,$,#1202,#1197,$,3.5,3.,$,$,$);
#1204=IFCRELFILLSELEMENT('1NfnNLW21AcvSdmGLon6eZ',$,'Window Fill',$,#1185,#1203);
#1205=IFCSTYLEDITEM(#1195,(#89),'GalleryGlass');
#1206=IFCCARTESIANPOINT((50.4,16.5,0.6));
#1207=IFCCARTESIANPOINT((50.4,19.5,0.6));
#1208=IFCCARTESIANPOINT((49.6,19.5,0.6));
#1209=IFCCARTESIANPOINT((49.6,16.5,0.6));
#1210=IFCCARTESIANPOINT((50.4,16.5,0.6));
#1211=IFCPOLYLINE((#1206,#1207,#1208,#1209,#1210));
#1212=IFCARBITRARYCLOSEDPROFILEDEF(.AREA.,$,#1211);
#1213=IFCDIRECTION((0.,0.,1.));
#1214=IFCEXTRUDEDAREASOLID(#1212,$,#1213,3.5);
#1215=IFCSHAPEREPRESENTATION(#11,'Body','SweptSolid',(#1214));
#1216=IFCPRODUCTDEFINITIONSHAPE($,$,(#1215));
#1217=IFCCARTESIANPOINT((0.,0.,0.));
#1218=IFCDIRECTION((0.,0.,1.));
#1219=IFCDIRECTION((1.,0.,0.));
#1220=IFCAXIS2PLACEMENT3D(#1217,#1218,#1219);
#1221=IFCLOCALPLACEMENT(#113,#1220);
#1222=IFCOPENINGELEMENT('10cfC8fwf1vwcl78ewBTDe',$,'Opening for Court Window East 2',$,$,#1221,#1216,$,$);
#1223=IFCRELVOIDSELEMENT('1A8d46AV5EXfgRechduOHQ',$,'Wall Opening',$,#149,#1222);
#1224=IFCCARTESIANPOINT((50.,16.5,0.6));
#1225=IFCCARTESIANPOINT((50.,19.5,0.6));
#1226=IFCCARTESIANPOINT((49.98,19.5,0.6));
#1227=IFCCARTESIANPOINT((49.98,16.5,0.6));
#1228=IFCCARTESIANPOINT((50.,16.5,0.6));
#1229=IFCPOLYLINE((#1224,#1225,#1226,#1227,#1228));
#1230=IFCARBITRARYCLOSEDPROFILEDEF(.AREA.,$,#1229);
#1231=IFCDIRECTION((0.,0.,1.));
#1232=IFCEXTRUDEDAREASOLID(#1230,$,#1231,3.5);
#1233=IFCSHAPEREPRESENTATION(#11,'Body','SweptSolid',(#1232));
#1234=IFCPRODUCTDEFINITIONSHAPE($,$,(#1233));
#1235=IFCCARTESIANPOINT((0.,0.,0.));
#1236=IFCDIRECTION((0.,0.,1.));
#1237=IFCDIRECTION((1.,0.,0.));
#1238=IFCAXIS2PLACEMENT3D(#1235,#1236,#1237);
#1239=IFCLOCALPLACEMENT(#113,#1238);
#1240=IFCWINDOW('2jEO6484rFmwK_PXbqBEl9',$,'Court Window East 2',$,$,#1239,#1234,$,3.5,3.,$,$,$);
#1241=IFCRELFILLSELEMENT('2cHvAB2DT9JPTTxHbSqfZ2',$,'Window Fill',$,#1222,#1240);
#1242=IFCSTYLEDITEM(#1232,(#89),'GalleryGlass');
#1243=IFCCARTESIANPOINT((50.4,22.5,0.6));
#1244=IFCCARTESIANPOINT((50.4,25.5,0.6));
#1245=IFCCARTESIANPOINT((49.6,25.5,0.6));
#1246=IFCCARTESIANPOINT((49.6,22.5,0.6));
#1247=IFCCARTESIANPOINT((50.4,22.5,0.6));
#1248=IFCPOLYLINE((#1243,#1244,#1245,#1246,#1247));
#1249=IFCARBITRARYCLOSEDPROFILEDEF(.AREA.,$,#1248);
#1250=IFCDIRECTION((0.,0.,1.));
#1251=IFCEXTRUDEDAREASOLID(#1249,$,#1250,3.5);
#1252=IFCSHAPEREPRESENTATION(#11,'Body','SweptSolid',(#1251));
#1253=IFCPRODUCTDEFINITIONSHAPE($,$,(#1252));
#1254=IFCCARTESIANPOINT((0.,0.,0.));
#1255=IFCDIRECTION((0.,0.,1.));
#1256=IFCDIRECTION((1.,0.,0.));
#1257=IFCAXIS2PLACEMENT3D(#1254,#1255,#1256);
#1258=IFCLOCALPLACEMENT(#113,#1257);
#1259=IFCOPENINGELEMENT('2Zpr7vCtv13QNQP6pdk2LD',$,'Opening for Court Window East 3',$,$,#1258,#1253,$,$);
#1260=IFCRELVOIDSELEMENT('0c19O4h4f8P98rtIZKKYpL',$,'Wall Opening',$,#149,#1259);
#1261=IFCCARTESIANPOINT((50.,22.5,0.6));
#1262=IFCCARTESIANPOINT((50.,25.5,0.6));
#1263=IFCCARTESIANPOINT((49.98,25.5,0.6));
#1264=IFCCARTESIANPOINT((49.98,22.5,0.6));
#1265=IFCCARTESIANPOINT((50.,22.5,0.6));
#1266=IFCPOLYLINE((#1261,#1262,#1263,#1264,#1265));
#1267=IFCARBITRARYCLOSEDPROFILEDEF(.AREA.,$,#1266);
#1268=IFCDIRECTION((0.,0.,1.));
#1269=IFCEXTRUDEDAREASOLID(#1267,$,#1268,3.5);
#1270=IFCSHAPEREPRESENTATION(#11,'Body','SweptSolid',(#1269));
#1271=IFCPRODUCTDEFINITIONSHAPE($,$,(#1270));
#1272=IFCCARTESIANPOINT((0.,0.,0.));
#1273=IFCDIRECTION((0.,0.,1.));
#1274=IFCDIRECTION((1.,0.,0.));
#1275=IFCAXIS2PLACEMENT3D(#1272,#1273,#1274);
#1276=IFCLOCALPLACEMENT(#113,#1275);
#1277=IFCWINDOW('04M3kWoCDBj9bpzeRdlnI8',$,'Court Window East 3',$,$,#1276,#1271,$,3.5,3.,$,$,$);
#1278=IFCRELFILLSELEMENT('2$htAciV54b9lCVqr0a3v3',$,'Window Fill',$,#1259,#1277);
#1279=IFCSTYLEDITEM(#1269,(#89),'GalleryGlass');
#1280=IFCCARTESIANPOINT((11.5,35.4,0.6));
#1281=IFCCARTESIANPOINT((8.5,35.4,0.6));
#1282=IFCCARTESIANPOINT((8.5,34.6,0.6));
#1283=IFCCARTESIANPOINT((11.5,34.6,0.6));
#1284=IFCCARTESIANPOINT((11.5,35.4,0.6));
#1285=IFCPOLYLINE((#1280,#1281,#1282,#1283,#1284));
#1286=IFCARBITRARYCLOSEDPROFILEDEF(.AREA.,$,#1285);
#1287=IFCDIRECTION((0.,0.,1.));
#1288=IFCEXTRUDEDAREASOLID(#1286,$,#1287,3.5);
#1289=IFCSHAPEREPRESENTATION(#11,'Body','SweptSolid',(#1288));
#1290=IFCPRODUCTDEFINITIONSHAPE($,$,(#1289));
#1291=IFCCARTESIANPOINT((0.,0.,0.));
#1292=IFCDIRECTION((0.,0.,1.));
#1293=IFCDIRECTION((1.,0.,0.));
#1294=IFCAXIS2PLACEMENT3D(#1291,#1292,#1293);
#1295=IFCLOCALPLACEMENT(#113,#1294);
#1296=IFCOPENINGELEMENT('1ONWtmarLCEfWjMKi_uheB',$,'Opening for Court Window North 1',$,$,#1295,#1290,$,$);
#1297=IFCRELVOIDSELEMENT('3KwagNNC96wfrPalVbxYHv',$,'Wall Opening',$,#166,#1296);
#1298=IFCCARTESIANPOINT((11.5,35.,0.6));
#1299=IFCCARTESIANPOINT((8.5,35.,0.6));
#1300=IFCCARTESIANPOINT((8.5,34.98,0.6));
#1301=IFCCARTESIANPOINT((11.5,34.98,0.6));
#1302=IFCCARTESIANPOINT((11.5,35.,0.6));
#1303=IFCPOLYLINE((#1298,#1299,#1300,#1301,#1302));
#1304=IFCARBITRARYCLOSEDPROFILEDEF(.AREA.,$,#1303);
#1305=IFCDIRECTION((0.,0.,1.));
#1306=IFCEXTRUDEDAREASOLID(#1304,$,#1305,3.5);
#1307=IFCSHAPEREPRESENTATION(#11,'Body','SweptSolid',(#1306));
#1308=IFCPRODUCTDEFINITIONSHAPE($,$,(#1307));
#1309=IFCCARTESIANPOINT((0.,0.,0.));
#1310=IFCDIRECTION((0.,0.,1.));
#1311=IFCDIRECTION((1.,0.,0.));
#1312=IFCAXIS2PLACEMENT3D(#1309,#1310,#1311);
#1313=IFCLOCALPLACEMENT(#113,#1312);
#1314=IFCWINDOW('14a3b5E5rE3PCxuZ5ElD8A',$,'Court Window North 1',$,$,#1313,#1308,$,3.5,3.,$,$,$);
#1315=IFCRELFILLSELEMENT('2sg8FO11j05Qe7v3672z8$',$,'Window Fill',$,#1296,#1314);
#1316=IFCSTYLEDITEM(#1306,(#89),'GalleryGlass');
#1317=IFCCARTESIANPOINT((5.5,35.4,0.6));
#1318=IFCCARTESIANPOINT((2.5,35.4,0.6));
#1319=IFCCARTESIANPOINT((2.5,34.6,0.6));
#1320=IFCCARTESIANPOINT((5.5,34.6,0.6));
#1321=IFCCARTESIANPOINT((5.5,35.4,0.6));
#1322=IFCPOLYLINE((#1317,#1318,#1319,#1320,#1321));
#1323=IFCARBITRARYCLOSEDPROFILEDEF(.AREA.,$,#1322);
#1324=IFCDIRECTION((0.,0.,1.));
#1325=IFCEXTRUDEDAREASOLID(#1323,$,#1324,3.5);
#1326=IFCSHAPEREPRESENTATION(#11,'Body','SweptSolid',(#1325));
#1327=IFCPRODUCTDEFINITIONSHAPE($,$,(#1326));
#1328=IFCCARTESIANPOINT((0.,0.,0.));
#1329=IFCDIRECTION((0.,0.,1.));
#1330=IFCDIRECTION((1.,0.,0.));
#1331=IFCAXIS2PLACEMENT3D(#1328,#1329,#1330);
#1332=IFCLOCALPLACEMENT(#113,#1331);
#1333=IFCOPENINGELEMENT('13Q1A$hGbFQBXXpQt6iW1A',$,'Opening for Court Window North 2',$,$,#1332,#1327,$,$);
#1334=IFCRELVOIDSELEMENT('3UfXidEhP3xQAv$ELHVred',$,'Wall Opening',$,#166,#1333);
#1335=IFCCARTESIANPOINT((5.5,35.,0.6));
#1336=IFCCARTESIANPOINT((2.5,35.,0.6));
#1337=IFCCARTESIANPOINT((2.5,34.98,0.6));
#1338=IFCCARTESIANPOINT((5.5,34.98,0.6));
#1339=IFCCARTESIANPOINT((5.5,35.,0.6));
#1340=IFCPOLYLINE((#1335,#1336,#1337,#1338,#1339));
#1341=IFCARBITRARYCLOSEDPROFILEDEF(.AREA.,$,#1340);
#1342=IFCDIRECTION((0.,0.,1.));
#1343=IFCEXTRUDEDAREASOLID(#1341,$,#1342,3.5);
#1344=IFCSHAPEREPRESENTATION(#11,'Body','SweptSolid',(#1343));
#1345=IFCPRODUCTDEFINITIONSHAPE($,$,(#1344));
#1346=IFCCARTESIANPOINT((0.,0.,0.));
#1347=IFCDIRECTION((0.,0.,1.));
#1348=IFCDIRECTION((1.,0.,0.));
#1349=IFCAXIS2PLACEMENT3D(#1346,#1347,#1348);
#1350=IFCLOCALPLACEMENT(#113,#1349);
#1351=IFCWINDOW('10XyD5T1T7eRYuJS9ADRtE',$,'Court Window North 2',$,$,#1350,#1345,$,3.5,3.,$,$,$);
#1352=IFCRELFILLSELEMENT('1QwLj2BXn9iQZGN1mM7Brv',$,'Window Fill',$,#1333,#1351);
#1353=IFCSTYLEDITEM(#1343,(#89),'GalleryGlass');
#1354=IFCCARTESIANPOINT((40.9,20.25,0.));
#1355=IFCCARTESIANPOINT((39.1,20.25,0.));
#1356=IFCCARTESIANPOINT((39.1,19.75,0.));
#1357=IFCCARTESIANPOINT((40.9,19.75,0.));
#1358=IFCCARTESIANPOINT((40.9,20.25,0.));
#1359=IFCPOLYLINE((#1354,#1355,#1356,#1357,#1358));
#1360=IFCARBITRARYCLOSEDPROFILEDEF(.AREA.,$,#1359);
#1361=IFCDIRECTION((0.,0.,1.));
#1362=IFCEXTRUDEDAREASOLID(#1360,$,#1361,0.45);
#1363=IFCSHAPEREPRESENTATION(#11,'Body','SweptSolid',(#1362));
#1364=IFCPRODUCTDEFINITIONSHAPE($,$,(#1363));
#1365=IFCCARTESIANPOINT((0.,0.,0.));
#1366=IFCDIRECTION((0.,0.,1.));
#1367=IFCDIRECTION((1.,0.,0.));
#1368=IFCAXIS2PLACEMENT3D(#1365,#1366,#1367);
#1369=IFCLOCALPLACEMENT(#113,#1368);
#1370=IFCFURNISHINGELEMENT('0XXvHRbVf9jeXpLPYNmoWI',$,'GalleryBench',$,$,#1369,#1364,$);
#1371=IFCCARTESIANPOINT((40.9,28.25,0.));
#1372=IFCCARTESIANPOINT((39.1,28.25,0.));
#1373=IFCCARTESIANPOINT((39.1,27.75,0.));
#1374=IFCCARTESIANPOINT((40.9,27.75,0.));
#1375=IFCCARTESIANPOINT((40.9,28.25,0.));
#1376=IFCPOLYLINE((#1371,#1372,#1373,#1374,#1375));
#1377=IFCARBITRARYCLOSEDPROFILEDEF(.AREA.,$,#1376);
#1378=IFCDIRECTION((0.,0.,1.));
#1379=IFCEXTRUDEDAREASOLID(#1377,$,#1378,0.45);
#1380=IFCSHAPEREPRESENTATION(#11,'Body','SweptSolid',(#1379));
#1381=IFCPRODUCTDEFINITIONSHAPE($,$,(#1380));
#1382=IFCCARTESIANPOINT((0.,0.,0.));
#1383=IFCDIRECTION((0.,0.,1.));
#1384=IFCDIRECTION((1.,0.,0.));
#1385=IFCAXIS2PLACEMENT3D(#1382,#1383,#1384);
#1386=IFCLOCALPLACEMENT(#113,#1385);
#1387=IFCFURNISHINGELEMENT('0_eOGrSoTDSPhDXRT1sZ7m',$,'GalleryBench',$,$,#1386,#1381,$);
#1388=IFCCARTESIANPOINT((34.7,18.3,0.));
#1389=IFCCARTESIANPOINT((34.7,17.7,0.));
#1390=IFCCARTESIANPOINT((35.3,17.7,0.));
#1391=IFCCARTESIANPOINT((35.3,18.3,0.));
#1392=IFCCARTESIANPOINT((34.7,18.3,0.));
#1393=IFCPOLYLINE((#1388,#1389,#1390,#1391,#1392));
#1394=IFCARBITRARYCLOSEDPROFILEDEF(.AREA.,$,#1393);
#1395=IFCDIRECTION((0.,0.,1.));
#1396=IFCEXTRUDEDAREASOLID(#1394,$,#1395,1.2);
#1397=IFCSHAPEREPRESENTATION(#11,'Body','SweptSolid',(#1396));
#1398=IFCPRODUCTDEFINITIONSHAPE($,$,(#1397));
#1399=IFCCARTESIANPOINT((0.,0.,0.));
#1400=IFCDIRECTION((0.,0.,1.));
#1401=IFCDIRECTION((1.,0.,0.));
#1402=IFCAXIS2PLACEMENT3D(#1399,#1400,#1401);
#1403=IFCLOCALPLACEMENT(#113,#1402);
#1404=IFCFURNISHINGELEMENT('1Evk6$NfHD8Pabx7tCz3eU',$,'DisplayPedestal',$,$,#1403,#1398,$);
#1405=IFCCARTESIANPOINT((34.7,25.3,0.));
#1406=IFCCARTESIANPOINT((34.7,24.7,0.));
#1407=IFCCARTESIANPOINT((35.3,24.7,0.));
#1408=IFCCARTESIANPOINT((35.3,25.3,0.));
#1409=IFCCARTESIANPOINT((34.7,25.3,0.));
#1410=IFCPOLYLINE((#1405,#1406,#1407,#1408,#1409));
#1411=IFCARBITRARYCLOSEDPROFILEDEF(.AREA.,$,#1410);
#1412=IFCDIRECTION((0.,0.,1.));
#1413=IFCEXTRUDEDAREASOLID(#1411,$,#1412,1.2);
#1414=IFCSHAPEREPRESENTATION(#11,'Body','SweptSolid',(#1413));
#1415=IFCPRODUCTDEFINITIONSHAPE($,$,(#1414));
#1416=IFCCARTESIANPOINT((0.,0.,0.));
#1417=IFCDIRECTION((0.,0.,1.));
#1418=IFCDIRECTION((1.,0.,0.));
#1419=IFCAXIS2PLACEMENT3D(#1416,#1417,#1418);
#1420=IFCLOCALPLACEMENT(#113,#1419);
#1421=IFCFURNISHINGELEMENT('1lJxCiABvAkgebrG05gIyP',$,'DisplayPedestal',$,$,#1420,#1415,$);
#1422=IFCCARTESIANPOINT((45.3,17.7,0.));
#1423=IFCCARTESIANPOINT((45.3,18.3,0.));
#1424=IFCCARTESIANPOINT((44.7,18.3,0.));
#1425=IFCCARTESIANPOINT((44.7,17.7,0.));
#1426=IFCCARTESIANPOINT((45.3,17.7,0.));
#1427=IFCPOLYLINE((#1422,#1423,#1424,#1425,#1426));
#1428=IFCARBITRARYCLOSEDPROFILEDEF(.AREA.,$,#1427);
#1429=IFCDIRECTION((0.,0.,1.));
#1430=IFCEXTRUDEDAREASOLID(#1428,$,#1429,1.2);
#1431=IFCSHAPEREPRESENTATION(#11,'Body','SweptSolid',(#1430));
#1432=IFCPRODUCTDEFINITIONSHAPE($,$,(#1431));
#1433=IFCCARTESIANPOINT((0.,0.,0.));
#1434=IFCDIRECTION((0.,0.,1.));
#1435=IFCDIRECTION((1.,0.,0.));
#1436=IFCAXIS2PLACEMENT3D(#1433,#1434,#1435);
#1437=IFCLOCALPLACEMENT(#113,#1436);
#1438=IFCFURNISHINGELEMENT('1WLzJ$4Uv6AfZbK3mWgJQC',$,'DisplayPedestal',$,$,#1437,#1432,$);
#1439=IFCCARTESIANPOINT((45.3,24.7,0.));
#1440=IFCCARTESIANPOINT((45.3,25.3,0.));
#1441=IFCCARTESIANPOINT((44.7,25.3,0.));
#1442=IFCCARTESIANPOINT((44.7,24.7,0.));
#1443=IFCCARTESIANPOINT((45.3,24.7,0.));
#1444=IFCPOLYLINE((#1439,#1440,#1441,#1442,#1443));
#1445=IFCARBITRARYCLOSEDPROFILEDEF(.AREA.,$,#1444);
#1446=IFCDIRECTION((0.,0.,1.));
#1447=IFCEXTRUDEDAREASOLID(#1445,$,#1446,1.2);
#1448=IFCSHAPEREPRESENTATION(#11,'Body','SweptSolid',(#1447));
#1449=IFCPRODUCTDEFINITIONSHAPE($,$,(#1448));
#1450=IFCCARTESIANPOINT((0.,0.,0.));
#1451=IFCDIRECTION((0.,0.,1.));
#1452=IFCDIRECTION((1.,0.,0.));
#1453=IFCAXIS2PLACEMENT3D(#1450,#1451,#1452);
#1454=IFCLOCALPLACEMENT(#113,#1453);
#1455=IFCFURNISHINGELEMENT('3vzEvtFvb3d8zjGzgYstV1',$,'DisplayPedestal',$,$,#1454,#1449,$);
#1456=IFCCARTESIANPOINT((2.2,9.8,0.));
#1457=IFCCARTESIANPOINT((3.8,9.8,0.));
#1458=IFCCARTESIANPOINT((3.8,10.2,0.));
#1459=IFCCARTESIANPOINT((2.2,10.2,0.));
#1460=IFCCARTESIANPOINT((2.2,9.8,0.));
#1461=IFCPOLYLINE((#1456,#1457,#1458,#1459,#1460));
#1462=IFCARBITRARYCLOSEDPROFILEDEF(.AREA.,$,#1461);
#1463=IFCDIRECTION((0.,0.,1.));
#1464=IFCEXTRUDEDAREASOLID(#1462,$,#1463,2.4);
#1465=IFCSHAPEREPRESENTATION(#11,'Body','SweptSolid',(#1464));
#1466=IFCPRODUCTDEFINITIONSHAPE($,$,(#1465));
#1467=IFCCARTESIANPOINT((0.,0.,0.));
#1468=IFCDIRECTION((0.,0.,1.));
#1469=IFCDIRECTION((1.,0.,0.));
#1470=IFCAXIS2PLACEMENT3D(#1467,#1468,#1469);
#1471=IFCLOCALPLACEMENT(#113,#1470);
#1472=IFCOPENINGELEMENT('22H97vlZH4nRro9aqSHJs$',$,'Opening for Cafe Entrance',$,$,#1471,#1466,$,$);
#1473=IFCRELVOIDSELEMENT('25W$NOlXr4G9wvQnN8X5Gn',$,'Wall Opening',$,#200,#1472);
#1474=IFCCARTESIANPOINT((2.2,10.,0.));
#1475=IFCCARTESIANPOINT((3.8,10.,0.));
#1476=IFCCARTESIANPOINT((3.8,10.05,0.));
#1477=IFCCARTESIANPOINT((2.2,10.05,0.));
#1478=IFCCARTESIANPOINT((2.2,10.,0.));
#1479=IFCPOLYLINE((#1474,#1475,#1476,#1477,#1478));
#1480=IFCARBITRARYCLOSEDPROFILEDEF(.AREA.,$,#1479);
#1481=IFCDIRECTION((0.,0.,1.));
#1482=IFCEXTRUDEDAREASOLID(#1480,$,#1481,2.4);
#1483=IFCSHAPEREPRESENTATION(#11,'Body','SweptSolid',(#1482));
#1484=IFCPRODUCTDEFINITIONSHAPE($,$,(#1483));
#1485=IFCCARTESIANPOINT((0.,0.,0.));
#1486=IFCDIRECTION((0.,0.,1.));
#1487=IFCDIRECTION((1.,0.,0.));
#1488=IFCAXIS2PLACEMENT3D(#1485,#1486,#1487);
#1489=IFCLOCALPLACEMENT(#113,#1488);
#1490=IFCDOOR('3oFilUPwjEeeV_orsRyJVy',$,'Cafe Entrance','Connects Entry Lobby to Caf\X2\00E9\X0\ Lumina',$,#1489,#1484,$,2.4,1.6,$,$,$);
#1491=IFCRELFILLSELEMENT('2CkPArB6L6Mgkn5bRwWxyo',$,'Door Fill',$,#1472,#1490);
#1492=IFCSTYLEDITEM(#1482,(#80),'GlassDoor');
#1493=IFCCARTESIANPOINT((-0.4,22.,0.6));
#1494=IFCCARTESIANPOINT((-0.4,20.,0.6));
#1495=IFCCARTESIANPOINT((0.4,20.,0.6));
#1496=IFCCARTESIANPOINT((0.4,22.,0.6));
#1497=IFCCARTESIANPOINT((-0.4,22.,0.6));
#1498=IFCPOLYLINE((#1493,#1494,#1495,#1496,#1497));
#1499=IFCARBITRARYCLOSEDPROFILEDEF(.AREA.,$,#1498);
#1500=IFCDIRECTION((0.,0.,1.));
#1501=IFCEXTRUDEDAREASOLID(#1499,$,#1500,2.4);
#1502=IFCSHAPEREPRESENTATION(#11,'Body','SweptSolid',(#1501));
#1503=IFCPRODUCTDEFINITIONSHAPE($,$,(#1502));
#1504=IFCCARTESIANPOINT((0.,0.,0.));
#1505=IFCDIRECTION((0.,0.,1.));
#1506=IFCDIRECTION((1.,0.,0.));
#1507=IFCAXIS2PLACEMENT3D(#1504,#1505,#1506);
#1508=IFCLOCALPLACEMENT(#113,#1507);
#1509=IFCOPENINGELEMENT('0SdrI1sET1EuSrtxAbwSHx',$,'Opening for Cafe Window 1',$,$,#1508,#1503,$,$);
#1510=IFCRELVOIDSELEMENT('0f8n5ZbOb92xF8MZHRh6VU',$,'Wall Opening',$,#183,#1509);
#1511=IFCCARTESIANPOINT((-6.12323399573677E-17,22.,0.6));
#1512=IFCCARTESIANPOINT((6.12323399573677E-17,20.,0.6));
#1513=IFCCARTESIANPOINT((0.0200000000000001,20.,0.6));
#1514=IFCCARTESIANPOINT((0.0199999999999999,22.,0.6));
#1515=IFCCARTESIANPOINT((-6.12323399573677E-17,22.,0.6));
#1516=IFCPOLYLINE((#1511,#1512,#1513,#1514,#1515));
#1517=IFCARBITRARYCLOSEDPROFILEDEF(.AREA.,$,#1516);
#1518=IFCDIRECTION((0.,0.,1.));
#1519=IFCEXTRUDEDAREASOLID(#1517,$,#1518,2.4);
#1520=IFCSHAPEREPRESENTATION(#11,'Body','SweptSolid',(#1519));
#1521=IFCPRODUCTDEFINITIONSHAPE($,$,(#1520));
#1522=IFCCARTESIANPOINT((0.,0.,0.));
#1523=IFCDIRECTION((0.,0.,1.));
#1524=IFCDIRECTION((1.,0.,0.));
#1525=IFCAXIS2PLACEMENT3D(#1522,#1523,#1524);
#1526=IFCLOCALPLACEMENT(#113,#1525);
#1527=IFCWINDOW('1mb5_EAzvAXPSGR_1xJMjb',$,'Cafe Window 1',$,$,#1526,#1521,$,2.4,2.,$,$,$);
#1528=IFCRELFILLSELEMENT('1KkWedxtHCohZpmREV1VI5',$,'Window Fill',$,#1509,#1527);
#1529=IFCSTYLEDITEM(#1519,(#89),'GalleryGlass');
#1530=IFCCARTESIANPOINT((-0.4,18.,0.6));
#1531=IFCCARTESIANPOINT((-0.4,16.,0.6));
#1532=IFCCARTESIANPOINT((0.4,16.,0.6));
#1533=IFCCARTESIANPOINT((0.4,18.,0.6));
#1534=IFCCARTESIANPOINT((-0.4,18.,0.6));
#1535=IFCPOLYLINE((#1530,#1531,#1532,#1533,#1534));
#1536=IFCARBITRARYCLOSEDPROFILEDEF(.AREA.,$,#1535);
#1537=IFCDIRECTION((0.,0.,1.));
#1538=IFCEXTRUDEDAREASOLID(#1536,$,#1537,2.4);
#1539=IFCSHAPEREPRESENTATION(#11,'Body','SweptSolid',(#1538));
#1540=IFCPRODUCTDEFINITIONSHAPE($,$,(#1539));
#1541=IFCCARTESIANPOINT((0.,0.,0.));
#1542=IFCDIRECTION((0.,0.,1.));
#1543=IFCDIRECTION((1.,0.,0.));
#1544=IFCAXIS2PLACEMENT3D(#1541,#1542,#1543);
#1545=IFCLOCALPLACEMENT(#113,#1544);
#1546=IFCOPENINGELEMENT('2QBIIy75H0oeftbziSVYAC',$,'Opening for Cafe Window 2',$,$,#1545,#1540,$,$);
#1547=IFCRELVOIDSELEMENT('2Y9735BPP64RJBhljfsvOR',$,'Wall Opening',$,#183,#1546);
#1548=IFCCARTESIANPOINT((-6.12323399573677E-17,18.,0.6));
#1549=IFCCARTESIANPOINT((6.12323399573677E-17,16.,0.6));
#1550=IFCCARTESIANPOINT((0.0200000000000001,16.,0.6));
#1551=IFCCARTESIANPOINT((0.0199999999999999,18.,0.6));
#1552=IFCCARTESIANPOINT((-6.12323399573677E-17,18.,0.6));
#1553=IFCPOLYLINE((#1548,#1549,#1550,#1551,#1552));
#1554=IFCARBITRARYCLOSEDPROFILEDEF(.AREA.,$,#1553);
#1555=IFCDIRECTION((0.,0.,1.));
#1556=IFCEXTRUDEDAREASOLID(#1554,$,#1555,2.4);
#1557=IFCSHAPEREPRESENTATION(#11,'Body','SweptSolid',(#1556));
#1558=IFCPRODUCTDEFINITIONSHAPE($,$,(#1557));
#1559=IFCCARTESIANPOINT((0.,0.,0.));
#1560=IFCDIRECTION((0.,0.,1.));
#1561=IFCDIRECTION((1.,0.,0.));
#1562=IFCAXIS2PLACEMENT3D(#1559,#1560,#1561);
#1563=IFCLOCALPLACEMENT(#113,#1562);
#1564=IFCWINDOW('1uHnFWC5n9LvioJymknmRV',$,'Cafe Window 2',$,$,#1563,#1558,$,2.4,2.,$,$,$);
#1565=IFCRELFILLSELEMENT('1XvwAPzcv55g$B423X9znK',$,'Window Fill',$,#1546,#1564);
#1566=IFCSTYLEDITEM(#1556,(#89),'GalleryGlass');
#1567=IFCCARTESIANPOINT((2.6,12.6,0.));
#1568=IFCCARTESIANPOINT((3.4,12.6,0.));
#1569=IFCCARTESIANPOINT((3.4,13.4,0.));
#1570=IFCCARTESIANPOINT((2.6,13.4,0.));
#1571=IFCCARTESIANPOINT((2.6,12.6,0.));
#1572=IFCPOLYLINE((#1567,#1568,#1569,#1570,#1571));
#1573=IFCARBITRARYCLOSEDPROFILEDEF(.AREA.,$,#1572);
#1574=IFCDIRECTION((0.,0.,1.));
#1575=IFCEXTRUDEDAREASOLID(#1573,$,#1574,0.75);
#1576=IFCSHAPEREPRESENTATION(#11,'Body','SweptSolid',(#1575));
#1577=IFCPRODUCTDEFINITIONSHAPE($,$,(#1576));
#1578=IFCCARTESIANPOINT((0.,0.,0.));
#1579=IFCDIRECTION((0.,0.,1.));
#1580=IFCDIRECTION((1.,0.,0.));
#1581=IFCAXIS2PLACEMENT3D(#1578,#1579,#1580);
#1582=IFCLOCALPLACEMENT(#113,#1581);
#1583=IFCFURNISHINGELEMENT('3_VDi9mUrFnwU0eehZfd16',$,'CafeTable',$,$,#1582,#1577,$);
#1584=IFCCARTESIANPOINT((2.25,11.75,0.));
#1585=IFCCARTESIANPOINT((2.75,11.75,0.));
#1586=IFCCARTESIANPOINT((2.75,12.25,0.));
#1587=IFCCARTESIANPOINT((2.25,12.25,0.));
#1588=IFCCARTESIANPOINT((2.25,11.75,0.));
#1589=IFCPOLYLINE((#1584,#1585,#1586,#1587,#1588));
#1590=IFCARBITRARYCLOSEDPROFILEDEF(.AREA.,$,#1589);
#1591=IFCDIRECTION((0.,0.,1.));
#1592=IFCEXTRUDEDAREASOLID(#1590,$,#1591,0.45);
#1593=IFCSHAPEREPRESENTATION(#11,'Body','SweptSolid',(#1592));
#1594=IFCPRODUCTDEFINITIONSHAPE($,$,(#1593));
#1595=IFCCARTESIANPOINT((0.,0.,0.));
#1596=IFCDIRECTION((0.,0.,1.));
#1597=IFCDIRECTION((1.,0.,0.));
#1598=IFCAXIS2PLACEMENT3D(#1595,#1596,#1597);
#1599=IFCLOCALPLACEMENT(#113,#1598);
#1600=IFCFURNISHINGELEMENT('2V8cwvWQv9AfhNvPKyyPu9',$,'CafeChair',$,$,#1599,#1594,$);
#1601=IFCCARTESIANPOINT((3.25,11.75,0.));
#1602=IFCCARTESIANPOINT((3.75,11.75,0.));
#1603=IFCCARTESIANPOINT((3.75,12.25,0.));
#1604=IFCCARTESIANPOINT((3.25,12.25,0.));
#1605=IFCCARTESIANPOINT((3.25,11.75,0.));
#1606=IFCPOLYLINE((#1601,#1602,#1603,#1604,#1605));
#1607=IFCARBITRARYCLOSEDPROFILEDEF(.AREA.,$,#1606);
#1608=IFCDIRECTION((0.,0.,1.));
#1609=IFCEXTRUDEDAREASOLID(#1607,$,#1608,0.45);
#1610=IFCSHAPEREPRESENTATION(#11,'Body','SweptSolid',(#1609));
#1611=IFCPRODUCTDEFINITIONSHAPE($,$,(#1610));
#1612=IFCCARTESIANPOINT((0.,0.,0.));
#1613=IFCDIRECTION((0.,0.,1.));
#1614=IFCDIRECTION((1.,0.,0.));
#1615=IFCAXIS2PLACEMENT3D(#1612,#1613,#1614);
#1616=IFCLOCALPLACEMENT(#113,#1615);
#1617=IFCFURNISHINGELEMENT('1w3U3zbFnAyO4gbgZFdEZS',$,'CafeChair',$,$,#1616,#1611,$);
#1618=IFCCARTESIANPOINT((5.6,12.6,0.));
#1619=IFCCARTESIANPOINT((6.4,12.6,0.));
#1620=IFCCARTESIANPOINT((6.4,13.4,0.));
#1621=IFCCARTESIANPOINT((5.6,13.4,0.));
#1622=IFCCARTESIANPOINT((5.6,12.6,0.));
#1623=IFCPOLYLINE((#1618,#1619,#1620,#1621,#1622));
#1624=IFCARBITRARYCLOSEDPROFILEDEF(.AREA.,$,#1623);
#1625=IFCDIRECTION((0.,0.,1.));
#1626=IFCEXTRUDEDAREASOLID(#1624,$,#1625,0.75);
#1627=IFCSHAPEREPRESENTATION(#11,'Body','SweptSolid',(#1626));
#1628=IFCPRODUCTDEFINITIONSHAPE($,$,(#1627));
#1629=IFCCARTESIANPOINT((0.,0.,0.));
#1630=IFCDIRECTION((0.,0.,1.));
#1631=IFCDIRECTION((1.,0.,0.));
#1632=IFCAXIS2PLACEMENT3D(#1629,#1630,#1631);
#1633=IFCLOCALPLACEMENT(#113,#1632);
#1634=IFCFURNISHINGELEMENT('3rSQ9R_5f3nAn$D3Bwzld5',$,'CafeTable',$,$,#1633,#1628,$);
#1635=IFCCARTESIANPOINT((5.25,11.75,0.));
#1636=IFCCARTESIANPOINT((5.75,11.75,0.));
#1637=IFCCARTESIANPOINT((5.75,12.25,0.));
#1638=IFCCARTESIANPOINT((5.25,12.25,0.));
#1639=IFCCARTESIANPOINT((5.25,11.75,0.));
#1640=IFCPOLYLINE((#1635,#1636,#1637,#1638,#1639));
#1641=IFCARBITRARYCLOSEDPROFILEDEF(.AREA.,$,#1640);
#1642=IFCDIRECTION((0.,0.,1.));
#1643=IFCEXTRUDEDAREASOLID(#1641,$,#1642,0.45);
#1644=IFCSHAPEREPRESENTATION(#11,'Body','SweptSolid',(#1643));
#1645=IFCPRODUCTDEFINITIONSHAPE($,$,(#1644));
#1646=IFCCARTESIANPOINT((0.,0.,0.));
#1647=IFCDIRECTION((0.,0.,1.));
#1648=IFCDIRECTION((1.,0.,0.));
#1649=IFCAXIS2PLACEMENT3D(#1646,#1647,#1648);
#1650=IFCLOCALPLACEMENT(#113,#1649);
#1651=IFCFURNISHINGELEMENT('0tTIaW4OrEQgOwUMTwt9fX',$,'CafeChair',$,$,#1650,#1645,$);
#1652=IFCCARTESIANPOINT((6.25,11.75,0.));
#1653=IFCCARTESIANPOINT((6.75,11.75,0.));
#1654=IFCCARTESIANPOINT((6.75,12.25,0.));
#1655=IFCCARTESIANPOINT((6.25,12.25,0.));
#1656=IFCCARTESIANPOINT((6.25,11.75,0.));
#1657=IFCPOLYLINE((#1652,#1653,#1654,#1655,#1656));
#1658=IFCARBITRARYCLOSEDPROFILEDEF(.AREA.,$,#1657);
#1659=IFCDIRECTION((0.,0.,1.));
#1660=IFCEXTRUDEDAREASOLID(#1658,$,#1659,0.45);
#1661=IFCSHAPEREPRESENTATION(#11,'Body','SweptSolid',(#1660));
#1662=IFCPRODUCTDEFINITIONSHAPE($,$,(#1661));
#1663=IFCCARTESIANPOINT((0.,0.,0.));
#1664=IFCDIRECTION((0.,0.,1.));
#1665=IFCDIRECTION((1.,0.,0.));
#1666=IFCAXIS2PLACEMENT3D(#1663,#1664,#1665);
#1667=IFCLOCALPLACEMENT(#113,#1666);
#1668=IFCFURNISHINGELEMENT('2uMdo957H68Q7ssxleNlv3',$,'CafeChair',$,$,#1667,#1662,$);
#1669=IFCCARTESIANPOINT((8.6,12.6,0.));
#1670=IFCCARTESIANPOINT((9.4,12.6,0.));
#1671=IFCCARTESIANPOINT((9.4,13.4,0.));
#1672=IFCCARTESIANPOINT((8.6,13.4,0.));
#1673=IFCCARTESIANPOINT((8.6,12.6,0.));
#1674=IFCPOLYLINE((#1669,#1670,#1671,#1672,#1673));
#1675=IFCARBITRARYCLOSEDPROFILEDEF(.AREA.,$,#1674);
#1676=IFCDIRECTION((0.,0.,1.));
#1677=IFCEXTRUDEDAREASOLID(#1675,$,#1676,0.75);
#1678=IFCSHAPEREPRESENTATION(#11,'Body','SweptSolid',(#1677));
#1679=IFCPRODUCTDEFINITIONSHAPE($,$,(#1678));
#1680=IFCCARTESIANPOINT((0.,0.,0.));
#1681=IFCDIRECTION((0.,0.,1.));
#1682=IFCDIRECTION((1.,0.,0.));
#1683=IFCAXIS2PLACEMENT3D(#1680,#1681,#1682);
#1684=IFCLOCALPLACEMENT(#113,#1683);
#1685=IFCFURNISHINGELEMENT('29Z8v9_4HCc8AfXl7vXd8e',$,'CafeTable',$,$,#1684,#1679,$);
#1686=IFCCARTESIANPOINT((8.25,11.75,0.));
#1687=IFCCARTESIANPOINT((8.75,11.75,0.));
#1688=IFCCARTESIANPOINT((8.75,12.25,0.));
#1689=IFCCARTESIANPOINT((8.25,12.25,0.));
#1690=IFCCARTESIANPOINT((8.25,11.75,0.));
#1691=IFCPOLYLINE((#1686,#1687,#1688,#1689,#1690));
#1692=IFCARBITRARYCLOSEDPROFILEDEF(.AREA.,$,#1691);
#1693=IFCDIRECTION((0.,0.,1.));
#1694=IFCEXTRUDEDAREASOLID(#1692,$,#1693,0.45);
#1695=IFCSHAPEREPRESENTATION(#11,'Body','SweptSolid',(#1694));
#1696=IFCPRODUCTDEFINITIONSHAPE($,$,(#1695));
#1697=IFCCARTESIANPOINT((0.,0.,0.));
#1698=IFCDIRECTION((0.,0.,1.));
#1699=IFCDIRECTION((1.,0.,0.));
#1700=IFCAXIS2PLACEMENT3D(#1697,#1698,#1699);
#1701=IFCLOCALPLACEMENT(#113,#1700);
#1702=IFCFURNISHINGELEMENT('1$OkJm_aDEQ8N66UpMasFL',$,'CafeChair',$,$,#1701,#1696,$);
#1703=IFCCARTESIANPOINT((9.25,11.75,0.));
#1704=IFCCARTESIANPOINT((9.75,11.75,0.));
#1705=IFCCARTESIANPOINT((9.75,12.25,0.));
#1706=IFCCARTESIANPOINT((9.25,12.25,0.));
#1707=IFCCARTESIANPOINT((9.25,11.75,0.));
#1708=IFCPOLYLINE((#1703,#1704,#1705,#1706,#1707));
#1709=IFCARBITRARYCLOSEDPROFILEDEF(.AREA.,$,#1708);
#1710=IFCDIRECTION((0.,0.,1.));
#1711=IFCEXTRUDEDAREASOLID(#1709,$,#1710,0.45);
#1712=IFCSHAPEREPRESENTATION(#11,'Body','SweptSolid',(#1711));
#1713=IFCPRODUCTDEFINITIONSHAPE($,$,(#1712));
#1714=IFCCARTESIANPOINT((0.,0.,0.));
#1715=IFCDIRECTION((0.,0.,1.));
#1716=IFCDIRECTION((1.,0.,0.));
#1717=IFCAXIS2PLACEMENT3D(#1714,#1715,#1716);
#1718=IFCLOCALPLACEMENT(#113,#1717);
#1719=IFCFURNISHINGELEMENT('3mn1_vY5TCeeyPqfSqIbxl',$,'CafeChair',$,$,#1718,#1713,$);
#1720=IFCCARTESIANPOINT((3.4,18.4,0.));
#1721=IFCCARTESIANPOINT((2.6,18.4,0.));
#1722=IFCCARTESIANPOINT((2.6,17.6,0.));
#1723=IFCCARTESIANPOINT((3.4,17.6,0.));
#1724=IFCCARTESIANPOINT((3.4,18.4,0.));
#1725=IFCPOLYLINE((#1720,#1721,#1722,#1723,#1724));
#1726=IFCARBITRARYCLOSEDPROFILEDEF(.AREA.,$,#1725);
#1727=IFCDIRECTION((0.,0.,1.));
#1728=IFCEXTRUDEDAREASOLID(#1726,$,#1727,0.75);
#1729=IFCSHAPEREPRESENTATION(#11,'Body','SweptSolid',(#1728));
#1730=IFCPRODUCTDEFINITIONSHAPE($,$,(#1729));
#1731=IFCCARTESIANPOINT((0.,0.,0.));
#1732=IFCDIRECTION((0.,0.,1.));
#1733=IFCDIRECTION((1.,0.,0.));
#1734=IFCAXIS2PLACEMENT3D(#1731,#1732,#1733);
#1735=IFCLOCALPLACEMENT(#113,#1734);
#1736=IFCFURNISHINGELEMENT('0i_MPO$vz0x884kX9vmqni',$,'CafeTable',$,$,#1735,#1730,$);
#1737=IFCCARTESIANPOINT((2.75,19.25,0.));
#1738=IFCCARTESIANPOINT((2.25,19.25,0.));
#1739=IFCCARTESIANPOINT((2.25,18.75,0.));
#1740=IFCCARTESIANPOINT((2.75,18.75,0.));
#1741=IFCCARTESIANPOINT((2.75,19.25,0.));
#1742=IFCPOLYLINE((#1737,#1738,#1739,#1740,#1741));
#1743=IFCARBITRARYCLOSEDPROFILEDEF(.AREA.,$,#1742);
#1744=IFCDIRECTION((0.,0.,1.));
#1745=IFCEXTRUDEDAREASOLID(#1743,$,#1744,0.45);
#1746=IFCSHAPEREPRESENTATION(#11,'Body','SweptSolid',(#1745));
#1747=IFCPRODUCTDEFINITIONSHAPE($,$,(#1746));
#1748=IFCCARTESIANPOINT((0.,0.,0.));
#1749=IFCDIRECTION((0.,0.,1.));
#1750=IFCDIRECTION((1.,0.,0.));
#1751=IFCAXIS2PLACEMENT3D(#1748,#1749,#1750);
#1752=IFCLOCALPLACEMENT(#113,#1751);
#1753=IFCFURNISHINGELEMENT('2XacTAiT147ffWbucMHoVy',$,'CafeChair',$,$,#1752,#1747,$);
#1754=IFCCARTESIANPOINT((3.75,19.25,0.));
#1755=IFCCARTESIANPOINT((3.25,19.25,0.));
#1756=IFCCARTESIANPOINT((3.25,18.75,0.));
#1757=IFCCARTESIANPOINT((3.75,18.75,0.));
#1758=IFCCARTESIANPOINT((3.75,19.25,0.));
#1759=IFCPOLYLINE((#1754,#1755,#1756,#1757,#1758));
#1760=IFCARBITRARYCLOSEDPROFILEDEF(.AREA.,$,#1759);
#1761=IFCDIRECTION((0.,0.,1.));
#1762=IFCEXTRUDEDAREASOLID(#1760,$,#1761,0.45);
#1763=IFCSHAPEREPRESENTATION(#11,'Body','SweptSolid',(#1762));
#1764=IFCPRODUCTDEFINITIONSHAPE($,$,(#1763));
#1765=IFCCARTESIANPOINT((0.,0.,0.));
#1766=IFCDIRECTION((0.,0.,1.));
#1767=IFCDIRECTION((1.,0.,0.));
#1768=IFCAXIS2PLACEMENT3D(#1765,#1766,#1767);
#1769=IFCLOCALPLACEMENT(#113,#1768);
#1770=IFCFURNISHINGELEMENT('3CpDtqdcPDEeppZASPU8ZB',$,'CafeChair',$,$,#1769,#1764,$);
#1771=IFCCARTESIANPOINT((6.4,18.4,0.));
#1772=IFCCARTESIANPOINT((5.6,18.4,0.));
#1773=IFCCARTESIANPOINT((5.6,17.6,0.));
#1774=IFCCARTESIANPOINT((6.4,17.6,0.));
#1775=IFCCARTESIANPOINT((6.4,18.4,0.));
#1776=IFCPOLYLINE((#1771,#1772,#1773,#1774,#1775));
#1777=IFCARBITRARYCLOSEDPROFILEDEF(.AREA.,$,#1776);
#1778=IFCDIRECTION((0.,0.,1.));
#1779=IFCEXTRUDEDAREASOLID(#1777,$,#1778,0.75);
#1780=IFCSHAPEREPRESENTATION(#11,'Body','SweptSolid',(#1779));
#1781=IFCPRODUCTDEFINITIONSHAPE($,$,(#1780));
#1782=IFCCARTESIANPOINT((0.,0.,0.));
#1783=IFCDIRECTION((0.,0.,1.));
#1784=IFCDIRECTION((1.,0.,0.));
#1785=IFCAXIS2PLACEMENT3D(#1782,#1783,#1784);
#1786=IFCLOCALPLACEMENT(#113,#1785);
#1787=IFCFURNISHINGELEMENT('3E8yUtTnv4gOMabS50KkZS',$,'CafeTable',$,$,#1786,#1781,$);
#1788=IFCCARTESIANPOINT((5.75,19.25,0.));
#1789=IFCCARTESIANPOINT((5.25,19.25,0.));
#1790=IFCCARTESIANPOINT((5.25,18.75,0.));
#1791=IFCCARTESIANPOINT((5.75,18.75,0.));
#1792=IFCCARTESIANPOINT((5.75,19.25,0.));
#1793=IFCPOLYLINE((#1788,#1789,#1790,#1791,#1792));
#1794=IFCARBITRARYCLOSEDPROFILEDEF(.AREA.,$,#1793);
#1795=IFCDIRECTION((0.,0.,1.));
#1796=IFCEXTRUDEDAREASOLID(#1794,$,#1795,0.45);
#1797=IFCSHAPEREPRESENTATION(#11,'Body','SweptSolid',(#1796));
#1798=IFCPRODUCTDEFINITIONSHAPE($,$,(#1797));
#1799=IFCCARTESIANPOINT((0.,0.,0.));
#1800=IFCDIRECTION((0.,0.,1.));
#1801=IFCDIRECTION((1.,0.,0.));
#1802=IFCAXIS2PLACEMENT3D(#1799,#1800,#1801);
#1803=IFCLOCALPLACEMENT(#113,#1802);
#1804=IFCFURNISHINGELEMENT('0pkNxTikL3Tu5JNUWLdrKz',$,'CafeChair',$,$,#1803,#1798,$);
#1805=IFCCARTESIANPOINT((6.75,19.25,0.));
#1806=IFCCARTESIANPOINT((6.25,19.25,0.));
#1807=IFCCARTESIANPOINT((6.25,18.75,0.));
#1808=IFCCARTESIANPOINT((6.75,18.75,0.));
#1809=IFCCARTESIANPOINT((6.75,19.25,0.));
#1810=IFCPOLYLINE((#1805,#1806,#1807,#1808,#1809));
#1811=IFCARBITRARYCLOSEDPROFILEDEF(.AREA.,$,#1810);
#1812=IFCDIRECTION((0.,0.,1.));
#1813=IFCEXTRUDEDAREASOLID(#1811,$,#1812,0.45);
#1814=IFCSHAPEREPRESENTATION(#11,'Body','SweptSolid',(#1813));
#1815=IFCPRODUCTDEFINITIONSHAPE($,$,(#1814));
#1816=IFCCARTESIANPOINT((0.,0.,0.));
#1817=IFCDIRECTION((0.,0.,1.));
#1818=IFCDIRECTION((1.,0.,0.));
#1819=IFCAXIS2PLACEMENT3D(#1816,#1817,#1818);
#1820=IFCLOCALPLACEMENT(#113,#1819);
#1821=IFCFURNISHINGELEMENT('10$xR3LLvFGAmZpVnv4XCJ',$,'CafeChair',$,$,#1820,#1815,$);
#1822=IFCCARTESIANPOINT((9.45,17.9,0.));
#1823=IFCCARTESIANPOINT((9.45,20.1,0.));
#1824=IFCCARTESIANPOINT((8.55,20.1,0.));
#1825=IFCCARTESIANPOINT((8.55,17.9,0.));
#1826=IFCCARTESIANPOINT((9.45,17.9,0.));
#1827=IFCPOLYLINE((#1822,#1823,#1824,#1825,#1826));
#1828=IFCARBITRARYCLOSEDPROFILEDEF(.AREA.,$,#1827);
#1829=IFCDIRECTION((0.,0.,1.));
#1830=IFCEXTRUDEDAREASOLID(#1828,$,#1829,0.4);
#1831=IFCSHAPEREPRESENTATION(#11,'Body','SweptSolid',(#1830));
#1832=IFCPRODUCTDEFINITIONSHAPE($,$,(#1831));
#1833=IFCCARTESIANPOINT((0.,0.,0.));
#1834=IFCDIRECTION((0.,0.,1.));
#1835=IFCDIRECTION((1.,0.,0.));
#1836=IFCAXIS2PLACEMENT3D(#1833,#1834,#1835);
#1837=IFCLOCALPLACEMENT(#113,#1836);
#1838=IFCFURNISHINGELEMENT('1$R6dgubj7z9Y5Ncag9r_p',$,'LoungeSofa',$,$,#1837,#1832,$);
#1839=IFCCARTESIANPOINT((2.5,21.85,0.));
#1840=IFCCARTESIANPOINT((3.5,21.85,0.));
#1841=IFCCARTESIANPOINT((3.5,22.15,0.));
#1842=IFCCARTESIANPOINT((2.5,22.15,0.));
#1843=IFCCARTESIANPOINT((2.5,21.85,0.));
#1844=IFCPOLYLINE((#1839,#1840,#1841,#1842,#1843));
#1845=IFCARBITRARYCLOSEDPROFILEDEF(.AREA.,$,#1844);
#1846=IFCDIRECTION((0.,0.,1.));
#1847=IFCEXTRUDEDAREASOLID(#1845,$,#1846,2.4);
#1848=IFCSHAPEREPRESENTATION(#11,'Body','SweptSolid',(#1847));
#1849=IFCPRODUCTDEFINITIONSHAPE($,$,(#1848));
#1850=IFCCARTESIANPOINT((0.,0.,0.));
#1851=IFCDIRECTION((0.,0.,1.));
#1852=IFCDIRECTION((1.,0.,0.));
#1853=IFCAXIS2PLACEMENT3D(#1850,#1851,#1852);
#1854=IFCLOCALPLACEMENT(#113,#1853);
#1855=IFCOPENINGELEMENT('0RhkonulHCfe1TEc3i5QdV',$,'Opening for Restroom Entry',$,$,#1854,#1849,$,$);
#1856=IFCRELVOIDSELEMENT('1NrHTt4Of0$ByuKz3wTpc9',$,'Wall Opening',$,#268,#1855);
#1857=IFCCARTESIANPOINT((2.5,22.,0.));
#1858=IFCCARTESIANPOINT((3.5,22.,0.));
#1859=IFCCARTESIANPOINT((3.5,22.05,0.));
#1860=IFCCARTESIANPOINT((2.5,22.05,0.));
#1861=IFCCARTESIANPOINT((2.5,22.,0.));
#1862=IFCPOLYLINE((#1857,#1858,#1859,#1860,#1861));
#1863=IFCARBITRARYCLOSEDPROFILEDEF(.AREA.,$,#1862);
#1864=IFCDIRECTION((0.,0.,1.));
#1865=IFCEXTRUDEDAREASOLID(#1863,$,#1864,2.4);
#1866=IFCSHAPEREPRESENTATION(#11,'Body','SweptSolid',(#1865));
#1867=IFCPRODUCTDEFINITIONSHAPE($,$,(#1866));
#1868=IFCCARTESIANPOINT((0.,0.,0.));
#1869=IFCDIRECTION((0.,0.,1.));
#1870=IFCDIRECTION((1.,0.,0.));
#1871=IFCAXIS2PLACEMENT3D(#1868,#1869,#1870);
#1872=IFCLOCALPLACEMENT(#113,#1871);
#1873=IFCDOOR('13At7n9$X2YAl1RjJj_uAJ',$,'Restroom Entry','Connects Caf\X2\00E9\X0\ Lumina to Restrooms',$,#1872,#1867,$,2.4,1.,$,$,$);
#1874=IFCRELFILLSELEMENT('05MdMyMnr1Bf2pYEWOD9ph',$,'Door Fill',$,#1855,#1873);
#1875=IFCSTYLEDITEM(#1865,(#83),'SteelDoor');
#1876=IFCCARTESIANPOINT((12.15,27.5,0.));
#1877=IFCCARTESIANPOINT((12.15,28.5,0.));
#1878=IFCCARTESIANPOINT((11.85,28.5,0.));
#1879=IFCCARTESIANPOINT((11.85,27.5,0.));
#1880=IFCCARTESIANPOINT((12.15,27.5,0.));
#1881=IFCPOLYLINE((#1876,#1877,#1878,#1879,#1880));
#1882=IFCARBITRARYCLOSEDPROFILEDEF(.AREA.,$,#1881);
#1883=IFCDIRECTION((0.,0.,1.));
#1884=IFCEXTRUDEDAREASOLID(#1882,$,#1883,2.4);
#1885=IFCSHAPEREPRESENTATION(#11,'Body','SweptSolid',(#1884));
#1886=IFCPRODUCTDEFINITIONSHAPE($,$,(#1885));
#1887=IFCCARTESIANPOINT((0.,0.,0.));
#1888=IFCDIRECTION((0.,0.,1.));
#1889=IFCDIRECTION((1.,0.,0.));
#1890=IFCAXIS2PLACEMENT3D(#1887,#1888,#1889);
#1891=IFCLOCALPLACEMENT(#113,#1890);
#1892=IFCOPENINGELEMENT('2yXmRe1LD91gsb8qAghWYb',$,'Opening for Cafe Service',$,$,#1891,#1886,$,$);
#1893=IFCRELVOIDSELEMENT('0UKoWNcBvCBxpNmMdSUVtf',$,'Wall Opening',$,#285,#1892);
#1894=IFCCARTESIANPOINT((12.,27.5,0.));
#1895=IFCCARTESIANPOINT((12.,28.5,0.));
#1896=IFCCARTESIANPOINT((11.95,28.5,0.));
#1897=IFCCARTESIANPOINT((11.95,27.5,0.));
#1898=IFCCARTESIANPOINT((12.,27.5,0.));
#1899=IFCPOLYLINE((#1894,#1895,#1896,#1897,#1898));
#1900=IFCARBITRARYCLOSEDPROFILEDEF(.AREA.,$,#1899);
#1901=IFCDIRECTION((0.,0.,1.));
#1902=IFCEXTRUDEDAREASOLID(#1900,$,#1901,2.4);
#1903=IFCSHAPEREPRESENTATION(#11,'Body','SweptSolid',(#1902));
#1904=IFCPRODUCTDEFINITIONSHAPE($,$,(#1903));
#1905=IFCCARTESIANPOINT((0.,0.,0.));
#1906=IFCDIRECTION((0.,0.,1.));
#1907=IFCDIRECTION((1.,0.,0.));
#1908=IFCAXIS2PLACEMENT3D(#1905,#1906,#1907);
#1909=IFCLOCALPLACEMENT(#113,#1908);
#1910=IFCDOOR('1H7suhseHCSvE8POOBA3Ok',$,'Cafe Service','Connects Caf\X2\00E9\X0\ Lumina to Service Corridor',$,#1909,#1904,$,2.4,1.,$,$,$);
#1911=IFCRELFILLSELEMENT('0HIAelxR1B2wRnLmI1UuEk',$,'Door Fill',$,#1892,#1910);
#1912=IFCSTYLEDITEM(#1902,(#83),'SteelDoor');
#1913=IFCCARTESIANPOINT((27.5,21.85,0.));
#1914=IFCCARTESIANPOINT((28.5,21.85,0.));
#1915=IFCCARTESIANPOINT((28.5,22.15,0.));
#1916=IFCCARTESIANPOINT((27.5,22.15,0.));
#1917=IFCCARTESIANPOINT((27.5,21.85,0.));
#1918=IFCPOLYLINE((#1913,#1914,#1915,#1916,#1917));
#1919=IFCARBITRARYCLOSEDPROFILEDEF(.AREA.,$,#1918);
#1920=IFCDIRECTION((0.,0.,1.));
#1921=IFCEXTRUDEDAREASOLID(#1919,$,#1920,2.4);
#1922=IFCSHAPEREPRESENTATION(#11,'Body','SweptSolid',(#1921));
#1923=IFCPRODUCTDEFINITIONSHAPE($,$,(#1922));
#1924=IFCCARTESIANPOINT((0.,0.,0.));
#1925=IFCDIRECTION((0.,0.,1.));
#1926=IFCDIRECTION((1.,0.,0.));
#1927=IFCAXIS2PLACEMENT3D(#1924,#1925,#1926);
#1928=IFCLOCALPLACEMENT(#113,#1927);
#1929=IFCOPENINGELEMENT('2qo16yOPP7R9dsCp7lO4nh',$,'Opening for Gallery Service',$,$,#1928,#1923,$,$);
#1930=IFCRELVOIDSELEMENT('0SHOpC7_H5V8_N8jvTE55U',$,'Wall Opening',$,#302,#1929);
#1931=IFCCARTESIANPOINT((27.5,22.,0.));
#1932=IFCCARTESIANPOINT((28.5,22.,0.));
#1933=IFCCARTESIANPOINT((28.5,22.05,0.));
#1934=IFCCARTESIANPOINT((27.5,22.05,0.));
#1935=IFCCARTESIANPOINT((27.5,22.,0.));
#1936=IFCPOLYLINE((#1931,#1932,#1933,#1934,#1935));
#1937=IFCARBITRARYCLOSEDPROFILEDEF(.AREA.,$,#1936);
#1938=IFCDIRECTION((0.,0.,1.));
#1939=IFCEXTRUDEDAREASOLID(#1937,$,#1938,2.4);
#1940=IFCSHAPEREPRESENTATION(#11,'Body','SweptSolid',(#1939));
#1941=IFCPRODUCTDEFINITIONSHAPE($,$,(#1940));
#1942=IFCCARTESIANPOINT((0.,0.,0.));
#1943=IFCDIRECTION((0.,0.,1.));
#1944=IFCDIRECTION((1.,0.,0.));
#1945=IFCAXIS2PLACEMENT3D(#1942,#1943,#1944);
#1946=IFCLOCALPLACEMENT(#113,#1945);
#1947=IFCDOOR('1vpnHrXv18eP2O3ygNPtF_',$,'Gallery Service','Connects Main Gallery Hall to Service Corridor',$,#1946,#1941,$,2.4,1.,$,$,$);
#1948=IFCRELFILLSELEMENT('3ohGawqzfEzRBZLueZV7gL',$,'Door Fill',$,#1929,#1947);
#1949=IFCSTYLEDITEM(#1939,(#83),'SteelDoor');
#1950=IFCCARTESIANPOINT((6.5,27.85,0.));
#1951=IFCCARTESIANPOINT((7.5,27.85,0.));
#1952=IFCCARTESIANPOINT((7.5,28.15,0.));
#1953=IFCCARTESIANPOINT((6.5,28.15,0.));
#1954=IFCCARTESIANPOINT((6.5,27.85,0.));
#1955=IFCPOLYLINE((#1950,#1951,#1952,#1953,#1954));
#1956=IFCARBITRARYCLOSEDPROFILEDEF(.AREA.,$,#1955);
#1957=IFCDIRECTION((0.,0.,1.));
#1958=IFCEXTRUDEDAREASOLID(#1956,$,#1957,2.4);
#1959=IFCSHAPEREPRESENTATION(#11,'Body','SweptSolid',(#1958));
#1960=IFCPRODUCTDEFINITIONSHAPE($,$,(#1959));
#1961=IFCCARTESIANPOINT((0.,0.,0.));
#1962=IFCDIRECTION((0.,0.,1.));
#1963=IFCDIRECTION((1.,0.,0.));
#1964=IFCAXIS2PLACEMENT3D(#1961,#1962,#1963);
#1965=IFCLOCALPLACEMENT(#113,#1964);
#1966=IFCOPENINGELEMENT('0Y8JeV3d12ZOvpu2vxLAQb',$,'Opening for Staff Entry',$,$,#1965,#1960,$,$);
#1967=IFCRELVOIDSELEMENT('05$w8ZuzDEbvvUHXGR_zzy',$,'Wall Opening',$,#319,#1966);
#1968=IFCCARTESIANPOINT((6.5,28.,0.));
#1969=IFCCARTESIANPOINT((7.5,28.,0.));
#1970=IFCCARTESIANPOINT((7.5,28.05,0.));
#1971=IFCCARTESIANPOINT((6.5,28.05,0.));
#1972=IFCCARTESIANPOINT((6.5,28.,0.));
#1973=IFCPOLYLINE((#1968,#1969,#1970,#1971,#1972));
#1974=IFCARBITRARYCLOSEDPROFILEDEF(.AREA.,$,#1973);
#1975=IFCDIRECTION((0.,0.,1.));
#1976=IFCEXTRUDEDAREASOLID(#1974,$,#1975,2.4);
#1977=IFCSHAPEREPRESENTATION(#11,'Body','SweptSolid',(#1976));
#1978=IFCPRODUCTDEFINITIONSHAPE($,$,(#1977));
#1979=IFCCARTESIANPOINT((0.,0.,0.));
#1980=IFCDIRECTION((0.,0.,1.));
#1981=IFCDIRECTION((1.,0.,0.));
#1982=IFCAXIS2PLACEMENT3D(#1979,#1980,#1981);
#1983=IFCLOCALPLACEMENT(#113,#1982);
#1984=IFCDOOR('0JNvarnZT1Ku6N64ZBnl2S',$,'Staff Entry','Connects Service Corridor to Staff Area',$,#1983,#1978,$,2.4,1.,$,$,$);
#1985=IFCRELFILLSELEMENT('2R_aWhURvESRqoW6rGpOCS',$,'Door Fill',$,#1966,#1984);
#1986=IFCSTYLEDITEM(#1976,(#83),'SteelDoor');
#1987=IFCCARTESIANPOINT((46.6,35.4,0.));
#1988=IFCCARTESIANPOINT((45.4,35.4,0.));
#1989=IFCCARTESIANPOINT((45.4,34.6,0.));
#1990=IFCCARTESIANPOINT((46.6,34.6,0.));
#1991=IFCCARTESIANPOINT((46.6,35.4,0.));
#1992=IFCPOLYLINE((#1987,#1988,#1989,#1990,#1991));
#1993=IFCARBITRARYCLOSEDPROFILEDEF(.AREA.,$,#1992);
#1994=IFCDIRECTION((0.,0.,1.));
#1995=IFCEXTRUDEDAREASOLID(#1993,$,#1994,2.4);
#1996=IFCSHAPEREPRESENTATION(#11,'Body','SweptSolid',(#1995));
#1997=IFCPRODUCTDEFINITIONSHAPE($,$,(#1996));
#1998=IFCCARTESIANPOINT((0.,0.,0.));
#1999=IFCDIRECTION((0.,0.,1.));
#2000=IFCDIRECTION((1.,0.,0.));
#2001=IFCAXIS2PLACEMENT3D(#1998,#1999,#2000);
#2002=IFCLOCALPLACEMENT(#113,#2001);
#2003=IFCOPENINGELEMENT('0p6B_M_OH67xXANVCUWRPW',$,'Opening for Staff Exit',$,$,#2002,#1997,$,$);
#2004=IFCRELVOIDSELEMENT('2IsaSXSwHB48adU5MwG_eI',$,'Wall Opening',$,#166,#2003);
#2005=IFCCARTESIANPOINT((46.6,35.,0.));
#2006=IFCCARTESIANPOINT((45.4,35.,0.));
#2007=IFCCARTESIANPOINT((45.4,34.95,0.));
#2008=IFCCARTESIANPOINT((46.6,34.95,0.));
#2009=IFCCARTESIANPOINT((46.6,35.,0.));
#2010=IFCPOLYLINE((#2005,#2006,#2007,#2008,#2009));
#2011=IFCARBITRARYCLOSEDPROFILEDEF(.AREA.,$,#2010);
#2012=IFCDIRECTION((0.,0.,1.));
#2013=IFCEXTRUDEDAREASOLID(#2011,$,#2012,2.4);
#2014=IFCSHAPEREPRESENTATION(#11,'Body','SweptSolid',(#2013));
#2015=IFCPRODUCTDEFINITIONSHAPE($,$,(#2014));
#2016=IFCCARTESIANPOINT((0.,0.,0.));
#2017=IFCDIRECTION((0.,0.,1.));
#2018=IFCDIRECTION((1.,0.,0.));
#2019=IFCAXIS2PLACEMENT3D(#2016,#2017,#2018);
#2020=IFCLOCALPLACEMENT(#113,#2019);
#2021=IFCDOOR('1mm5JIbSn4Bf7fhBF1vQk$',$,'Staff Exit','Connects Staff Area to exterior',$,#2020,#2015,$,2.4,1.2,$,$,$);
#2022=IFCRELFILLSELEMENT('1U0Ky3juLCfRQbdOv_Eb$S',$,'Door Fill',$,#2003,#2021);
#2023=IFCSTYLEDITEM(#2013,(#83),'SteelDoor');
#2024=IFCCARTESIANPOINT((-0.4,5.6,0.6));
#2025=IFCCARTESIANPOINT((-0.4,4.4,0.6));
#2026=IFCCARTESIANPOINT((0.4,4.4,0.6));
#2027=IFCCARTESIANPOINT((0.4,5.6,0.6));
#2028=IFCCARTESIANPOINT((-0.4,5.6,0.6));
#2029=IFCPOLYLINE((#2024,#2025,#2026,#2027,#2028));
#2030=IFCARBITRARYCLOSEDPROFILEDEF(.AREA.,$,#2029);
#2031=IFCDIRECTION((0.,0.,1.));
#2032=IFCEXTRUDEDAREASOLID(#2030,$,#2031,1.5);
#2033=IFCSHAPEREPRESENTATION(#11,'Body','SweptSolid',(#2032));
#2034=IFCPRODUCTDEFINITIONSHAPE($,$,(#2033));
#2035=IFCCARTESIANPOINT((0.,0.,0.));
#2036=IFCDIRECTION((0.,0.,1.));
#2037=IFCDIRECTION((1.,0.,0.));
#2038=IFCAXIS2PLACEMENT3D(#2035,#2036,#2037);
#2039=IFCLOCALPLACEMENT(#113,#2038);
#2040=IFCOPENINGELEMENT('0_YLfmlC58dh9vk5ylLUMS',$,'Opening for Staff Window',$,$,#2039,#2034,$,$);
#2041=IFCRELVOIDSELEMENT('1iPYbZHP15qQLZ$Bq6QHNO',$,'Wall Opening',$,#183,#2040);
#2042=IFCCARTESIANPOINT((-3.67394039744206E-17,5.6,0.6));
#2043=IFCCARTESIANPOINT((3.67394039744206E-17,4.4,0.6));
#2044=IFCCARTESIANPOINT((0.02,4.4,0.6));
#2045=IFCCARTESIANPOINT((0.02,5.6,0.6));
#2046=IFCCARTESIANPOINT((-3.67394039744206E-17,5.6,0.6));
#2047=IFCPOLYLINE((#2042,#2043,#2044,#2045,#2046));
#2048=IFCARBITRARYCLOSEDPROFILEDEF(.AREA.,$,#2047);
#2049=IFCDIRECTION((0.,0.,1.));
#2050=IFCEXTRUDEDAREASOLID(#2048,$,#2049,1.5);
#2051=IFCSHAPEREPRESENTATION(#11,'Body','SweptSolid',(#2050));
#2052=IFCPRODUCTDEFINITIONSHAPE($,$,(#2051));
#2053=IFCCARTESIANPOINT((0.,0.,0.));
#2054=IFCDIRECTION((0.,0.,1.));
#2055=IFCDIRECTION((1.,0.,0.));
#2056=IFCAXIS2PLACEMENT3D(#2053,#2054,#2055);
#2057=IFCLOCALPLACEMENT(#113,#2056);
#2058=IFCWINDOW('3pgheiQv93dgG1BLbJ623$',$,'Staff Window',$,$,#2057,#2052,$,1.5,1.2,$,$,$);
#2059=IFCRELFILLSELEMENT('2By1huEI95IhSIbM_a7cmT',$,'Window Fill',$,#2040,#2058);
#2060=IFCSTYLEDITEM(#2050,(#23),'WindowGlass');
#2061=IFCCARTESIANPOINT((4.8,32.4,0.));
#2062=IFCCARTESIANPOINT((3.2,32.4,0.));
#2063=IFCCARTESIANPOINT((3.2,31.6,0.));
#2064=IFCCARTESIANPOINT((4.8,31.6,0.));
#2065=IFCCARTESIANPOINT((4.8,32.4,0.));
#2066=IFCPOLYLINE((#2061,#2062,#2063,#2064,#2065));
#2067=IFCARBITRARYCLOSEDPROFILEDEF(.AREA.,$,#2066);
#2068=IFCDIRECTION((0.,0.,1.));
#2069=IFCEXTRUDEDAREASOLID(#2067,$,#2068,0.72);
#2070=IFCSHAPEREPRESENTATION(#11,'Body','SweptSolid',(#2069));
#2071=IFCPRODUCTDEFINITIONSHAPE($,$,(#2070));
#2072=IFCCARTESIANPOINT((0.,0.,0.));
#2073=IFCDIRECTION((0.,0.,1.));
#2074=IFCDIRECTION((1.,0.,0.));
#2075=IFCAXIS2PLACEMENT3D(#2072,#2073,#2074);
#2076=IFCLOCALPLACEMENT(#113,#2075);
#2077=IFCFURNISHINGELEMENT('1MTS9lHYn8cRmdak1lMYQ7',$,'StandardDesk',$,$,#2076,#2071,$);
#2078=IFCCARTESIANPOINT((3.7,30.7,0.));
#2079=IFCCARTESIANPOINT((4.3,30.7,0.));
#2080=IFCCARTESIANPOINT((4.3,31.3,0.));
#2081=IFCCARTESIANPOINT((3.7,31.3,0.));
#2082=IFCCARTESIANPOINT((3.7,30.7,0.));
#2083=IFCPOLYLINE((#2078,#2079,#2080,#2081,#2082));
#2084=IFCARBITRARYCLOSEDPROFILEDEF(.AREA.,$,#2083);
#2085=IFCDIRECTION((0.,0.,1.));
#2086=IFCEXTRUDEDAREASOLID(#2084,$,#2085,0.45);
#2087=IFCSHAPEREPRESENTATION(#11,'Body','SweptSolid',(#2086));
#2088=IFCPRODUCTDEFINITIONSHAPE($,$,(#2087));
#2089=IFCCARTESIANPOINT((0.,0.,0.));
#2090=IFCDIRECTION((0.,0.,1.));
#2091=IFCDIRECTION((1.,0.,0.));
#2092=IFCAXIS2PLACEMENT3D(#2089,#2090,#2091);
#2093=IFCLOCALPLACEMENT(#113,#2092);
#2094=IFCFURNISHINGELEMENT('2KEqFfASn8IhpTQpg5Ww_r',$,'OfficeChair',$,$,#2093,#2088,$);
#2095=IFCCARTESIANPOINT((10.8,32.4,0.));
#2096=IFCCARTESIANPOINT((9.2,32.4,0.));
#2097=IFCCARTESIANPOINT((9.2,31.6,0.));
#2098=IFCCARTESIANPOINT((10.8,31.6,0.));
#2099=IFCCARTESIANPOINT((10.8,32.4,0.));
#2100=IFCPOLYLINE((#2095,#2096,#2097,#2098,#2099));
#2101=IFCARBITRARYCLOSEDPROFILEDEF(.AREA.,$,#2100);
#2102=IFCDIRECTION((0.,0.,1.));
#2103=IFCEXTRUDEDAREASOLID(#2101,$,#2102,0.72);
#2104=IFCSHAPEREPRESENTATION(#11,'Body','SweptSolid',(#2103));
#2105=IFCPRODUCTDEFINITIONSHAPE($,$,(#2104));
#2106=IFCCARTESIANPOINT((0.,0.,0.));
#2107=IFCDIRECTION((0.,0.,1.));
#2108=IFCDIRECTION((1.,0.,0.));
#2109=IFCAXIS2PLACEMENT3D(#2106,#2107,#2108);
#2110=IFCLOCALPLACEMENT(#113,#2109);
#2111=IFCFURNISHINGELEMENT('0lETVgWNjF3hLHs6eAyL0_',$,'StandardDesk',$,$,#2110,#2105,$);
#2112=IFCCARTESIANPOINT((9.7,30.7,0.));
#2113=IFCCARTESIANPOINT((10.3,30.7,0.));
#2114=IFCCARTESIANPOINT((10.3,31.3,0.));
#2115=IFCCARTESIANPOINT((9.7,31.3,0.));
#2116=IFCCARTESIANPOINT((9.7,30.7,0.));
#2117=IFCPOLYLINE((#2112,#2113,#2114,#2115,#2116));
#2118=IFCARBITRARYCLOSEDPROFILEDEF(.AREA.,$,#2117);
#2119=IFCDIRECTION((0.,0.,1.));
#2120=IFCEXTRUDEDAREASOLID(#2118,$,#2119,0.45);
#2121=IFCSHAPEREPRESENTATION(#11,'Body','SweptSolid',(#2120));
#2122=IFCPRODUCTDEFINITIONSHAPE($,$,(#2121));
#2123=IFCCARTESIANPOINT((0.,0.,0.));
#2124=IFCDIRECTION((0.,0.,1.));
#2125=IFCDIRECTION((1.,0.,0.));
#2126=IFCAXIS2PLACEMENT3D(#2123,#2124,#2125);
#2127=IFCLOCALPLACEMENT(#113,#2126);
#2128=IFCFURNISHINGELEMENT('1Uw9EytF1B_wdP4yrTgrNx',$,'OfficeChair',$,$,#2127,#2122,$);
#2129=IFCCARTESIANPOINT((1.775,30.225,0.));
#2130=IFCCARTESIANPOINT((1.775,29.775,0.));
#2131=IFCCARTESIANPOINT((2.225,29.775,0.));
#2132=IFCCARTESIANPOINT((2.225,30.225,0.));
#2133=IFCCARTESIANPOINT((1.775,30.225,0.));
#2134=IFCPOLYLINE((#2129,#2130,#2131,#2132,#2133));
#2135=IFCARBITRARYCLOSEDPROFILEDEF(.AREA.,$,#2134);
#2136=IFCDIRECTION((0.,0.,1.));
#2137=IFCEXTRUDEDAREASOLID(#2135,$,#2136,1.4);
#2138=IFCSHAPEREPRESENTATION(#11,'Body','SweptSolid',(#2137));
#2139=IFCPRODUCTDEFINITIONSHAPE($,$,(#2138));
#2140=IFCCARTESIANPOINT((0.,0.,0.));
#2141=IFCDIRECTION((0.,0.,1.));
#2142=IFCDIRECTION((1.,0.,0.));
#2143=IFCAXIS2PLACEMENT3D(#2140,#2141,#2142);
#2144=IFCLOCALPLACEMENT(#113,#2143);
#2145=IFCFURNISHINGELEMENT('2JRDkfMhb1oQvKK$ZqFkR_',$,'FilingCabinet',$,$,#2144,#2139,$);
#2146=IFCRELCONTAINEDINSPATIALSTRUCTURE('34$5oKBIX3MOQrFIL49WzA',$,$,$,(#132,#149,#166,#183,#200,#217,#234,#251,#268,#285,#302,#319,#336,#353,#370,#387,#404,#421,#438,#455,#472,#489,#506,#523,#540,#558,#577,#595,#614,#632,#651,#668,#685,#703,#722,#740,#759,#777,#796,#813,#830,#847,#864,#881,#899,#918,#936,#955,#973,#992,#1010,#1029,#1046,#1063,#1080,#1097,#1114,#1131,#1148,#1166,#1185,#1203,#1222,#1240,#1259,#1277,#1296,#1314,#1333,#1351,#1370,#1387,#1404,#1421,#1438,#1455,#1472,#1490,#1509,#1527,#1546,#1564,#1583,#1600,#1617,#1634,#1651,#1668,#1685,#1702,#1719,#1736,#1753,#1770,#1787,#1804,#1821,#1838,#1855,#1873,#1892,#1910,#1929,#1947,#1966,#1984,#2003,#2021,#2040,#2058,#2077,#2094,#2111,#2128,#2145),#114);
#2147=IFCCARTESIANPOINT((0.,0.,5.));
#2148=IFCDIRECTION((0.,0.,1.));
#2149=IFCDIRECTION((1.,0.,0.));
#2150=IFCAXIS2PLACEMENT3D(#2147,#2148,#2149);
#2151=IFCLOCALPLACEMENT(#106,#2150);
#2152=IFCBUILDINGSTOREY('3dApUmCEb23A2OQ0WX7JFl',$,'First Floor',$,$,#2151,$,$,.ELEMENT.,5.);
#2153=IFCRELAGGREGATES('0cZysl7KTDqhD3o5298$xN',$,$,$,#107,(#2152));
#2154=IFCCARTESIANPOINT((0.,-0.2,0.));
#2155=IFCCARTESIANPOINT((30.,-0.2,0.));
#2156=IFCCARTESIANPOINT((30.,0.2,0.));
#2157=IFCCARTESIANPOINT((0.,0.2,0.));
#2158=IFCCARTESIANPOINT((0.,-0.2,0.));
#2159=IFCPOLYLINE((#2154,#2155,#2156,#2157,#2158));
#2160=IFCARBITRARYCLOSEDPROFILEDEF(.AREA.,$,#2159);
#2161=IFCDIRECTION((0.,0.,1.));
#2162=IFCEXTRUDEDAREASOLID(#2160,$,#2161,4.5);
#2163=IFCSHAPEREPRESENTATION(#11,'Body','SweptSolid',(#2162));
#2164=IFCPRODUCTDEFINITIONSHAPE($,$,(#2163));
#2165=IFCCARTESIANPOINT((0.,0.,0.));
#2166=IFCDIRECTION((0.,0.,1.));
#2167=IFCDIRECTION((1.,0.,0.));
#2168=IFCAXIS2PLACEMENT3D(#2165,#2166,#2167);
#2169=IFCLOCALPLACEMENT(#2151,#2168);
#2170=IFCWALL('1mCL0rSPT0UQHjbS$MCRqJ',$,'Upper South',$,$,#2169,#2164,$,$);
#2171=IFCCARTESIANPOINT((30.2,-1.22464679914735E-17,0.));
#2172=IFCCARTESIANPOINT((30.2,22.,0.));
#2173=IFCCARTESIANPOINT((29.8,22.,0.));
#2174=IFCCARTESIANPOINT((29.8,1.22464679914735E-17,0.));
#2175=IFCCARTESIANPOINT((30.2,-1.22464679914735E-17,0.));
#2176=IFCPOLYLINE((#2171,#2172,#2173,#2174,#2175));
#2177=IFCARBITRARYCLOSEDPROFILEDEF(.AREA.,$,#2176);
#2178=IFCDIRECTION((0.,0.,1.));
#2179=IFCEXTRUDEDAREASOLID(#2177,$,#2178,4.5);
#2180=IFCSHAPEREPRESENTATION(#11,'Body','SweptSolid',(#2179));
#2181=IFCPRODUCTDEFINITIONSHAPE($,$,(#2180));
#2182=IFCCARTESIANPOINT((0.,0.,0.));
#2183=IFCDIRECTION((0.,0.,1.));
#2184=IFCDIRECTION((1.,0.,0.));
#2185=IFCAXIS2PLACEMENT3D(#2182,#2183,#2184);
#2186=IFCLOCALPLACEMENT(#2151,#2185);
#2187=IFCWALL('1zCXV79Ar1chc1_jjx85cn',$,'Upper East Inner',$,$,#2186,#2181,$,$);
#2188=IFCCARTESIANPOINT((30.,22.2,0.));
#2189=IFCCARTESIANPOINT((2.44929359829471E-17,22.2,0.));
#2190=IFCCARTESIANPOINT((-2.44929359829471E-17,21.8,0.));
#2191=IFCCARTESIANPOINT((30.,21.8,0.));
#2192=IFCCARTESIANPOINT((30.,22.2,0.));
#2193=IFCPOLYLINE((#2188,#2189,#2190,#2191,#2192));
#2194=IFCARBITRARYCLOSEDPROFILEDEF(.AREA.,$,#2193);
#2195=IFCDIRECTION((0.,0.,1.));
#2196=IFCEXTRUDEDAREASOLID(#2194,$,#2195,4.5);
#2197=IFCSHAPEREPRESENTATION(#11,'Body','SweptSolid',(#2196));
#2198=IFCPRODUCTDEFINITIONSHAPE($,$,(#2197));
#2199=IFCCARTESIANPOINT((0.,0.,0.));
#2200=IFCDIRECTION((0.,0.,1.));
#2201=IFCDIRECTION((1.,0.,0.));
#2202=IFCAXIS2PLACEMENT3D(#2199,#2200,#2201);
#2203=IFCLOCALPLACEMENT(#2151,#2202);
#2204=IFCWALL('1DizbMZ4f7UPV$7f11dXFD',$,'Upper North',$,$,#2203,#2198,$,$);
#2205=IFCCARTESIANPOINT((-0.2,22.,0.));
#2206=IFCCARTESIANPOINT((-0.2,-1.22464679914735E-17,0.));
#2207=IFCCARTESIANPOINT((0.2,1.22464679914735E-17,0.));
#2208=IFCCARTESIANPOINT((0.2,22.,0.));
#2209=IFCCARTESIANPOINT((-0.2,22.,0.));
#2210=IFCPOLYLINE((#2205,#2206,#2207,#2208,#2209));
#2211=IFCARBITRARYCLOSEDPROFILEDEF(.AREA.,$,#2210);
#2212=IFCDIRECTION((0.,0.,1.));
#2213=IFCEXTRUDEDAREASOLID(#2211,$,#2212,4.5);
#2214=IFCSHAPEREPRESENTATION(#11,'Body','SweptSolid',(#2213));
#2215=IFCPRODUCTDEFINITIONSHAPE($,$,(#2214));
#2216=IFCCARTESIANPOINT((0.,0.,0.));
#2217=IFCDIRECTION((0.,0.,1.));
#2218=IFCDIRECTION((1.,0.,0.));
#2219=IFCAXIS2PLACEMENT3D(#2216,#2217,#2218);
#2220=IFCLOCALPLACEMENT(#2151,#2219);
#2221=IFCWALL('2u$sQGvEvFZgsQHAwlWcME',$,'Upper West',$,$,#2220,#2215,$,$);
#2222=IFCCARTESIANPOINT((0.,6.9,0.));
#2223=IFCCARTESIANPOINT((12.,6.9,0.));
#2224=IFCCARTESIANPOINT((12.,7.1,0.));
#2225=IFCCARTESIANPOINT((0.,7.1,0.));
#2226=IFCCARTESIANPOINT((0.,6.9,0.));
#2227=IFCPOLYLINE((#2222,#2223,#2224,#2225,#2226));
#2228=IFCARBITRARYCLOSEDPROFILEDEF(.AREA.,$,#2227);
#2229=IFCDIRECTION((0.,0.,1.));
#2230=IFCEXTRUDEDAREASOLID(#2228,$,#2229,4.5);
#2231=IFCSHAPEREPRESENTATION(#11,'Body','SweptSolid',(#2230));
#2232=IFCPRODUCTDEFINITIONSHAPE($,$,(#2231));
#2233=IFCCARTESIANPOINT((0.,0.,0.));
#2234=IFCDIRECTION((0.,0.,1.));
#2235=IFCDIRECTION((1.,0.,0.));
#2236=IFCAXIS2PLACEMENT3D(#2233,#2234,#2235);
#2237=IFCLOCALPLACEMENT(#2151,#2236);
#2238=IFCWALL('0Zlb2leKf2cfKkCroWObEg',$,'Upper Lobby South',$,$,#2237,#2232,$,$);
#2239=IFCCARTESIANPOINT((12.1,-6.12323399573677E-18,0.));
#2240=IFCCARTESIANPOINT((12.1,7.,0.));
#2241=IFCCARTESIANPOINT((11.9,7.,0.));
#2242=IFCCARTESIANPOINT((11.9,6.12323399573677E-18,0.));
#2243=IFCCARTESIANPOINT((12.1,-6.12323399573677E-18,0.));
#2244=IFCPOLYLINE((#2239,#2240,#2241,#2242,#2243));
#2245=IFCARBITRARYCLOSEDPROFILEDEF(.AREA.,$,#2244);
#2246=IFCDIRECTION((0.,0.,1.));
#2247=IFCEXTRUDEDAREASOLID(#2245,$,#2246,4.5);
#2248=IFCSHAPEREPRESENTATION(#11,'Body','SweptSolid',(#2247));
#2249=IFCPRODUCTDEFINITIONSHAPE($,$,(#2248));
#2250=IFCCARTESIANPOINT((0.,0.,0.));
#2251=IFCDIRECTION((0.,0.,1.));
#2252=IFCDIRECTION((1.,0.,0.));
#2253=IFCAXIS2PLACEMENT3D(#2250,#2251,#2252);
#2254=IFCLOCALPLACEMENT(#2151,#2253);
#2255=IFCWALL('0DwX2cv9L1Axu3aEE_4aUu',$,'Upper Lobby East',$,$,#2254,#2249,$,$);
#2256=IFCCARTESIANPOINT((12.1,7.,0.));
#2257=IFCCARTESIANPOINT((12.1,22.,0.));
#2258=IFCCARTESIANPOINT((11.9,22.,0.));
#2259=IFCCARTESIANPOINT((11.9,7.,0.));
#2260=IFCCARTESIANPOINT((12.1,7.,0.));
#2261=IFCPOLYLINE((#2256,#2257,#2258,#2259,#2260));
#2262=IFCARBITRARYCLOSEDPROFILEDEF(.AREA.,$,#2261);
#2263=IFCDIRECTION((0.,0.,1.));
#2264=IFCEXTRUDEDAREASOLID(#2262,$,#2263,4.5);
#2265=IFCSHAPEREPRESENTATION(#11,'Body','SweptSolid',(#2264));
#2266=IFCPRODUCTDEFINITIONSHAPE($,$,(#2265));
#2267=IFCCARTESIANPOINT((0.,0.,0.));
#2268=IFCDIRECTION((0.,0.,1.));
#2269=IFCDIRECTION((1.,0.,0.));
#2270=IFCAXIS2PLACEMENT3D(#2267,#2268,#2269);
#2271=IFCLOCALPLACEMENT(#2151,#2270);
#2272=IFCWALL('2tFMkttLvA9u_We2lFTMqc',$,'Contemporary West',$,$,#2271,#2266,$,$);
#2273=IFCCARTESIANPOINT((12.,14.9,0.));
#2274=IFCCARTESIANPOINT((30.,14.9,0.));
#2275=IFCCARTESIANPOINT((30.,15.1,0.));
#2276=IFCCARTESIANPOINT((12.,15.1,0.));
#2277=IFCCARTESIANPOINT((12.,14.9,0.));
#2278=IFCPOLYLINE((#2273,#2274,#2275,#2276,#2277));
#2279=IFCARBITRARYCLOSEDPROFILEDEF(.AREA.,$,#2278);
#2280=IFCDIRECTION((0.,0.,1.));
#2281=IFCEXTRUDEDAREASOLID(#2279,$,#2280,4.5);
#2282=IFCSHAPEREPRESENTATION(#11,'Body','SweptSolid',(#2281));
#2283=IFCPRODUCTDEFINITIONSHAPE($,$,(#2282));
#2284=IFCCARTESIANPOINT((0.,0.,0.));
#2285=IFCDIRECTION((0.,0.,1.));
#2286=IFCDIRECTION((1.,0.,0.));
#2287=IFCAXIS2PLACEMENT3D(#2284,#2285,#2286);
#2288=IFCLOCALPLACEMENT(#2151,#2287);
#2289=IFCWALL('1uI1J2IgX9BOshEoPQQfj$',$,'Photo Gallery South',$,$,#2288,#2283,$,$);
#2290=IFCCARTESIANPOINT((24.075,-4.59242549680257E-18,0.));
#2291=IFCCARTESIANPOINT((24.075,8.,0.));
#2292=IFCCARTESIANPOINT((23.925,8.,0.));
#2293=IFCCARTESIANPOINT((23.925,4.59242549680257E-18,0.));
#2294=IFCCARTESIANPOINT((24.075,-4.59242549680257E-18,0.));
#2295=IFCPOLYLINE((#2290,#2291,#2292,#2293,#2294));
#2296=IFCARBITRARYCLOSEDPROFILEDEF(.AREA.,$,#2295);
#2297=IFCDIRECTION((0.,0.,1.));
#2298=IFCEXTRUDEDAREASOLID(#2296,$,#2297,4.5);
#2299=IFCSHAPEREPRESENTATION(#11,'Body','SweptSolid',(#2298));
#2300=IFCPRODUCTDEFINITIONSHAPE($,$,(#2299));
#2301=IFCCARTESIANPOINT((0.,0.,0.));
#2302=IFCDIRECTION((0.,0.,1.));
#2303=IFCDIRECTION((1.,0.,0.));
#2304=IFCAXIS2PLACEMENT3D(#2301,#2302,#2303);
#2305=IFCLOCALPLACEMENT(#2151,#2304);
#2306=IFCWALL('1wnNtteEzFOx6oWSm4S3gQ',$,'Education East',$,$,#2305,#2300,$,$);
#2307=IFCCARTESIANPOINT((12.,7.925,0.));
#2308=IFCCARTESIANPOINT((24.,7.925,0.));
#2309=IFCCARTESIANPOINT((24.,8.075,0.));
#2310=IFCCARTESIANPOINT((12.,8.075,0.));
#2311=IFCCARTESIANPOINT((12.,7.925,0.));
#2312=IFCPOLYLINE((#2307,#2308,#2309,#2310,#2311));
#2313=IFCARBITRARYCLOSEDPROFILEDEF(.AREA.,$,#2312);
#2314=IFCDIRECTION((0.,0.,1.));
#2315=IFCEXTRUDEDAREASOLID(#2313,$,#2314,4.5);
#2316=IFCSHAPEREPRESENTATION(#11,'Body','SweptSolid',(#2315));
#2317=IFCPRODUCTDEFINITIONSHAPE($,$,(#2316));
#2318=IFCCARTESIANPOINT((0.,0.,0.));
#2319=IFCDIRECTION((0.,0.,1.));
#2320=IFCDIRECTION((1.,0.,0.));
#2321=IFCAXIS2PLACEMENT3D(#2318,#2319,#2320);
#2322=IFCLOCALPLACEMENT(#2151,#2321);
#2323=IFCWALL('2Gik8Zu9nA1fT1E0EdPR$4',$,'Education North',$,$,#2322,#2317,$,$);
#2324=IFCCARTESIANPOINT((0.,0.,-0.25));
#2325=IFCCARTESIANPOINT((30.,0.,-0.25));
#2326=IFCCARTESIANPOINT((30.,22.,-0.25));
#2327=IFCCARTESIANPOINT((0.,22.,-0.25));
#2328=IFCCARTESIANPOINT((0.,0.,-0.25));
#2329=IFCPOLYLINE((#2324,#2325,#2326,#2327,#2328));
#2330=IFCARBITRARYCLOSEDPROFILEDEF(.AREA.,$,#2329);
#2331=IFCDIRECTION((0.,0.,1.));
#2332=IFCEXTRUDEDAREASOLID(#2330,$,#2331,0.25);
#2333=IFCSHAPEREPRESENTATION(#11,'Body','SweptSolid',(#2332));
#2334=IFCPRODUCTDEFINITIONSHAPE($,$,(#2333));
#2335=IFCCARTESIANPOINT((0.,0.,0.));
#2336=IFCDIRECTION((0.,0.,1.));
#2337=IFCDIRECTION((1.,0.,0.));
#2338=IFCAXIS2PLACEMENT3D(#2335,#2336,#2337);
#2339=IFCLOCALPLACEMENT(#2151,#2338);
#2340=IFCSLAB('2YfW72_6z73wPk1ER9mTyB',$,'First Floor Floor',$,$,#2339,#2334,$,.FLOOR.);
#2341=IFCCARTESIANPOINT((0.,0.,3.5));
#2342=IFCCARTESIANPOINT((30.,0.,3.5));
#2343=IFCCARTESIANPOINT((30.,22.,3.5));
#2344=IFCCARTESIANPOINT((0.,22.,3.5));
#2345=IFCCARTESIANPOINT((0.,0.,3.5));
#2346=IFCPOLYLINE((#2341,#2342,#2343,#2344,#2345));
#2347=IFCARBITRARYCLOSEDPROFILEDEF(.AREA.,$,#2346);
#2348=IFCDIRECTION((0.,0.,1.));
#2349=IFCEXTRUDEDAREASOLID(#2347,$,#2348,0.1);
#2350=IFCSHAPEREPRESENTATION(#11,'Body','SweptSolid',(#2349));
#2351=IFCPRODUCTDEFINITIONSHAPE($,$,(#2350));
#2352=IFCCARTESIANPOINT((0.,0.,0.));
#2353=IFCDIRECTION((0.,0.,1.));
#2354=IFCDIRECTION((1.,0.,0.));
#2355=IFCAXIS2PLACEMENT3D(#2352,#2353,#2354);
#2356=IFCLOCALPLACEMENT(#2151,#2355);
#2357=IFCSLAB('0b$DjRpdn4ZP_P5z3EiLwe',$,'First Floor Ceiling',$,$,#2356,#2351,$,.FLOOR.);
#2358=IFCCARTESIANPOINT((5.8,2.8,0.));
#2359=IFCCARTESIANPOINT((6.2,2.8,0.));
#2360=IFCCARTESIANPOINT((6.2,3.2,0.));
#2361=IFCCARTESIANPOINT((5.8,3.2,0.));
#2362=IFCCARTESIANPOINT((5.8,2.8,0.));
#2363=IFCPOLYLINE((#2358,#2359,#2360,#2361,#2362));
#2364=IFCARBITRARYCLOSEDPROFILEDEF(.AREA.,$,#2363);
#2365=IFCDIRECTION((0.,0.,1.));
#2366=IFCEXTRUDEDAREASOLID(#2364,$,#2365,4.5);
#2367=IFCSHAPEREPRESENTATION(#11,'Body','SweptSolid',(#2366));
#2368=IFCPRODUCTDEFINITIONSHAPE($,$,(#2367));
#2369=IFCCARTESIANPOINT((0.,0.,0.));
#2370=IFCDIRECTION((0.,0.,1.));
#2371=IFCDIRECTION((1.,0.,0.));
#2372=IFCAXIS2PLACEMENT3D(#2369,#2370,#2371);
#2373=IFCLOCALPLACEMENT(#2151,#2372);
#2374=IFCCOLUMN('0qQHayl4j9nw$CHE5UgOpZ',$,'UC1',$,$,#2373,#2368,$,$);
#2375=IFCCARTESIANPOINT((5.8,10.8,0.));
#2376=IFCCARTESIANPOINT((6.2,10.8,0.));
#2377=IFCCARTESIANPOINT((6.2,11.2,0.));
#2378=IFCCARTESIANPOINT((5.8,11.2,0.));
#2379=IFCCARTESIANPOINT((5.8,10.8,0.));
#2380=IFCPOLYLINE((#2375,#2376,#2377,#2378,#2379));
#2381=IFCARBITRARYCLOSEDPROFILEDEF(.AREA.,$,#2380);
#2382=IFCDIRECTION((0.,0.,1.));
#2383=IFCEXTRUDEDAREASOLID(#2381,$,#2382,4.5);
#2384=IFCSHAPEREPRESENTATION(#11,'Body','SweptSolid',(#2383));
#2385=IFCPRODUCTDEFINITIONSHAPE($,$,(#2384));
#2386=IFCCARTESIANPOINT((0.,0.,0.));
#2387=IFCDIRECTION((0.,0.,1.));
#2388=IFCDIRECTION((1.,0.,0.));
#2389=IFCAXIS2PLACEMENT3D(#2386,#2387,#2388);
#2390=IFCLOCALPLACEMENT(#2151,#2389);
#2391=IFCCOLUMN('24uoEEhBLFRAGWtWej1r8I',$,'UC2',$,$,#2390,#2385,$,$);
#2392=IFCCARTESIANPOINT((5.8,17.8,0.));
#2393=IFCCARTESIANPOINT((6.2,17.8,0.));
#2394=IFCCARTESIANPOINT((6.2,18.2,0.));
#2395=IFCCARTESIANPOINT((5.8,18.2,0.));
#2396=IFCCARTESIANPOINT((5.8,17.8,0.));
#2397=IFCPOLYLINE((#2392,#2393,#2394,#2395,#2396));
#2398=IFCARBITRARYCLOSEDPROFILEDEF(.AREA.,$,#2397);
#2399=IFCDIRECTION((0.,0.,1.));
#2400=IFCEXTRUDEDAREASOLID(#2398,$,#2399,4.5);
#2401=IFCSHAPEREPRESENTATION(#11,'Body','SweptSolid',(#2400));
#2402=IFCPRODUCTDEFINITIONSHAPE($,$,(#2401));
#2403=IFCCARTESIANPOINT((0.,0.,0.));
#2404=IFCDIRECTION((0.,0.,1.));
#2405=IFCDIRECTION((1.,0.,0.));
#2406=IFCAXIS2PLACEMENT3D(#2403,#2404,#2405);
#2407=IFCLOCALPLACEMENT(#2151,#2406);
#2408=IFCCOLUMN('2jMHVIf_r9ovHAqiFDEdvu',$,'UC3',$,$,#2407,#2402,$,$);
#2409=IFCCARTESIANPOINT((17.8,2.8,0.));
#2410=IFCCARTESIANPOINT((18.2,2.8,0.));
#2411=IFCCARTESIANPOINT((18.2,3.2,0.));
#2412=IFCCARTESIANPOINT((17.8,3.2,0.));
#2413=IFCCARTESIANPOINT((17.8,2.8,0.));
#2414=IFCPOLYLINE((#2409,#2410,#2411,#2412,#2413));
#2415=IFCARBITRARYCLOSEDPROFILEDEF(.AREA.,$,#2414);
#2416=IFCDIRECTION((0.,0.,1.));
#2417=IFCEXTRUDEDAREASOLID(#2415,$,#2416,4.5);
#2418=IFCSHAPEREPRESENTATION(#11,'Body','SweptSolid',(#2417));
#2419=IFCPRODUCTDEFINITIONSHAPE($,$,(#2418));
#2420=IFCCARTESIANPOINT((0.,0.,0.));
#2421=IFCDIRECTION((0.,0.,1.));
#2422=IFCDIRECTION((1.,0.,0.));
#2423=IFCAXIS2PLACEMENT3D(#2420,#2421,#2422);
#2424=IFCLOCALPLACEMENT(#2151,#2423);
#2425=IFCCOLUMN('1M8WO6QsD8v99mucbD4ZqK',$,'UC4',$,$,#2424,#2419,$,$);
#2426=IFCCARTESIANPOINT((17.8,10.8,0.));
#2427=IFCCARTESIANPOINT((18.2,10.8,0.));
#2428=IFCCARTESIANPOINT((18.2,11.2,0.));
#2429=IFCCARTESIANPOINT((17.8,11.2,0.));
#2430=IFCCARTESIANPOINT((17.8,10.8,0.));
#2431=IFCPOLYLINE((#2426,#2427,#2428,#2429,#2430));
#2432=IFCARBITRARYCLOSEDPROFILEDEF(.AREA.,$,#2431);
#2433=IFCDIRECTION((0.,0.,1.));
#2434=IFCEXTRUDEDAREASOLID(#2432,$,#2433,4.5);
#2435=IFCSHAPEREPRESENTATION(#11,'Body','SweptSolid',(#2434));
#2436=IFCPRODUCTDEFINITIONSHAPE($,$,(#2435));
#2437=IFCCARTESIANPOINT((0.,0.,0.));
#2438=IFCDIRECTION((0.,0.,1.));
#2439=IFCDIRECTION((1.,0.,0.));
#2440=IFCAXIS2PLACEMENT3D(#2437,#2438,#2439);
#2441=IFCLOCALPLACEMENT(#2151,#2440);
#2442=IFCCOLUMN('39IpFyZdH6AgPzcs8DnVol',$,'UC5',$,$,#2441,#2436,$,$);
#2443=IFCCARTESIANPOINT((17.8,17.8,0.));
#2444=IFCCARTESIANPOINT((18.2,17.8,0.));
#2445=IFCCARTESIANPOINT((18.2,18.2,0.));
#2446=IFCCARTESIANPOINT((17.8,18.2,0.));
#2447=IFCCARTESIANPOINT((17.8,17.8,0.));
#2448=IFCPOLYLINE((#2443,#2444,#2445,#2446,#2447));
#2449=IFCARBITRARYCLOSEDPROFILEDEF(.AREA.,$,#2448);
#2450=IFCDIRECTION((0.,0.,1.));
#2451=IFCEXTRUDEDAREASOLID(#2449,$,#2450,4.5);
#2452=IFCSHAPEREPRESENTATION(#11,'Body','SweptSolid',(#2451));
#2453=IFCPRODUCTDEFINITIONSHAPE($,$,(#2452));
#2454=IFCCARTESIANPOINT((0.,0.,0.));
#2455=IFCDIRECTION((0.,0.,1.));
#2456=IFCDIRECTION((1.,0.,0.));
#2457=IFCAXIS2PLACEMENT3D(#2454,#2455,#2456);
#2458=IFCLOCALPLACEMENT(#2151,#2457);
#2459=IFCCOLUMN('3xcJzKdkT9bfsieVhNk1pp',$,'UC6',$,$,#2458,#2453,$,$);
#2460=IFCCARTESIANPOINT((0.,0.,0.));
#2461=IFCCARTESIANPOINT((30.,0.,0.));
#2462=IFCCARTESIANPOINT((30.,22.,0.));
#2463=IFCCARTESIANPOINT((0.,22.,0.));
#2464=IFCCARTESIANPOINT((0.,0.,0.));
#2465=IFCPOLYLINE((#2460,#2461,#2462,#2463,#2464));
#2466=IFCARBITRARYCLOSEDPROFILEDEF(.AREA.,$,#2465);
#2467=IFCDIRECTION((0.,0.,1.));
#2468=IFCEXTRUDEDAREASOLID(#2466,$,#2467,0.25);
#2469=IFCSHAPEREPRESENTATION(#11,'Body','SweptSolid',(#2468));
#2470=IFCPRODUCTDEFINITIONSHAPE($,$,(#2469));
#2471=IFCCARTESIANPOINT((0.,0.,0.));
#2472=IFCDIRECTION((0.,0.,1.));
#2473=IFCDIRECTION((1.,0.,0.));
#2474=IFCAXIS2PLACEMENT3D(#2471,#2472,#2473);
#2475=IFCLOCALPLACEMENT(#2151,#2474);
#2476=IFCSLAB('2IkzUgBxXBtg6KF$mPQwrg',$,'First Floor Slab',$,$,#2475,#2470,$,.FLOOR.);
#2477=IFCCARTESIANPOINT((-0.4,19.9,0.6));
#2478=IFCCARTESIANPOINT((-0.4,18.1,0.6));
#2479=IFCCARTESIANPOINT((0.4,18.1,0.6));
#2480=IFCCARTESIANPOINT((0.4,19.9,0.6));
#2481=IFCCARTESIANPOINT((-0.4,19.9,0.6));
#2482=IFCPOLYLINE((#2477,#2478,#2479,#2480,#2481));
#2483=IFCARBITRARYCLOSEDPROFILEDEF(.AREA.,$,#2482);
#2484=IFCDIRECTION((0.,0.,1.));
#2485=IFCEXTRUDEDAREASOLID(#2483,$,#2484,2.1);
#2486=IFCSHAPEREPRESENTATION(#11,'Body','SweptSolid',(#2485));
#2487=IFCPRODUCTDEFINITIONSHAPE($,$,(#2486));
#2488=IFCCARTESIANPOINT((0.,0.,0.));
#2489=IFCDIRECTION((0.,0.,1.));
#2490=IFCDIRECTION((1.,0.,0.));
#2491=IFCAXIS2PLACEMENT3D(#2488,#2489,#2490);
#2492=IFCLOCALPLACEMENT(#2151,#2491);
#2493=IFCOPENINGELEMENT('1gwN5v$hr5fBf_LmuIaOOz',$,'Opening for Upper Lobby Window',$,$,#2492,#2487,$,$);
#2494=IFCRELVOIDSELEMENT('0hJYHhZQb7hu0g_D1R$CSa',$,'Wall Opening',$,#2221,#2493);
#2495=IFCCARTESIANPOINT((-5.51091059616309E-17,19.9,0.6));
#2496=IFCCARTESIANPOINT((5.51091059616309E-17,18.1,0.6));
#2497=IFCCARTESIANPOINT((0.0200000000000001,18.1,0.6));
#2498=IFCCARTESIANPOINT((0.0199999999999999,19.9,0.6));
#2499=IFCCARTESIANPOINT((-5.51091059616309E-17,19.9,0.6));
#2500=IFCPOLYLINE((#2495,#2496,#2497,#2498,#2499));
#2501=IFCARBITRARYCLOSEDPROFILEDEF(.AREA.,$,#2500);
#2502=IFCDIRECTION((0.,0.,1.));
#2503=IFCEXTRUDEDAREASOLID(#2501,$,#2502,2.1);
#2504=IFCSHAPEREPRESENTATION(#11,'Body','SweptSolid',(#2503));
#2505=IFCPRODUCTDEFINITIONSHAPE($,$,(#2504));
#2506=IFCCARTESIANPOINT((0.,0.,0.));
#2507=IFCDIRECTION((0.,0.,1.));
#2508=IFCDIRECTION((1.,0.,0.));
#2509=IFCAXIS2PLACEMENT3D(#2506,#2507,#2508);
#2510=IFCLOCALPLACEMENT(#2151,#2509);
#2511=IFCWINDOW('3$h2WwipXDRwHdoQgbnaPd',$,'Upper Lobby Window',$,$,#2510,#2505,$,2.1,1.8,$,$,$);
#2512=IFCRELFILLSELEMENT('2Q0wl70bLE$gSiNIt$DEqF',$,'Window Fill',$,#2493,#2511);
#2513=IFCSTYLEDITEM(#2503,(#89),'GalleryGlass');
#2514=IFCCARTESIANPOINT((2.6,3.4,0.));
#2515=IFCCARTESIANPOINT((2.6,2.6,0.));
#2516=IFCCARTESIANPOINT((3.4,2.6,0.));
#2517=IFCCARTESIANPOINT((3.4,3.4,0.));
#2518=IFCCARTESIANPOINT((2.6,3.4,0.));
#2519=IFCPOLYLINE((#2514,#2515,#2516,#2517,#2518));
#2520=IFCARBITRARYCLOSEDPROFILEDEF(.AREA.,$,#2519);
#2521=IFCDIRECTION((0.,0.,1.));
#2522=IFCEXTRUDEDAREASOLID(#2520,$,#2521,0.4);
#2523=IFCSHAPEREPRESENTATION(#11,'Body','SweptSolid',(#2522));
#2524=IFCPRODUCTDEFINITIONSHAPE($,$,(#2523));
#2525=IFCCARTESIANPOINT((0.,0.,0.));
#2526=IFCDIRECTION((0.,0.,1.));
#2527=IFCDIRECTION((1.,0.,0.));
#2528=IFCAXIS2PLACEMENT3D(#2525,#2526,#2527);
#2529=IFCLOCALPLACEMENT(#2151,#2528);
#2530=IFCFURNISHINGELEMENT('2HEybtKEnCVRuqH2APcgF1',$,'LoungeChair',$,$,#2529,#2524,$);
#2531=IFCCARTESIANPOINT((2.6,5.4,0.));
#2532=IFCCARTESIANPOINT((2.6,4.6,0.));
#2533=IFCCARTESIANPOINT((3.4,4.6,0.));
#2534=IFCCARTESIANPOINT((3.4,5.4,0.));
#2535=IFCCARTESIANPOINT((2.6,5.4,0.));
#2536=IFCPOLYLINE((#2531,#2532,#2533,#2534,#2535));
#2537=IFCARBITRARYCLOSEDPROFILEDEF(.AREA.,$,#2536);
#2538=IFCDIRECTION((0.,0.,1.));
#2539=IFCEXTRUDEDAREASOLID(#2537,$,#2538,0.4);
#2540=IFCSHAPEREPRESENTATION(#11,'Body','SweptSolid',(#2539));
#2541=IFCPRODUCTDEFINITIONSHAPE($,$,(#2540));
#2542=IFCCARTESIANPOINT((0.,0.,0.));
#2543=IFCDIRECTION((0.,0.,1.));
#2544=IFCDIRECTION((1.,0.,0.));
#2545=IFCAXIS2PLACEMENT3D(#2542,#2543,#2544);
#2546=IFCLOCALPLACEMENT(#2151,#2545);
#2547=IFCFURNISHINGELEMENT('0bBncMvkH5tv3vqsxJ5w2Y',$,'LoungeChair',$,$,#2546,#2541,$);
#2548=IFCCARTESIANPOINT((8.45,2.9,0.));
#2549=IFCCARTESIANPOINT((8.45,5.1,0.));
#2550=IFCCARTESIANPOINT((7.55,5.1,0.));
#2551=IFCCARTESIANPOINT((7.55,2.9,0.));
#2552=IFCCARTESIANPOINT((8.45,2.9,0.));
#2553=IFCPOLYLINE((#2548,#2549,#2550,#2551,#2552));
#2554=IFCARBITRARYCLOSEDPROFILEDEF(.AREA.,$,#2553);
#2555=IFCDIRECTION((0.,0.,1.));
#2556=IFCEXTRUDEDAREASOLID(#2554,$,#2555,0.4);
#2557=IFCSHAPEREPRESENTATION(#11,'Body','SweptSolid',(#2556));
#2558=IFCPRODUCTDEFINITIONSHAPE($,$,(#2557));
#2559=IFCCARTESIANPOINT((0.,0.,0.));
#2560=IFCDIRECTION((0.,0.,1.));
#2561=IFCDIRECTION((1.,0.,0.));
#2562=IFCAXIS2PLACEMENT3D(#2559,#2560,#2561);
#2563=IFCLOCALPLACEMENT(#2151,#2562);
#2564=IFCFURNISHINGELEMENT('2bio2$8vzBswTidE2ofE6g',$,'LoungeSofa',$,$,#2563,#2558,$);
#2565=IFCCARTESIANPOINT((4.8,6.8,0.));
#2566=IFCCARTESIANPOINT((7.2,6.8,0.));
#2567=IFCCARTESIANPOINT((7.2,7.2,0.));
#2568=IFCCARTESIANPOINT((4.8,7.2,0.));
#2569=IFCCARTESIANPOINT((4.8,6.8,0.));
#2570=IFCPOLYLINE((#2565,#2566,#2567,#2568,#2569));
#2571=IFCARBITRARYCLOSEDPROFILEDEF(.AREA.,$,#2570);
#2572=IFCDIRECTION((0.,0.,1.));
#2573=IFCEXTRUDEDAREASOLID(#2571,$,#2572,2.4);
#2574=IFCSHAPEREPRESENTATION(#11,'Body','SweptSolid',(#2573));
#2575=IFCPRODUCTDEFINITIONSHAPE($,$,(#2574));
#2576=IFCCARTESIANPOINT((0.,0.,0.));
#2577=IFCDIRECTION((0.,0.,1.));
#2578=IFCDIRECTION((1.,0.,0.));
#2579=IFCAXIS2PLACEMENT3D(#2576,#2577,#2578);
#2580=IFCLOCALPLACEMENT(#2151,#2579);
#2581=IFCOPENINGELEMENT('0811AKOvf4dxH8lJ8Y2eSB',$,'Opening for Contemporary Entry',$,$,#2580,#2575,$,$);
#2582=IFCRELVOIDSELEMENT('1SOBk2jxv6VAP8rhHPprN2',$,'Wall Opening',$,#2238,#2581);
#2583=IFCCARTESIANPOINT((4.8,7.,0.));
#2584=IFCCARTESIANPOINT((7.2,7.,0.));
#2585=IFCCARTESIANPOINT((7.2,7.05,0.));
#2586=IFCCARTESIANPOINT((4.8,7.05,0.));
#2587=IFCCARTESIANPOINT((4.8,7.,0.));
#2588=IFCPOLYLINE((#2583,#2584,#2585,#2586,#2587));
#2589=IFCARBITRARYCLOSEDPROFILEDEF(.AREA.,$,#2588);
#2590=IFCDIRECTION((0.,0.,1.));
#2591=IFCEXTRUDEDAREASOLID(#2589,$,#2590,2.4);
#2592=IFCSHAPEREPRESENTATION(#11,'Body','SweptSolid',(#2591));
#2593=IFCPRODUCTDEFINITIONSHAPE($,$,(#2592));
#2594=IFCCARTESIANPOINT((0.,0.,0.));
#2595=IFCDIRECTION((0.,0.,1.));
#2596=IFCDIRECTION((1.,0.,0.));
#2597=IFCAXIS2PLACEMENT3D(#2594,#2595,#2596);
#2598=IFCLOCALPLACEMENT(#2151,#2597);
#2599=IFCDOOR('2KYlccpfrA89pj2F6kh3SG',$,'Contemporary Entry','Connects Upper Lobby to Contemporary Gallery',$,#2598,#2593,$,2.4,2.4,$,$,$);
#2600=IFCRELFILLSELEMENT('1k0U5I2tP4xu3MCh2O2Q4U',$,'Door Fill',$,#2581,#2599);
#2601=IFCSTYLEDITEM(#2591,(#80),'GlassDoor');
#2602=IFCCARTESIANPOINT((16.8,14.8,0.));
#2603=IFCCARTESIANPOINT((19.2,14.8,0.));
#2604=IFCCARTESIANPOINT((19.2,15.2,0.));
#2605=IFCCARTESIANPOINT((16.8,15.2,0.));
#2606=IFCCARTESIANPOINT((16.8,14.8,0.));
#2607=IFCPOLYLINE((#2602,#2603,#2604,#2605,#2606));
#2608=IFCARBITRARYCLOSEDPROFILEDEF(.AREA.,$,#2607);
#2609=IFCDIRECTION((0.,0.,1.));
#2610=IFCEXTRUDEDAREASOLID(#2608,$,#2609,2.4);
#2611=IFCSHAPEREPRESENTATION(#11,'Body','SweptSolid',(#2610));
#2612=IFCPRODUCTDEFINITIONSHAPE($,$,(#2611));
#2613=IFCCARTESIANPOINT((0.,0.,0.));
#2614=IFCDIRECTION((0.,0.,1.));
#2615=IFCDIRECTION((1.,0.,0.));
#2616=IFCAXIS2PLACEMENT3D(#2613,#2614,#2615);
#2617=IFCLOCALPLACEMENT(#2151,#2616);
#2618=IFCOPENINGELEMENT('1zAeQiz0z8Eed4y8Ae7rlc',$,'Opening for To Photography',$,$,#2617,#2612,$,$);
#2619=IFCRELVOIDSELEMENT('0S6afEZqH89fbbNVkWlTT5',$,'Wall Opening',$,#2289,#2618);
#2620=IFCCARTESIANPOINT((16.8,15.,0.));
#2621=IFCCARTESIANPOINT((19.2,15.,0.));
#2622=IFCCARTESIANPOINT((19.2,15.05,0.));
#2623=IFCCARTESIANPOINT((16.8,15.05,0.));
#2624=IFCCARTESIANPOINT((16.8,15.,0.));
#2625=IFCPOLYLINE((#2620,#2621,#2622,#2623,#2624));
#2626=IFCARBITRARYCLOSEDPROFILEDEF(.AREA.,$,#2625);
#2627=IFCDIRECTION((0.,0.,1.));
#2628=IFCEXTRUDEDAREASOLID(#2626,$,#2627,2.4);
#2629=IFCSHAPEREPRESENTATION(#11,'Body','SweptSolid',(#2628));
#2630=IFCPRODUCTDEFINITIONSHAPE($,$,(#2629));
#2631=IFCCARTESIANPOINT((0.,0.,0.));
#2632=IFCDIRECTION((0.,0.,1.));
#2633=IFCDIRECTION((1.,0.,0.));
#2634=IFCAXIS2PLACEMENT3D(#2631,#2632,#2633);
#2635=IFCLOCALPLACEMENT(#2151,#2634);
#2636=IFCDOOR('29ziKP6kv61eLSr8TQX6be',$,'To Photography','Connects Contemporary Gallery to Photography Gallery',$,#2635,#2630,$,2.4,2.4,$,$,$);
#2637=IFCRELFILLSELEMENT('2Xig7ynLjAigZilX80QgP8',$,'Door Fill',$,#2618,#2636);
#2638=IFCSTYLEDITEM(#2628,(#80),'GlassDoor');
#2639=IFCCARTESIANPOINT((-0.4,13.2,0.6));
#2640=IFCCARTESIANPOINT((-0.4,10.8,0.6));
#2641=IFCCARTESIANPOINT((0.4,10.8,0.6));
#2642=IFCCARTESIANPOINT((0.4,13.2,0.6));
#2643=IFCCARTESIANPOINT((-0.4,13.2,0.6));
#2644=IFCPOLYLINE((#2639,#2640,#2641,#2642,#2643));
#2645=IFCARBITRARYCLOSEDPROFILEDEF(.AREA.,$,#2644);
#2646=IFCDIRECTION((0.,0.,1.));
#2647=IFCEXTRUDEDAREASOLID(#2645,$,#2646,0.8);
#2648=IFCSHAPEREPRESENTATION(#11,'Body','SweptSolid',(#2647));
#2649=IFCPRODUCTDEFINITIONSHAPE($,$,(#2648));
#2650=IFCCARTESIANPOINT((0.,0.,0.));
#2651=IFCDIRECTION((0.,0.,1.));
#2652=IFCDIRECTION((1.,0.,0.));
#2653=IFCAXIS2PLACEMENT3D(#2650,#2651,#2652);
#2654=IFCLOCALPLACEMENT(#2151,#2653);
#2655=IFCOPENINGELEMENT('2qhZlUaan5XhgNoRM27CR8',$,'Opening for Contemporary Clerestory 1',$,$,#2654,#2649,$,$);
#2656=IFCRELVOIDSELEMENT('3DI0OPeAf5d8hOcoICyvnR',$,'Wall Opening',$,#2221,#2655);
#2657=IFCCARTESIANPOINT((-7.34788079488412E-17,13.2,0.6));
#2658=IFCCARTESIANPOINT((7.34788079488412E-17,10.8,0.6));
#2659=IFCCARTESIANPOINT((0.0200000000000001,10.8,0.6));
#2660=IFCCARTESIANPOINT((0.0199999999999999,13.2,0.6));
#2661=IFCCARTESIANPOINT((-7.34788079488412E-17,13.2,0.6));
#2662=IFCPOLYLINE((#2657,#2658,#2659,#2660,#2661));
#2663=IFCARBITRARYCLOSEDPROFILEDEF(.AREA.,$,#2662);
#2664=IFCDIRECTION((0.,0.,1.));
#2665=IFCEXTRUDEDAREASOLID(#2663,$,#2664,0.8);
#2666=IFCSHAPEREPRESENTATION(#11,'Body','SweptSolid',(#2665));
#2667=IFCPRODUCTDEFINITIONSHAPE($,$,(#2666));
#2668=IFCCARTESIANPOINT((0.,0.,0.));
#2669=IFCDIRECTION((0.,0.,1.));
#2670=IFCDIRECTION((1.,0.,0.));
#2671=IFCAXIS2PLACEMENT3D(#2668,#2669,#2670);
#2672=IFCLOCALPLACEMENT(#2151,#2671);
#2673=IFCWINDOW('2KViTijbz1TwdT29biFUly',$,'Contemporary Clerestory 1',$,$,#2672,#2667,$,0.8,2.4,$,$,$);
#2674=IFCRELFILLSELEMENT('3djPdfwGH4YewmeFZWY15x',$,'Window Fill',$,#2655,#2673);
#2675=IFCSTYLEDITEM(#2665,(#92),'SkyGlass');
#2676=IFCCARTESIANPOINT((-0.4,7.2,0.6));
#2677=IFCCARTESIANPOINT((-0.4,4.8,0.6));
#2678=IFCCARTESIANPOINT((0.4,4.8,0.6));
#2679=IFCCARTESIANPOINT((0.4,7.2,0.6));
#2680=IFCCARTESIANPOINT((-0.4,7.2,0.6));
#2681=IFCPOLYLINE((#2676,#2677,#2678,#2679,#2680));
#2682=IFCARBITRARYCLOSEDPROFILEDEF(.AREA.,$,#2681);
#2683=IFCDIRECTION((0.,0.,1.));
#2684=IFCEXTRUDEDAREASOLID(#2682,$,#2683,0.8);
#2685=IFCSHAPEREPRESENTATION(#11,'Body','SweptSolid',(#2684));
#2686=IFCPRODUCTDEFINITIONSHAPE($,$,(#2685));
#2687=IFCCARTESIANPOINT((0.,0.,0.));
#2688=IFCDIRECTION((0.,0.,1.));
#2689=IFCDIRECTION((1.,0.,0.));
#2690=IFCAXIS2PLACEMENT3D(#2687,#2688,#2689);
#2691=IFCLOCALPLACEMENT(#2151,#2690);
#2692=IFCOPENINGELEMENT('0gaRp8yaX1o9m1cjT7u3Cw',$,'Opening for Contemporary Clerestory 2',$,$,#2691,#2686,$,$);
#2693=IFCRELVOIDSELEMENT('3dG5GxM_P8VQx9yAEL_Gt2',$,'Wall Opening',$,#2221,#2692);
#2694=IFCCARTESIANPOINT((-7.34788079488412E-17,7.2,0.6));
#2695=IFCCARTESIANPOINT((7.34788079488412E-17,4.8,0.6));
#2696=IFCCARTESIANPOINT((0.0200000000000001,4.8,0.6));
#2697=IFCCARTESIANPOINT((0.0199999999999999,7.2,0.6));
#2698=IFCCARTESIANPOINT((-7.34788079488412E-17,7.2,0.6));
#2699=IFCPOLYLINE((#2694,#2695,#2696,#2697,#2698));
#2700=IFCARBITRARYCLOSEDPROFILEDEF(.AREA.,$,#2699);
#2701=IFCDIRECTION((0.,0.,1.));
#2702=IFCEXTRUDEDAREASOLID(#2700,$,#2701,0.8);
#2703=IFCSHAPEREPRESENTATION(#11,'Body','SweptSolid',(#2702));
#2704=IFCPRODUCTDEFINITIONSHAPE($,$,(#2703));
#2705=IFCCARTESIANPOINT((0.,0.,0.));
#2706=IFCDIRECTION((0.,0.,1.));
#2707=IFCDIRECTION((1.,0.,0.));
#2708=IFCAXIS2PLACEMENT3D(#2705,#2706,#2707);
#2709=IFCLOCALPLACEMENT(#2151,#2708);
#2710=IFCWINDOW('3M5lmITgTETxJnZYb21$VI',$,'Contemporary Clerestory 2',$,$,#2709,#2704,$,0.8,2.4,$,$,$);
#2711=IFCRELFILLSELEMENT('36oLlHVTH4YRsJB7B1U$bA',$,'Window Fill',$,#2692,#2710);
#2712=IFCSTYLEDITEM(#2702,(#92),'SkyGlass');
#2713=IFCCARTESIANPOINT((6.9,10.25,0.));
#2714=IFCCARTESIANPOINT((5.1,10.25,0.));
#2715=IFCCARTESIANPOINT((5.1,9.75,0.));
#2716=IFCCARTESIANPOINT((6.9,9.75,0.));
#2717=IFCCARTESIANPOINT((6.9,10.25,0.));
#2718=IFCPOLYLINE((#2713,#2714,#2715,#2716,#2717));
#2719=IFCARBITRARYCLOSEDPROFILEDEF(.AREA.,$,#2718);
#2720=IFCDIRECTION((0.,0.,1.));
#2721=IFCEXTRUDEDAREASOLID(#2719,$,#2720,0.45);
#2722=IFCSHAPEREPRESENTATION(#11,'Body','SweptSolid',(#2721));
#2723=IFCPRODUCTDEFINITIONSHAPE($,$,(#2722));
#2724=IFCCARTESIANPOINT((0.,0.,0.));
#2725=IFCDIRECTION((0.,0.,1.));
#2726=IFCDIRECTION((1.,0.,0.));
#2727=IFCAXIS2PLACEMENT3D(#2724,#2725,#2726);
#2728=IFCLOCALPLACEMENT(#2151,#2727);
#2729=IFCFURNISHINGELEMENT('39Cr0vy5fBlhWEm3k$Nq1J',$,'GalleryBench',$,$,#2728,#2723,$);
#2730=IFCCARTESIANPOINT((5.1,12.75,0.));
#2731=IFCCARTESIANPOINT((6.9,12.75,0.));
#2732=IFCCARTESIANPOINT((6.9,13.25,0.));
#2733=IFCCARTESIANPOINT((5.1,13.25,0.));
#2734=IFCCARTESIANPOINT((5.1,12.75,0.));
#2735=IFCPOLYLINE((#2730,#2731,#2732,#2733,#2734));
#2736=IFCARBITRARYCLOSEDPROFILEDEF(.AREA.,$,#2735);
#2737=IFCDIRECTION((0.,0.,1.));
#2738=IFCEXTRUDEDAREASOLID(#2736,$,#2737,0.45);
#2739=IFCSHAPEREPRESENTATION(#11,'Body','SweptSolid',(#2738));
#2740=IFCPRODUCTDEFINITIONSHAPE($,$,(#2739));
#2741=IFCCARTESIANPOINT((0.,0.,0.));
#2742=IFCDIRECTION((0.,0.,1.));
#2743=IFCDIRECTION((1.,0.,0.));
#2744=IFCAXIS2PLACEMENT3D(#2741,#2742,#2743);
#2745=IFCLOCALPLACEMENT(#2151,#2744);
#2746=IFCFURNISHINGELEMENT('1qT3D1_t92Vhwqel_BpD7E',$,'GalleryBench',$,$,#2745,#2740,$);
#2747=IFCCARTESIANPOINT((2.7,9.3,0.));
#2748=IFCCARTESIANPOINT((2.7,8.7,0.));
#2749=IFCCARTESIANPOINT((3.3,8.7,0.));
#2750=IFCCARTESIANPOINT((3.3,9.3,0.));
#2751=IFCCARTESIANPOINT((2.7,9.3,0.));
#2752=IFCPOLYLINE((#2747,#2748,#2749,#2750,#2751));
#2753=IFCARBITRARYCLOSEDPROFILEDEF(.AREA.,$,#2752);
#2754=IFCDIRECTION((0.,0.,1.));
#2755=IFCEXTRUDEDAREASOLID(#2753,$,#2754,1.2);
#2756=IFCSHAPEREPRESENTATION(#11,'Body','SweptSolid',(#2755));
#2757=IFCPRODUCTDEFINITIONSHAPE($,$,(#2756));
#2758=IFCCARTESIANPOINT((0.,0.,0.));
#2759=IFCDIRECTION((0.,0.,1.));
#2760=IFCDIRECTION((1.,0.,0.));
#2761=IFCAXIS2PLACEMENT3D(#2758,#2759,#2760);
#2762=IFCLOCALPLACEMENT(#2151,#2761);
#2763=IFCFURNISHINGELEMENT('2Cn99S9X9849dRNwr2Oscd',$,'DisplayPedestal',$,$,#2762,#2757,$);
#2764=IFCCARTESIANPOINT((2.7,14.3,0.));
#2765=IFCCARTESIANPOINT((2.7,13.7,0.));
#2766=IFCCARTESIANPOINT((3.3,13.7,0.));
#2767=IFCCARTESIANPOINT((3.3,14.3,0.));
#2768=IFCCARTESIANPOINT((2.7,14.3,0.));
#2769=IFCPOLYLINE((#2764,#2765,#2766,#2767,#2768));
#2770=IFCARBITRARYCLOSEDPROFILEDEF(.AREA.,$,#2769);
#2771=IFCDIRECTION((0.,0.,1.));
#2772=IFCEXTRUDEDAREASOLID(#2770,$,#2771,1.2);
#2773=IFCSHAPEREPRESENTATION(#11,'Body','SweptSolid',(#2772));
#2774=IFCPRODUCTDEFINITIONSHAPE($,$,(#2773));
#2775=IFCCARTESIANPOINT((0.,0.,0.));
#2776=IFCDIRECTION((0.,0.,1.));
#2777=IFCDIRECTION((1.,0.,0.));
#2778=IFCAXIS2PLACEMENT3D(#2775,#2776,#2777);
#2779=IFCLOCALPLACEMENT(#2151,#2778);
#2780=IFCFURNISHINGELEMENT('3tTsKLUNj4KOhwXysS0DqU',$,'DisplayPedestal',$,$,#2779,#2774,$);
#2781=IFCCARTESIANPOINT((9.3,8.7,0.));
#2782=IFCCARTESIANPOINT((9.3,9.3,0.));
#2783=IFCCARTESIANPOINT((8.7,9.3,0.));
#2784=IFCCARTESIANPOINT((8.7,8.7,0.));
#2785=IFCCARTESIANPOINT((9.3,8.7,0.));
#2786=IFCPOLYLINE((#2781,#2782,#2783,#2784,#2785));
#2787=IFCARBITRARYCLOSEDPROFILEDEF(.AREA.,$,#2786);
#2788=IFCDIRECTION((0.,0.,1.));
#2789=IFCEXTRUDEDAREASOLID(#2787,$,#2788,1.2);
#2790=IFCSHAPEREPRESENTATION(#11,'Body','SweptSolid',(#2789));
#2791=IFCPRODUCTDEFINITIONSHAPE($,$,(#2790));
#2792=IFCCARTESIANPOINT((0.,0.,0.));
#2793=IFCDIRECTION((0.,0.,1.));
#2794=IFCDIRECTION((1.,0.,0.));
#2795=IFCAXIS2PLACEMENT3D(#2792,#2793,#2794);
#2796=IFCLOCALPLACEMENT(#2151,#2795);
#2797=IFCFURNISHINGELEMENT('28x4ISA05DVeHQK$QzMizM',$,'DisplayPedestal',$,$,#2796,#2791,$);
#2798=IFCCARTESIANPOINT((9.3,13.7,0.));
#2799=IFCCARTESIANPOINT((9.3,14.3,0.));
#2800=IFCCARTESIANPOINT((8.7,14.3,0.));
#2801=IFCCARTESIANPOINT((8.7,13.7,0.));
#2802=IFCCARTESIANPOINT((9.3,13.7,0.));
#2803=IFCPOLYLINE((#2798,#2799,#2800,#2801,#2802));
#2804=IFCARBITRARYCLOSEDPROFILEDEF(.AREA.,$,#2803);
#2805=IFCDIRECTION((0.,0.,1.));
#2806=IFCEXTRUDEDAREASOLID(#2804,$,#2805,1.2);
#2807=IFCSHAPEREPRESENTATION(#11,'Body','SweptSolid',(#2806));
#2808=IFCPRODUCTDEFINITIONSHAPE($,$,(#2807));
#2809=IFCCARTESIANPOINT((0.,0.,0.));
#2810=IFCDIRECTION((0.,0.,1.));
#2811=IFCDIRECTION((1.,0.,0.));
#2812=IFCAXIS2PLACEMENT3D(#2809,#2810,#2811);
#2813=IFCLOCALPLACEMENT(#2151,#2812);
#2814=IFCFURNISHINGELEMENT('3wUWdReYD9YRGb1tLWvJO1',$,'DisplayPedestal',$,$,#2813,#2808,$);
#2815=IFCCARTESIANPOINT((11.2,22.4,0.6));
#2816=IFCCARTESIANPOINT((8.8,22.4,0.6));
#2817=IFCCARTESIANPOINT((8.8,21.6,0.6));
#2818=IFCCARTESIANPOINT((11.2,21.6,0.6));
#2819=IFCCARTESIANPOINT((11.2,22.4,0.6));
#2820=IFCPOLYLINE((#2815,#2816,#2817,#2818,#2819));
#2821=IFCARBITRARYCLOSEDPROFILEDEF(.AREA.,$,#2820);
#2822=IFCDIRECTION((0.,0.,1.));
#2823=IFCEXTRUDEDAREASOLID(#2821,$,#2822,0.8);
#2824=IFCSHAPEREPRESENTATION(#11,'Body','SweptSolid',(#2823));
#2825=IFCPRODUCTDEFINITIONSHAPE($,$,(#2824));
#2826=IFCCARTESIANPOINT((0.,0.,0.));
#2827=IFCDIRECTION((0.,0.,1.));
#2828=IFCDIRECTION((1.,0.,0.));
#2829=IFCAXIS2PLACEMENT3D(#2826,#2827,#2828);
#2830=IFCLOCALPLACEMENT(#2151,#2829);
#2831=IFCOPENINGELEMENT('1fxEbXVTzDRxSuYQ8kEQWd',$,'Opening for Photo Gallery Clerestory',$,$,#2830,#2825,$,$);
#2832=IFCRELVOIDSELEMENT('0RVQTFhTH40QSQjXdXrEqU',$,'Wall Opening',$,#2204,#2831);
#2833=IFCCARTESIANPOINT((11.2,22.,0.6));
#2834=IFCCARTESIANPOINT((8.8,22.,0.6));
#2835=IFCCARTESIANPOINT((8.8,21.98,0.6));
#2836=IFCCARTESIANPOINT((11.2,21.98,0.6));
#2837=IFCCARTESIANPOINT((11.2,22.,0.6));
#2838=IFCPOLYLINE((#2833,#2834,#2835,#2836,#2837));
#2839=IFCARBITRARYCLOSEDPROFILEDEF(.AREA.,$,#2838);
#2840=IFCDIRECTION((0.,0.,1.));
#2841=IFCEXTRUDEDAREASOLID(#2839,$,#2840,0.8);
#2842=IFCSHAPEREPRESENTATION(#11,'Body','SweptSolid',(#2841));
#2843=IFCPRODUCTDEFINITIONSHAPE($,$,(#2842));
#2844=IFCCARTESIANPOINT((0.,0.,0.));
#2845=IFCDIRECTION((0.,0.,1.));
#2846=IFCDIRECTION((1.,0.,0.));
#2847=IFCAXIS2PLACEMENT3D(#2844,#2845,#2846);
#2848=IFCLOCALPLACEMENT(#2151,#2847);
#2849=IFCWINDOW('2b86x3zFz2Yg$XhLoL1CpP',$,'Photo Gallery Clerestory',$,$,#2848,#2843,$,0.8,2.4,$,$,$);
#2850=IFCRELFILLSELEMENT('1xp4KxEyjDfPBYpt7pl$mQ',$,'Window Fill',$,#2831,#2849);
#2851=IFCSTYLEDITEM(#2841,(#92),'SkyGlass');
#2852=IFCCARTESIANPOINT((20.9,18.25,0.));
#2853=IFCCARTESIANPOINT((19.1,18.25,0.));
#2854=IFCCARTESIANPOINT((19.1,17.75,0.));
#2855=IFCCARTESIANPOINT((20.9,17.75,0.));
#2856=IFCCARTESIANPOINT((20.9,18.25,0.));
#2857=IFCPOLYLINE((#2852,#2853,#2854,#2855,#2856));
#2858=IFCARBITRARYCLOSEDPROFILEDEF(.AREA.,$,#2857);
#2859=IFCDIRECTION((0.,0.,1.));
#2860=IFCEXTRUDEDAREASOLID(#2858,$,#2859,0.45);
#2861=IFCSHAPEREPRESENTATION(#11,'Body','SweptSolid',(#2860));
#2862=IFCPRODUCTDEFINITIONSHAPE($,$,(#2861));
#2863=IFCCARTESIANPOINT((0.,0.,0.));
#2864=IFCDIRECTION((0.,0.,1.));
#2865=IFCDIRECTION((1.,0.,0.));
#2866=IFCAXIS2PLACEMENT3D(#2863,#2864,#2865);
#2867=IFCLOCALPLACEMENT(#2151,#2866);
#2868=IFCFURNISHINGELEMENT('0wgS1JR4j1JuatKQYYSQnV',$,'GalleryBench',$,$,#2867,#2862,$);
#2869=IFCCARTESIANPOINT((19.1,19.75,0.));
#2870=IFCCARTESIANPOINT((20.9,19.75,0.));
#2871=IFCCARTESIANPOINT((20.9,20.25,0.));
#2872=IFCCARTESIANPOINT((19.1,20.25,0.));
#2873=IFCCARTESIANPOINT((19.1,19.75,0.));
#2874=IFCPOLYLINE((#2869,#2870,#2871,#2872,#2873));
#2875=IFCARBITRARYCLOSEDPROFILEDEF(.AREA.,$,#2874);
#2876=IFCDIRECTION((0.,0.,1.));
#2877=IFCEXTRUDEDAREASOLID(#2875,$,#2876,0.45);
#2878=IFCSHAPEREPRESENTATION(#11,'Body','SweptSolid',(#2877));
#2879=IFCPRODUCTDEFINITIONSHAPE($,$,(#2878));
#2880=IFCCARTESIANPOINT((0.,0.,0.));
#2881=IFCDIRECTION((0.,0.,1.));
#2882=IFCDIRECTION((1.,0.,0.));
#2883=IFCAXIS2PLACEMENT3D(#2880,#2881,#2882);
#2884=IFCLOCALPLACEMENT(#2151,#2883);
#2885=IFCFURNISHINGELEMENT('0lWPNIEwzEluIG6HknGpor',$,'GalleryBench',$,$,#2884,#2879,$);
#2886=IFCCARTESIANPOINT((12.2,3.55,0.));
#2887=IFCCARTESIANPOINT((12.2,4.45,0.));
#2888=IFCCARTESIANPOINT((11.8,4.45,0.));
#2889=IFCCARTESIANPOINT((11.8,3.55,0.));
#2890=IFCCARTESIANPOINT((12.2,3.55,0.));
#2891=IFCPOLYLINE((#2886,#2887,#2888,#2889,#2890));
#2892=IFCARBITRARYCLOSEDPROFILEDEF(.AREA.,$,#2891);
#2893=IFCDIRECTION((0.,0.,1.));
#2894=IFCEXTRUDEDAREASOLID(#2892,$,#2893,2.4);
#2895=IFCSHAPEREPRESENTATION(#11,'Body','SweptSolid',(#2894));
#2896=IFCPRODUCTDEFINITIONSHAPE($,$,(#2895));
#2897=IFCCARTESIANPOINT((0.,0.,0.));
#2898=IFCDIRECTION((0.,0.,1.));
#2899=IFCDIRECTION((1.,0.,0.));
#2900=IFCAXIS2PLACEMENT3D(#2897,#2898,#2899);
#2901=IFCLOCALPLACEMENT(#2151,#2900);
#2902=IFCOPENINGELEMENT('2pJk931$H8tfTGkT6OZRKm',$,'Opening for Workshop Entry',$,$,#2901,#2896,$,$);
#2903=IFCRELVOIDSELEMENT('38dOQdNdj0oPepUhHShp$H',$,'Wall Opening',$,#2255,#2902);
#2904=IFCCARTESIANPOINT((12.,3.55,0.));
#2905=IFCCARTESIANPOINT((12.,4.45,0.));
#2906=IFCCARTESIANPOINT((11.95,4.45,0.));
#2907=IFCCARTESIANPOINT((11.95,3.55,0.));
#2908=IFCCARTESIANPOINT((12.,3.55,0.));
#2909=IFCPOLYLINE((#2904,#2905,#2906,#2907,#2908));
#2910=IFCARBITRARYCLOSEDPROFILEDEF(.AREA.,$,#2909);
#2911=IFCDIRECTION((0.,0.,1.));
#2912=IFCEXTRUDEDAREASOLID(#2910,$,#2911,2.4);
#2913=IFCSHAPEREPRESENTATION(#11,'Body','SweptSolid',(#2912));
#2914=IFCPRODUCTDEFINITIONSHAPE($,$,(#2913));
#2915=IFCCARTESIANPOINT((0.,0.,0.));
#2916=IFCDIRECTION((0.,0.,1.));
#2917=IFCDIRECTION((1.,0.,0.));
#2918=IFCAXIS2PLACEMENT3D(#2915,#2916,#2917);
#2919=IFCLOCALPLACEMENT(#2151,#2918);
#2920=IFCDOOR('0S5xTLhjv6oODQUvyPuqCU',$,'Workshop Entry','Connects Upper Lobby to Education Workshop',$,#2919,#2914,$,2.4,0.9,$,$,$);
#2921=IFCRELFILLSELEMENT('3i5DufiYf4184BG4a2n7Z_',$,'Door Fill',$,#2902,#2920);
#2922=IFCSTYLEDITEM(#2912,(#86),'OakDoor');
#2923=IFCCARTESIANPOINT((17.4,-0.4,0.6));
#2924=IFCCARTESIANPOINT((18.6,-0.4,0.6));
#2925=IFCCARTESIANPOINT((18.6,0.4,0.6));
#2926=IFCCARTESIANPOINT((17.4,0.4,0.6));
#2927=IFCCARTESIANPOINT((17.4,-0.4,0.6));
#2928=IFCPOLYLINE((#2923,#2924,#2925,#2926,#2927));
#2929=IFCARBITRARYCLOSEDPROFILEDEF(.AREA.,$,#2928);
#2930=IFCDIRECTION((0.,0.,1.));
#2931=IFCEXTRUDEDAREASOLID(#2929,$,#2930,1.5);
#2932=IFCSHAPEREPRESENTATION(#11,'Body','SweptSolid',(#2931));
#2933=IFCPRODUCTDEFINITIONSHAPE($,$,(#2932));
#2934=IFCCARTESIANPOINT((0.,0.,0.));
#2935=IFCDIRECTION((0.,0.,1.));
#2936=IFCDIRECTION((1.,0.,0.));
#2937=IFCAXIS2PLACEMENT3D(#2934,#2935,#2936);
#2938=IFCLOCALPLACEMENT(#2151,#2937);
#2939=IFCOPENINGELEMENT('3qMvyh1Uj4Ae_i5DahaUY7',$,'Opening for Workshop Window',$,$,#2938,#2933,$,$);
#2940=IFCRELVOIDSELEMENT('2g_sEceW99n8X2kHUOO4T9',$,'Wall Opening',$,#2170,#2939);
#2941=IFCCARTESIANPOINT((17.4,0.,0.6));
#2942=IFCCARTESIANPOINT((18.6,0.,0.6));
#2943=IFCCARTESIANPOINT((18.6,0.02,0.6));
#2944=IFCCARTESIANPOINT((17.4,0.02,0.6));
#2945=IFCCARTESIANPOINT((17.4,0.,0.6));
#2946=IFCPOLYLINE((#2941,#2942,#2943,#2944,#2945));
#2947=IFCARBITRARYCLOSEDPROFILEDEF(.AREA.,$,#2946);
#2948=IFCDIRECTION((0.,0.,1.));
#2949=IFCEXTRUDEDAREASOLID(#2947,$,#2948,1.5);
#2950=IFCSHAPEREPRESENTATION(#11,'Body','SweptSolid',(#2949));
#2951=IFCPRODUCTDEFINITIONSHAPE($,$,(#2950));
#2952=IFCCARTESIANPOINT((0.,0.,0.));
#2953=IFCDIRECTION((0.,0.,1.));
#2954=IFCDIRECTION((1.,0.,0.));
#2955=IFCAXIS2PLACEMENT3D(#2952,#2953,#2954);
#2956=IFCLOCALPLACEMENT(#2151,#2955);
#2957=IFCWINDOW('0cGF2LUiHDwxyEF_vLUwwf',$,'Workshop Window',$,$,#2956,#2951,$,1.5,1.2,$,$,$);
#2958=IFCRELFILLSELEMENT('2HdEJfRZHC3wPIuOeAy$Xf',$,'Window Fill',$,#2939,#2957);
#2959=IFCSTYLEDITEM(#2949,(#23),'WindowGlass');
#2960=IFCCARTESIANPOINT((16.5,3.4,0.));
#2961=IFCCARTESIANPOINT((19.5,3.4,0.));
#2962=IFCCARTESIANPOINT((19.5,4.6,0.));
#2963=IFCCARTESIANPOINT((16.5,4.6,0.));
#2964=IFCCARTESIANPOINT((16.5,3.4,0.));
#2965=IFCPOLYLINE((#2960,#2961,#2962,#2963,#2964));
#2966=IFCARBITRARYCLOSEDPROFILEDEF(.AREA.,$,#2965);
#2967=IFCDIRECTION((0.,0.,1.));
#2968=IFCEXTRUDEDAREASOLID(#2966,$,#2967,0.72);
#2969=IFCSHAPEREPRESENTATION(#11,'Body','SweptSolid',(#2968));
#2970=IFCPRODUCTDEFINITIONSHAPE($,$,(#2969));
#2971=IFCCARTESIANPOINT((0.,0.,0.));
#2972=IFCDIRECTION((0.,0.,1.));
#2973=IFCDIRECTION((1.,0.,0.));
#2974=IFCAXIS2PLACEMENT3D(#2971,#2972,#2973);
#2975=IFCLOCALPLACEMENT(#2151,#2974);
#2976=IFCFURNISHINGELEMENT('0QaIOmc9T5vxUZtYMlbGco',$,'ConferenceTable',$,$,#2975,#2970,$);
#2977=IFCCARTESIANPOINT((15.7,2.7,0.));
#2978=IFCCARTESIANPOINT((16.3,2.7,0.));
#2979=IFCCARTESIANPOINT((16.3,3.3,0.));
#2980=IFCCARTESIANPOINT((15.7,3.3,0.));
#2981=IFCCARTESIANPOINT((15.7,2.7,0.));
#2982=IFCPOLYLINE((#2977,#2978,#2979,#2980,#2981));
#2983=IFCARBITRARYCLOSEDPROFILEDEF(.AREA.,$,#2982);
#2984=IFCDIRECTION((0.,0.,1.));
#2985=IFCEXTRUDEDAREASOLID(#2983,$,#2984,0.45);
#2986=IFCSHAPEREPRESENTATION(#11,'Body','SweptSolid',(#2985));
#2987=IFCPRODUCTDEFINITIONSHAPE($,$,(#2986));
#2988=IFCCARTESIANPOINT((0.,0.,0.));
#2989=IFCDIRECTION((0.,0.,1.));
#2990=IFCDIRECTION((1.,0.,0.));
#2991=IFCAXIS2PLACEMENT3D(#2988,#2989,#2990);
#2992=IFCLOCALPLACEMENT(#2151,#2991);
#2993=IFCFURNISHINGELEMENT('16bYHE5a99Z8hkVk0R69WA',$,'OfficeChair',$,$,#2992,#2987,$);
#2994=IFCCARTESIANPOINT((16.7,2.7,0.));
#2995=IFCCARTESIANPOINT((17.3,2.7,0.));
#2996=IFCCARTESIANPOINT((17.3,3.3,0.));
#2997=IFCCARTESIANPOINT((16.7,3.3,0.));
#2998=IFCCARTESIANPOINT((16.7,2.7,0.));
#2999=IFCPOLYLINE((#2994,#2995,#2996,#2997,#2998));
#3000=IFCARBITRARYCLOSEDPROFILEDEF(.AREA.,$,#2999);
#3001=IFCDIRECTION((0.,0.,1.));
#3002=IFCEXTRUDEDAREASOLID(#3000,$,#3001,0.45);
#3003=IFCSHAPEREPRESENTATION(#11,'Body','SweptSolid',(#3002));
#3004=IFCPRODUCTDEFINITIONSHAPE($,$,(#3003));
#3005=IFCCARTESIANPOINT((0.,0.,0.));
#3006=IFCDIRECTION((0.,0.,1.));
#3007=IFCDIRECTION((1.,0.,0.));
#3008=IFCAXIS2PLACEMENT3D(#3005,#3006,#3007);
#3009=IFCLOCALPLACEMENT(#2151,#3008);
#3010=IFCFURNISHINGELEMENT('2VbWvW8h13f9ZILyfujwe0',$,'OfficeChair',$,$,#3009,#3004,$);
#3011=IFCCARTESIANPOINT((18.7,2.7,0.));
#3012=IFCCARTESIANPOINT((19.3,2.7,0.));
#3013=IFCCARTESIANPOINT((19.3,3.3,0.));
#3014=IFCCARTESIANPOINT((18.7,3.3,0.));
#3015=IFCCARTESIANPOINT((18.7,2.7,0.));
#3016=IFCPOLYLINE((#3011,#3012,#3013,#3014,#3015));
#3017=IFCARBITRARYCLOSEDPROFILEDEF(.AREA.,$,#3016);
#3018=IFCDIRECTION((0.,0.,1.));
#3019=IFCEXTRUDEDAREASOLID(#3017,$,#3018,0.45);
#3020=IFCSHAPEREPRESENTATION(#11,'Body','SweptSolid',(#3019));
#3021=IFCPRODUCTDEFINITIONSHAPE($,$,(#3020));
#3022=IFCCARTESIANPOINT((0.,0.,0.));
#3023=IFCDIRECTION((0.,0.,1.));
#3024=IFCDIRECTION((1.,0.,0.));
#3025=IFCAXIS2PLACEMENT3D(#3022,#3023,#3024);
#3026=IFCLOCALPLACEMENT(#2151,#3025);
#3027=IFCFURNISHINGELEMENT('25KULnyPLD5u4qQGZhv1K0',$,'OfficeChair',$,$,#3026,#3021,$);
#3028=IFCCARTESIANPOINT((19.7,2.7,0.));
#3029=IFCCARTESIANPOINT((20.3,2.7,0.));
#3030=IFCCARTESIANPOINT((20.3,3.3,0.));
#3031=IFCCARTESIANPOINT((19.7,3.3,0.));
#3032=IFCCARTESIANPOINT((19.7,2.7,0.));
#3033=IFCPOLYLINE((#3028,#3029,#3030,#3031,#3032));
#3034=IFCARBITRARYCLOSEDPROFILEDEF(.AREA.,$,#3033);
#3035=IFCDIRECTION((0.,0.,1.));
#3036=IFCEXTRUDEDAREASOLID(#3034,$,#3035,0.45);
#3037=IFCSHAPEREPRESENTATION(#11,'Body','SweptSolid',(#3036));
#3038=IFCPRODUCTDEFINITIONSHAPE($,$,(#3037));
#3039=IFCCARTESIANPOINT((0.,0.,0.));
#3040=IFCDIRECTION((0.,0.,1.));
#3041=IFCDIRECTION((1.,0.,0.));
#3042=IFCAXIS2PLACEMENT3D(#3039,#3040,#3041);
#3043=IFCLOCALPLACEMENT(#2151,#3042);
#3044=IFCFURNISHINGELEMENT('3M$7gtzcn148trq4SLb8jt',$,'OfficeChair',$,$,#3043,#3038,$);
#3045=IFCCARTESIANPOINT((16.3,5.3,0.));
#3046=IFCCARTESIANPOINT((15.7,5.3,0.));
#3047=IFCCARTESIANPOINT((15.7,4.7,0.));
#3048=IFCCARTESIANPOINT((16.3,4.7,0.));
#3049=IFCCARTESIANPOINT((16.3,5.3,0.));
#3050=IFCPOLYLINE((#3045,#3046,#3047,#3048,#3049));
#3051=IFCARBITRARYCLOSEDPROFILEDEF(.AREA.,$,#3050);
#3052=IFCDIRECTION((0.,0.,1.));
#3053=IFCEXTRUDEDAREASOLID(#3051,$,#3052,0.45);
#3054=IFCSHAPEREPRESENTATION(#11,'Body','SweptSolid',(#3053));
#3055=IFCPRODUCTDEFINITIONSHAPE($,$,(#3054));
#3056=IFCCARTESIANPOINT((0.,0.,0.));
#3057=IFCDIRECTION((0.,0.,1.));
#3058=IFCDIRECTION((1.,0.,0.));
#3059=IFCAXIS2PLACEMENT3D(#3056,#3057,#3058);
#3060=IFCLOCALPLACEMENT(#2151,#3059);
#3061=IFCFURNISHINGELEMENT('1oOW$yAv94pAXczytjND0Y',$,'OfficeChair',$,$,#3060,#3055,$);
#3062=IFCCARTESIANPOINT((17.3,5.3,0.));
#3063=IFCCARTESIANPOINT((16.7,5.3,0.));
#3064=IFCCARTESIANPOINT((16.7,4.7,0.));
#3065=IFCCARTESIANPOINT((17.3,4.7,0.));
#3066=IFCCARTESIANPOINT((17.3,5.3,0.));
#3067=IFCPOLYLINE((#3062,#3063,#3064,#3065,#3066));
#3068=IFCARBITRARYCLOSEDPROFILEDEF(.AREA.,$,#3067);
#3069=IFCDIRECTION((0.,0.,1.));
#3070=IFCEXTRUDEDAREASOLID(#3068,$,#3069,0.45);
#3071=IFCSHAPEREPRESENTATION(#11,'Body','SweptSolid',(#3070));
#3072=IFCPRODUCTDEFINITIONSHAPE($,$,(#3071));
#3073=IFCCARTESIANPOINT((0.,0.,0.));
#3074=IFCDIRECTION((0.,0.,1.));
#3075=IFCDIRECTION((1.,0.,0.));
#3076=IFCAXIS2PLACEMENT3D(#3073,#3074,#3075);
#3077=IFCLOCALPLACEMENT(#2151,#3076);
#3078=IFCFURNISHINGELEMENT('2f7HB4aWv3s9yRyakX3bW9',$,'OfficeChair',$,$,#3077,#3072,$);
#3079=IFCCARTESIANPOINT((19.3,5.3,0.));
#3080=IFCCARTESIANPOINT((18.7,5.3,0.));
#3081=IFCCARTESIANPOINT((18.7,4.7,0.));
#3082=IFCCARTESIANPOINT((19.3,4.7,0.));
#3083=IFCCARTESIANPOINT((19.3,5.3,0.));
#3084=IFCPOLYLINE((#3079,#3080,#3081,#3082,#3083));
#3085=IFCARBITRARYCLOSEDPROFILEDEF(.AREA.,$,#3084);
#3086=IFCDIRECTION((0.,0.,1.));
#3087=IFCEXTRUDEDAREASOLID(#3085,$,#3086,0.45);
#3088=IFCSHAPEREPRESENTATION(#11,'Body','SweptSolid',(#3087));
#3089=IFCPRODUCTDEFINITIONSHAPE($,$,(#3088));
#3090=IFCCARTESIANPOINT((0.,0.,0.));
#3091=IFCDIRECTION((0.,0.,1.));
#3092=IFCDIRECTION((1.,0.,0.));
#3093=IFCAXIS2PLACEMENT3D(#3090,#3091,#3092);
#3094=IFCLOCALPLACEMENT(#2151,#3093);
#3095=IFCFURNISHINGELEMENT('12Gm2MVNHAZQwlP1ivXhzC',$,'OfficeChair',$,$,#3094,#3089,$);
#3096=IFCCARTESIANPOINT((20.3,5.3,0.));
#3097=IFCCARTESIANPOINT((19.7,5.3,0.));
#3098=IFCCARTESIANPOINT((19.7,4.7,0.));
#3099=IFCCARTESIANPOINT((20.3,4.7,0.));
#3100=IFCCARTESIANPOINT((20.3,5.3,0.));
#3101=IFCPOLYLINE((#3096,#3097,#3098,#3099,#3100));
#3102=IFCARBITRARYCLOSEDPROFILEDEF(.AREA.,$,#3101);
#3103=IFCDIRECTION((0.,0.,1.));
#3104=IFCEXTRUDEDAREASOLID(#3102,$,#3103,0.45);
#3105=IFCSHAPEREPRESENTATION(#11,'Body','SweptSolid',(#3104));
#3106=IFCPRODUCTDEFINITIONSHAPE($,$,(#3105));
#3107=IFCCARTESIANPOINT((0.,0.,0.));
#3108=IFCDIRECTION((0.,0.,1.));
#3109=IFCDIRECTION((1.,0.,0.));
#3110=IFCAXIS2PLACEMENT3D(#3107,#3108,#3109);
#3111=IFCLOCALPLACEMENT(#2151,#3110);
#3112=IFCFURNISHINGELEMENT('1YFo7kYGX7$hGj1bRggdQY',$,'OfficeChair',$,$,#3111,#3106,$);
#3113=IFCCARTESIANPOINT((29.5,7.85,0.));
#3114=IFCCARTESIANPOINT((30.5,7.85,0.));
#3115=IFCCARTESIANPOINT((30.5,8.15,0.));
#3116=IFCCARTESIANPOINT((29.5,8.15,0.));
#3117=IFCCARTESIANPOINT((29.5,7.85,0.));
#3118=IFCPOLYLINE((#3113,#3114,#3115,#3116,#3117));
#3119=IFCARBITRARYCLOSEDPROFILEDEF(.AREA.,$,#3118);
#3120=IFCDIRECTION((0.,0.,1.));
#3121=IFCEXTRUDEDAREASOLID(#3119,$,#3120,2.4);
#3122=IFCSHAPEREPRESENTATION(#11,'Body','SweptSolid',(#3121));
#3123=IFCPRODUCTDEFINITIONSHAPE($,$,(#3122));
#3124=IFCCARTESIANPOINT((0.,0.,0.));
#3125=IFCDIRECTION((0.,0.,1.));
#3126=IFCDIRECTION((1.,0.,0.));
#3127=IFCAXIS2PLACEMENT3D(#3124,#3125,#3126);
#3128=IFCLOCALPLACEMENT(#2151,#3127);
#3129=IFCOPENINGELEMENT('3HqDkU2Vn6$RsrPeSavJpe',$,'Opening for Media Room Entry',$,$,#3128,#3123,$,$);
#3130=IFCRELVOIDSELEMENT('02WZAg5P14rf_Wp$D9KtTs',$,'Wall Opening',$,#2323,#3129);
#3131=IFCCARTESIANPOINT((29.5,8.,0.));
#3132=IFCCARTESIANPOINT((30.5,8.,0.));
#3133=IFCCARTESIANPOINT((30.5,8.05,0.));
#3134=IFCCARTESIANPOINT((29.5,8.05,0.));
#3135=IFCCARTESIANPOINT((29.5,8.,0.));
#3136=IFCPOLYLINE((#3131,#3132,#3133,#3134,#3135));
#3137=IFCARBITRARYCLOSEDPROFILEDEF(.AREA.,$,#3136);
#3138=IFCDIRECTION((0.,0.,1.));
#3139=IFCEXTRUDEDAREASOLID(#3137,$,#3138,2.4);
#3140=IFCSHAPEREPRESENTATION(#11,'Body','SweptSolid',(#3139));
#3141=IFCPRODUCTDEFINITIONSHAPE($,$,(#3140));
#3142=IFCCARTESIANPOINT((0.,0.,0.));
#3143=IFCDIRECTION((0.,0.,1.));
#3144=IFCDIRECTION((1.,0.,0.));
#3145=IFCAXIS2PLACEMENT3D(#3142,#3143,#3144);
#3146=IFCLOCALPLACEMENT(#2151,#3145);
#3147=IFCDOOR('306MB6Vg1CSwvTFIuEZqM5',$,'Media Room Entry','Connects Education Workshop to Multimedia Room',$,#3146,#3141,$,2.4,1.,$,$,$);
#3148=IFCRELFILLSELEMENT('02ORLsky5FJOVL4TR2KoC3',$,'Door Fill',$,#3129,#3147);
#3149=IFCSTYLEDITEM(#3139,(#83),'SteelDoor');
#3150=IFCCARTESIANPOINT((26.1,9.75,0.));
#3151=IFCCARTESIANPOINT((27.9,9.75,0.));
#3152=IFCCARTESIANPOINT((27.9,10.25,0.));
#3153=IFCCARTESIANPOINT((26.1,10.25,0.));
#3154=IFCCARTESIANPOINT((26.1,9.75,0.));
#3155=IFCPOLYLINE((#3150,#3151,#3152,#3153,#3154));
#3156=IFCARBITRARYCLOSEDPROFILEDEF(.AREA.,$,#3155);
#3157=IFCDIRECTION((0.,0.,1.));
#3158=IFCEXTRUDEDAREASOLID(#3156,$,#3157,0.45);
#3159=IFCSHAPEREPRESENTATION(#11,'Body','SweptSolid',(#3158));
#3160=IFCPRODUCTDEFINITIONSHAPE($,$,(#3159));
#3161=IFCCARTESIANPOINT((0.,0.,0.));
#3162=IFCDIRECTION((0.,0.,1.));
#3163=IFCDIRECTION((1.,0.,0.));
#3164=IFCAXIS2PLACEMENT3D(#3161,#3162,#3163);
#3165=IFCLOCALPLACEMENT(#2151,#3164);
#3166=IFCFURNISHINGELEMENT('2EbDDq_UzF99w1ozk25LDz',$,'GalleryBench',$,$,#3165,#3160,$);
#3167=IFCCARTESIANPOINT((27.9,13.25,0.));
#3168=IFCCARTESIANPOINT((26.1,13.25,0.));
#3169=IFCCARTESIANPOINT((26.1,12.75,0.));
#3170=IFCCARTESIANPOINT((27.9,12.75,0.));
#3171=IFCCARTESIANPOINT((27.9,13.25,0.));
#3172=IFCPOLYLINE((#3167,#3168,#3169,#3170,#3171));
#3173=IFCARBITRARYCLOSEDPROFILEDEF(.AREA.,$,#3172);
#3174=IFCDIRECTION((0.,0.,1.));
#3175=IFCEXTRUDEDAREASOLID(#3173,$,#3174,0.45);
#3176=IFCSHAPEREPRESENTATION(#11,'Body','SweptSolid',(#3175));
#3177=IFCPRODUCTDEFINITIONSHAPE($,$,(#3176));
#3178=IFCCARTESIANPOINT((0.,0.,0.));
#3179=IFCDIRECTION((0.,0.,1.));
#3180=IFCDIRECTION((1.,0.,0.));
#3181=IFCAXIS2PLACEMENT3D(#3178,#3179,#3180);
#3182=IFCLOCALPLACEMENT(#2151,#3181);
#3183=IFCFURNISHINGELEMENT('0TGSy$6EP6zBL8MmF4AkRR',$,'GalleryBench',$,$,#3182,#3177,$);
#3184=IFCRELCONTAINEDINSPATIALSTRUCTURE('22ig5$2$PCcPSZpQDHMlCh',$,$,$,(#2170,#2187,#2204,#2221,#2238,#2255,#2272,#2289,#2306,#2323,#2340,#2357,#2374,#2391,#2408,#2425,#2442,#2459,#2476,#2493,#2511,#2530,#2547,#2564,#2581,#2599,#2618,#2636,#2655,#2673,#2692,#2710,#2729,#2746,#2763,#2780,#2797,#2814,#2831,#2849,#2868,#2885,#2902,#2920,#2939,#2957,#2976,#2993,#3010,#3027,#3044,#3061,#3078,#3095,#3112,#3129,#3147,#3166,#3183),#2152);
#3185=IFCCARTESIANPOINT((0.,0.,9.5));
#3186=IFCDIRECTION((0.,0.,1.));
#3187=IFCDIRECTION((1.,0.,0.));
#3188=IFCAXIS2PLACEMENT3D(#3185,#3186,#3187);
#3189=IFCLOCALPLACEMENT(#106,#3188);
#3190=IFCBUILDINGSTOREY('3Z4aSTSaTFugnkCN_5FvOG',$,'Rooftop Terrace',$,$,#3189,$,$,.ELEMENT.,9.5);
#3191=IFCRELAGGREGATES('0tMhrTdBb9ShrXzsvFI8OX',$,$,$,#107,(#3190));
#3192=IFCCARTESIANPOINT((0.,-0.15,0.));
#3193=IFCCARTESIANPOINT((30.,-0.15,0.));
#3194=IFCCARTESIANPOINT((30.,0.15,0.));
#3195=IFCCARTESIANPOINT((0.,0.15,0.));
#3196=IFCCARTESIANPOINT((0.,-0.15,0.));
#3197=IFCPOLYLINE((#3192,#3193,#3194,#3195,#3196));
#3198=IFCARBITRARYCLOSEDPROFILEDEF(.AREA.,$,#3197);
#3199=IFCDIRECTION((0.,0.,1.));
#3200=IFCEXTRUDEDAREASOLID(#3198,$,#3199,1.2);
#3201=IFCSHAPEREPRESENTATION(#11,'Body','SweptSolid',(#3200));
#3202=IFCPRODUCTDEFINITIONSHAPE($,$,(#3201));
#3203=IFCCARTESIANPOINT((0.,0.,0.));
#3204=IFCDIRECTION((0.,0.,1.));
#3205=IFCDIRECTION((1.,0.,0.));
#3206=IFCAXIS2PLACEMENT3D(#3203,#3204,#3205);
#3207=IFCLOCALPLACEMENT(#3189,#3206);
#3208=IFCWALL('3drZ3Begr8yx6DwHKMQwXL',$,'Roof South Parapet',$,$,#3207,#3202,$,$);
#3209=IFCCARTESIANPOINT((30.15,-9.18485099360515E-18,0.));
#3210=IFCCARTESIANPOINT((30.15,22.,0.));
#3211=IFCCARTESIANPOINT((29.85,22.,0.));
#3212=IFCCARTESIANPOINT((29.85,9.18485099360515E-18,0.));
#3213=IFCCARTESIANPOINT((30.15,-9.18485099360515E-18,0.));
#3214=IFCPOLYLINE((#3209,#3210,#3211,#3212,#3213));
#3215=IFCARBITRARYCLOSEDPROFILEDEF(.AREA.,$,#3214);
#3216=IFCDIRECTION((0.,0.,1.));
#3217=IFCEXTRUDEDAREASOLID(#3215,$,#3216,1.2);
#3218=IFCSHAPEREPRESENTATION(#11,'Body','SweptSolid',(#3217));
#3219=IFCPRODUCTDEFINITIONSHAPE($,$,(#3218));
#3220=IFCCARTESIANPOINT((0.,0.,0.));
#3221=IFCDIRECTION((0.,0.,1.));
#3222=IFCDIRECTION((1.,0.,0.));
#3223=IFCAXIS2PLACEMENT3D(#3220,#3221,#3222);
#3224=IFCLOCALPLACEMENT(#3189,#3223);
#3225=IFCWALL('08kZi5pO10g9V_BklOCQyk',$,'Roof East Parapet',$,$,#3224,#3219,$,$);
#3226=IFCCARTESIANPOINT((30.,22.15,0.));
#3227=IFCCARTESIANPOINT((1.83697019872103E-17,22.15,0.));
#3228=IFCCARTESIANPOINT((-1.83697019872103E-17,21.85,0.));
#3229=IFCCARTESIANPOINT((30.,21.85,0.));
#3230=IFCCARTESIANPOINT((30.,22.15,0.));
#3231=IFCPOLYLINE((#3226,#3227,#3228,#3229,#3230));
#3232=IFCARBITRARYCLOSEDPROFILEDEF(.AREA.,$,#3231);
#3233=IFCDIRECTION((0.,0.,1.));
#3234=IFCEXTRUDEDAREASOLID(#3232,$,#3233,1.2);
#3235=IFCSHAPEREPRESENTATION(#11,'Body','SweptSolid',(#3234));
#3236=IFCPRODUCTDEFINITIONSHAPE($,$,(#3235));
#3237=IFCCARTESIANPOINT((0.,0.,0.));
#3238=IFCDIRECTION((0.,0.,1.));
#3239=IFCDIRECTION((1.,0.,0.));
#3240=IFCAXIS2PLACEMENT3D(#3237,#3238,#3239);
#3241=IFCLOCALPLACEMENT(#3189,#3240);
#3242=IFCWALL('1MN_qDU8r1v9bTf9pr3LN_',$,'Roof North Parapet',$,$,#3241,#3236,$,$);
#3243=IFCCARTESIANPOINT((-0.15,22.,0.));
#3244=IFCCARTESIANPOINT((-0.15,-9.18485099360515E-18,0.));
#3245=IFCCARTESIANPOINT((0.15,9.18485099360515E-18,0.));
#3246=IFCCARTESIANPOINT((0.15,22.,0.));
#3247=IFCCARTESIANPOINT((-0.15,22.,0.));
#3248=IFCPOLYLINE((#3243,#3244,#3245,#3246,#3247));
#3249=IFCARBITRARYCLOSEDPROFILEDEF(.AREA.,$,#3248);
#3250=IFCDIRECTION((0.,0.,1.));
#3251=IFCEXTRUDEDAREASOLID(#3249,$,#3250,1.2);
#3252=IFCSHAPEREPRESENTATION(#11,'Body','SweptSolid',(#3251));
#3253=IFCPRODUCTDEFINITIONSHAPE($,$,(#3252));
#3254=IFCCARTESIANPOINT((0.,0.,0.));
#3255=IFCDIRECTION((0.,0.,1.));
#3256=IFCDIRECTION((1.,0.,0.));
#3257=IFCAXIS2PLACEMENT3D(#3254,#3255,#3256);
#3258=IFCLOCALPLACEMENT(#3189,#3257);
#3259=IFCWALL('26GZi0QR5Akv$xhwyU20_0',$,'Roof West Parapet',$,$,#3258,#3253,$,$);
#3260=IFCCARTESIANPOINT((0.,0.,-0.25));
#3261=IFCCARTESIANPOINT((30.,0.,-0.25));
#3262=IFCCARTESIANPOINT((30.,22.,-0.25));
#3263=IFCCARTESIANPOINT((0.,22.,-0.25));
#3264=IFCCARTESIANPOINT((0.,0.,-0.25));
#3265=IFCPOLYLINE((#3260,#3261,#3262,#3263,#3264));
#3266=IFCARBITRARYCLOSEDPROFILEDEF(.AREA.,$,#3265);
#3267=IFCDIRECTION((0.,0.,1.));
#3268=IFCEXTRUDEDAREASOLID(#3266,$,#3267,0.25);
#3269=IFCSHAPEREPRESENTATION(#11,'Body','SweptSolid',(#3268));
#3270=IFCPRODUCTDEFINITIONSHAPE($,$,(#3269));
#3271=IFCCARTESIANPOINT((0.,0.,0.));
#3272=IFCDIRECTION((0.,0.,1.));
#3273=IFCDIRECTION((1.,0.,0.));
#3274=IFCAXIS2PLACEMENT3D(#3271,#3272,#3273);
#3275=IFCLOCALPLACEMENT(#3189,#3274);
#3276=IFCSLAB('2vekcP0Wr9VgXzdS3VN6CE',$,'Rooftop Terrace Floor',$,$,#3275,#3270,$,.FLOOR.);
#3277=IFCCARTESIANPOINT((0.,0.,3.5));
#3278=IFCCARTESIANPOINT((30.,0.,3.5));
#3279=IFCCARTESIANPOINT((30.,22.,3.5));
#3280=IFCCARTESIANPOINT((0.,22.,3.5));
#3281=IFCCARTESIANPOINT((0.,0.,3.5));
#3282=IFCPOLYLINE((#3277,#3278,#3279,#3280,#3281));
#3283=IFCARBITRARYCLOSEDPROFILEDEF(.AREA.,$,#3282);
#3284=IFCDIRECTION((0.,0.,1.));
#3285=IFCEXTRUDEDAREASOLID(#3283,$,#3284,0.1);
#3286=IFCSHAPEREPRESENTATION(#11,'Body','SweptSolid',(#3285));
#3287=IFCPRODUCTDEFINITIONSHAPE($,$,(#3286));
#3288=IFCCARTESIANPOINT((0.,0.,0.));
#3289=IFCDIRECTION((0.,0.,1.));
#3290=IFCDIRECTION((1.,0.,0.));
#3291=IFCAXIS2PLACEMENT3D(#3288,#3289,#3290);
#3292=IFCLOCALPLACEMENT(#3189,#3291);
#3293=IFCSLAB('1YzjvBV2z7DAqt117m$Aqm',$,'Rooftop Terrace Ceiling',$,$,#3292,#3287,$,.FLOOR.);
#3294=IFCCARTESIANPOINT((0.,0.,0.));
#3295=IFCCARTESIANPOINT((30.,0.,0.));
#3296=IFCCARTESIANPOINT((30.,22.,0.));
#3297=IFCCARTESIANPOINT((0.,22.,0.));
#3298=IFCCARTESIANPOINT((0.,0.,0.));
#3299=IFCPOLYLINE((#3294,#3295,#3296,#3297,#3298));
#3300=IFCARBITRARYCLOSEDPROFILEDEF(.AREA.,$,#3299);
#3301=IFCDIRECTION((0.,0.,1.));
#3302=IFCEXTRUDEDAREASOLID(#3300,$,#3301,0.3);
#3303=IFCSHAPEREPRESENTATION(#11,'Body','SweptSolid',(#3302));
#3304=IFCPRODUCTDEFINITIONSHAPE($,$,(#3303));
#3305=IFCCARTESIANPOINT((0.,0.,0.));
#3306=IFCDIRECTION((0.,0.,1.));
#3307=IFCDIRECTION((1.,0.,0.));
#3308=IFCAXIS2PLACEMENT3D(#3305,#3306,#3307);
#3309=IFCLOCALPLACEMENT(#3189,#3308);
#3310=IFCSLAB('03vHCk0jn8nBKZs8ZrPFO2',$,'Roof Slab',$,$,#3309,#3304,$,.ROOF.);
#3311=IFCCARTESIANPOINT((8.3,6.3,0.));
#3312=IFCCARTESIANPOINT((7.7,6.3,0.));
#3313=IFCCARTESIANPOINT((7.7,5.7,0.));
#3314=IFCCARTESIANPOINT((8.3,5.7,0.));
#3315=IFCCARTESIANPOINT((8.3,6.3,0.));
#3316=IFCPOLYLINE((#3311,#3312,#3313,#3314,#3315));
#3317=IFCARBITRARYCLOSEDPROFILEDEF(.AREA.,$,#3316);
#3318=IFCDIRECTION((0.,0.,1.));
#3319=IFCEXTRUDEDAREASOLID(#3317,$,#3318,1.2);
#3320=IFCSHAPEREPRESENTATION(#11,'Body','SweptSolid',(#3319));
#3321=IFCPRODUCTDEFINITIONSHAPE($,$,(#3320));
#3322=IFCCARTESIANPOINT((0.,0.,0.));
#3323=IFCDIRECTION((0.,0.,1.));
#3324=IFCDIRECTION((1.,0.,0.));
#3325=IFCAXIS2PLACEMENT3D(#3322,#3323,#3324);
#3326=IFCLOCALPLACEMENT(#3189,#3325);
#3327=IFCFURNISHINGELEMENT('31Y6sXHoTDw8Il9mssRZJy',$,'DisplayPedestal',$,$,#3326,#3321,$);
#3328=IFCCARTESIANPOINT((15.3,6.3,0.));
#3329=IFCCARTESIANPOINT((14.7,6.3,0.));
#3330=IFCCARTESIANPOINT((14.7,5.7,0.));
#3331=IFCCARTESIANPOINT((15.3,5.7,0.));
#3332=IFCCARTESIANPOINT((15.3,6.3,0.));
#3333=IFCPOLYLINE((#3328,#3329,#3330,#3331,#3332));
#3334=IFCARBITRARYCLOSEDPROFILEDEF(.AREA.,$,#3333);
#3335=IFCDIRECTION((0.,0.,1.));
#3336=IFCEXTRUDEDAREASOLID(#3334,$,#3335,1.2);
#3337=IFCSHAPEREPRESENTATION(#11,'Body','SweptSolid',(#3336));
#3338=IFCPRODUCTDEFINITIONSHAPE($,$,(#3337));
#3339=IFCCARTESIANPOINT((0.,0.,0.));
#3340=IFCDIRECTION((0.,0.,1.));
#3341=IFCDIRECTION((1.,0.,0.));
#3342=IFCAXIS2PLACEMENT3D(#3339,#3340,#3341);
#3343=IFCLOCALPLACEMENT(#3189,#3342);
#3344=IFCFURNISHINGELEMENT('0AmHnHQn54XAK61lnoiI2h',$,'DisplayPedestal',$,$,#3343,#3338,$);
#3345=IFCCARTESIANPOINT((22.3,6.3,0.));
#3346=IFCCARTESIANPOINT((21.7,6.3,0.));
#3347=IFCCARTESIANPOINT((21.7,5.7,0.));
#3348=IFCCARTESIANPOINT((22.3,5.7,0.));
#3349=IFCCARTESIANPOINT((22.3,6.3,0.));
#3350=IFCPOLYLINE((#3345,#3346,#3347,#3348,#3349));
#3351=IFCARBITRARYCLOSEDPROFILEDEF(.AREA.,$,#3350);
#3352=IFCDIRECTION((0.,0.,1.));
#3353=IFCEXTRUDEDAREASOLID(#3351,$,#3352,1.2);
#3354=IFCSHAPEREPRESENTATION(#11,'Body','SweptSolid',(#3353));
#3355=IFCPRODUCTDEFINITIONSHAPE($,$,(#3354));
#3356=IFCCARTESIANPOINT((0.,0.,0.));
#3357=IFCDIRECTION((0.,0.,1.));
#3358=IFCDIRECTION((1.,0.,0.));
#3359=IFCAXIS2PLACEMENT3D(#3356,#3357,#3358);
#3360=IFCLOCALPLACEMENT(#3189,#3359);
#3361=IFCFURNISHINGELEMENT('2WTD4UQu90xP$7s1dtxjVl',$,'DisplayPedestal',$,$,#3360,#3355,$);
#3362=IFCCARTESIANPOINT((7.7,15.7,0.));
#3363=IFCCARTESIANPOINT((8.3,15.7,0.));
#3364=IFCCARTESIANPOINT((8.3,16.3,0.));
#3365=IFCCARTESIANPOINT((7.7,16.3,0.));
#3366=IFCCARTESIANPOINT((7.7,15.7,0.));
#3367=IFCPOLYLINE((#3362,#3363,#3364,#3365,#3366));
#3368=IFCARBITRARYCLOSEDPROFILEDEF(.AREA.,$,#3367);
#3369=IFCDIRECTION((0.,0.,1.));
#3370=IFCEXTRUDEDAREASOLID(#3368,$,#3369,1.2);
#3371=IFCSHAPEREPRESENTATION(#11,'Body','SweptSolid',(#3370));
#3372=IFCPRODUCTDEFINITIONSHAPE($,$,(#3371));
#3373=IFCCARTESIANPOINT((0.,0.,0.));
#3374=IFCDIRECTION((0.,0.,1.));
#3375=IFCDIRECTION((1.,0.,0.));
#3376=IFCAXIS2PLACEMENT3D(#3373,#3374,#3375);
#3377=IFCLOCALPLACEMENT(#3189,#3376);
#3378=IFCFURNISHINGELEMENT('01QiJISaT54Bhg8Ov2CNzv',$,'DisplayPedestal',$,$,#3377,#3372,$);
#3379=IFCCARTESIANPOINT((14.7,15.7,0.));
#3380=IFCCARTESIANPOINT((15.3,15.7,0.));
#3381=IFCCARTESIANPOINT((15.3,16.3,0.));
#3382=IFCCARTESIANPOINT((14.7,16.3,0.));
#3383=IFCCARTESIANPOINT((14.7,15.7,0.));
#3384=IFCPOLYLINE((#3379,#3380,#3381,#3382,#3383));
#3385=IFCARBITRARYCLOSEDPROFILEDEF(.AREA.,$,#3384);
#3386=IFCDIRECTION((0.,0.,1.));
#3387=IFCEXTRUDEDAREASOLID(#3385,$,#3386,1.2);
#3388=IFCSHAPEREPRESENTATION(#11,'Body','SweptSolid',(#3387));
#3389=IFCPRODUCTDEFINITIONSHAPE($,$,(#3388));
#3390=IFCCARTESIANPOINT((0.,0.,0.));
#3391=IFCDIRECTION((0.,0.,1.));
#3392=IFCDIRECTION((1.,0.,0.));
#3393=IFCAXIS2PLACEMENT3D(#3390,#3391,#3392);
#3394=IFCLOCALPLACEMENT(#3189,#3393);
#3395=IFCFURNISHINGELEMENT('3uAmn4l7z7vepuWH3ERlFG',$,'DisplayPedestal',$,$,#3394,#3389,$);
#3396=IFCCARTESIANPOINT((21.7,15.7,0.));
#3397=IFCCARTESIANPOINT((22.3,15.7,0.));
#3398=IFCCARTESIANPOINT((22.3,16.3,0.));
#3399=IFCCARTESIANPOINT((21.7,16.3,0.));
#3400=IFCCARTESIANPOINT((21.7,15.7,0.));
#3401=IFCPOLYLINE((#3396,#3397,#3398,#3399,#3400));
#3402=IFCARBITRARYCLOSEDPROFILEDEF(.AREA.,$,#3401);
#3403=IFCDIRECTION((0.,0.,1.));
#3404=IFCEXTRUDEDAREASOLID(#3402,$,#3403,1.2);
#3405=IFCSHAPEREPRESENTATION(#11,'Body','SweptSolid',(#3404));
#3406=IFCPRODUCTDEFINITIONSHAPE($,$,(#3405));
#3407=IFCCARTESIANPOINT((0.,0.,0.));
#3408=IFCDIRECTION((0.,0.,1.));
#3409=IFCDIRECTION((1.,0.,0.));
#3410=IFCAXIS2PLACEMENT3D(#3407,#3408,#3409);
#3411=IFCLOCALPLACEMENT(#3189,#3410);
#3412=IFCFURNISHINGELEMENT('1Ho1DPv7TFteGeRDHDKF09',$,'DisplayPedestal',$,$,#3411,#3406,$);
#3413=IFCCARTESIANPOINT((14.75,11.9,0.));
#3414=IFCCARTESIANPOINT((14.75,10.1,0.));
#3415=IFCCARTESIANPOINT((15.25,10.1,0.));
#3416=IFCCARTESIANPOINT((15.25,11.9,0.));
#3417=IFCCARTESIANPOINT((14.75,11.9,0.));
#3418=IFCPOLYLINE((#3413,#3414,#3415,#3416,#3417));
#3419=IFCARBITRARYCLOSEDPROFILEDEF(.AREA.,$,#3418);
#3420=IFCDIRECTION((0.,0.,1.));
#3421=IFCEXTRUDEDAREASOLID(#3419,$,#3420,0.45);
#3422=IFCSHAPEREPRESENTATION(#11,'Body','SweptSolid',(#3421));
#3423=IFCPRODUCTDEFINITIONSHAPE($,$,(#3422));
#3424=IFCCARTESIANPOINT((0.,0.,0.));
#3425=IFCDIRECTION((0.,0.,1.));
#3426=IFCDIRECTION((1.,0.,0.));
#3427=IFCAXIS2PLACEMENT3D(#3424,#3425,#3426);
#3428=IFCLOCALPLACEMENT(#3189,#3427);
#3429=IFCFURNISHINGELEMENT('12qGl2b75CfuiQ7F7zP8se',$,'GalleryBench',$,$,#3428,#3423,$);
#3430=IFCRELCONTAINEDINSPATIALSTRUCTURE('25S7Uhdu5DSehEk5ZiE7lt',$,$,$,(#3208,#3225,#3242,#3259,#3276,#3293,#3310,#3327,#3344,#3361,#3378,#3395,#3412,#3429),#3190);
ENDSEC;
END-ISO-10303-21;
