ISO-10303-21;
HEADER;

/******************************************************************************************
* STEP Physical File produced by: The EXPRESS Data Manager Version 5.02.0100.07 : 28 Aug 2013
* Module:                         EDMstepFileFactory/EDMstandAlone
* Creation date:                  Fri Nov 01 12:56:35 2019
* Host:                           Avocado-PC
* Database:                       C:\Users\Avocado\AppData\Local\Temp\{A6AE3E89-BCDB-4218-8CEB-E25D42F3DADD}\ifc
* Database version:               5507
* Database creation date:         Fri Nov 01 12:56:34 2019
* Schema:                         IFC2X3
* Model:                          DataRepository.ifc
* Model creation date:            Fri Nov 01 12:56:34 2019
* Header model:                   DataRepository.ifc_HeaderModel
* Header model creation date:     Fri Nov 01 12:56:34 2019
* EDMuser:                        sdai-user
* EDMgroup:                       sdai-group
* License ID and type:            5605 : Permanent license. Expiry date: 
* EDMstepFileFactory options:     020000
******************************************************************************************/
FILE_DESCRIPTION(('ViewDefinition [CoordinationView_V2.0]'),'2;1');
FILE_NAME('0001','2019-11-01T12:56:35',(''),(''),'The EXPRESS Data Manager Version 5.02.0100.07 : 28 Aug 2013','20190508_0315(x64) - Exporter 17.4.0.0 - Alternate UI 17.4.0.0','');
FILE_SCHEMA(('IFC2X3'));
ENDSEC;

DATA;
#1= IFCORGANIZATION($,'Autodesk Revit 2017 (ENU)',$,$,$);
#5= IFCAPPLICATION(#1,'2017','Autodesk Revit 2017 (ENU)','Revit');
#6= IFCCARTESIANPOINT((0.,0.,0.));
#9= IFCCARTESIANPOINT((0.,0.));
#11= IFCDIRECTION((1.,0.,0.));
#13= IFCDIRECTION((-1.,0.,0.));
#15= IFCDIRECTION((0.,1.,0.));
#17= IFCDIRECTION((0.,-1.,0.));
#19= IFCDIRECTION((0.,0.,1.));
#21= IFCDIRECTION((0.,0.,-1.));
#23= IFCDIRECTION((1.,0.));
#25= IFCDIRECTION((-1.,0.));
#27= IFCDIRECTION((0.,1.));
#29= IFCDIRECTION((0.,-1.));
#31= IFCAXIS2PLACEMENT3D(#6,$,$);
#32= IFCLOCALPLACEMENT(#9249,#31);
#35= IFCPERSON($,'','cjl@convergo.se',$,$,$,$,$);
#37= IFCORGANIZATION($,'','',$,$);
#38= IFCPERSONANDORGANIZATION(#35,#37,$);
#41= IFCOWNERHISTORY(#38,#5,$,.NOCHANGE.,$,$,$,1566398227);
#42= IFCSIUNIT(*,.LENGTHUNIT.,.MILLI.,.METRE.);
#43= IFCSIUNIT(*,.LENGTHUNIT.,$,.METRE.);
#44= IFCSIUNIT(*,.AREAUNIT.,$,.SQUARE_METRE.);
#45= IFCSIUNIT(*,.VOLUMEUNIT.,$,.CUBIC_METRE.);
#46= IFCSIUNIT(*,.PLANEANGLEUNIT.,$,.RADIAN.);
#47= IFCDIMENSIONALEXPONENTS(0,0,0,0,0,0,0);
#48= IFCMEASUREWITHUNIT(IFCRATIOMEASURE(0.0174532925199433),#46);
#49= IFCCONVERSIONBASEDUNIT(#47,.PLANEANGLEUNIT.,'DEGREE',#48);
#50= IFCSIUNIT(*,.MASSUNIT.,.KILO.,.GRAM.);
#51= IFCDERIVEDUNITELEMENT(#50,1);
#52= IFCDERIVEDUNITELEMENT(#43,-3);
#53= IFCDERIVEDUNIT((#51,#52),.MASSDENSITYUNIT.,$);
#55= IFCSIUNIT(*,.TIMEUNIT.,$,.SECOND.);
#56= IFCSIUNIT(*,.FREQUENCYUNIT.,$,.HERTZ.);
#57= IFCSIUNIT(*,.THERMODYNAMICTEMPERATUREUNIT.,$,.KELVIN.);
#58= IFCSIUNIT(*,.THERMODYNAMICTEMPERATUREUNIT.,$,.DEGREE_CELSIUS.);
#59= IFCDERIVEDUNITELEMENT(#50,1);
#60= IFCDERIVEDUNITELEMENT(#57,-1);
#61= IFCDERIVEDUNITELEMENT(#55,-3);
#62= IFCDERIVEDUNIT((#59,#60,#61),.THERMALTRANSMITTANCEUNIT.,$);
#64= IFCSIUNIT(*,.LENGTHUNIT.,.DECI.,.METRE.);
#65= IFCDERIVEDUNITELEMENT(#43,3);
#66= IFCDERIVEDUNITELEMENT(#55,-1);
#67= IFCDERIVEDUNIT((#65,#66),.VOLUMETRICFLOWRATEUNIT.,$);
#69= IFCSIUNIT(*,.ELECTRICCURRENTUNIT.,$,.AMPERE.);
#70= IFCSIUNIT(*,.ELECTRICVOLTAGEUNIT.,$,.VOLT.);
#71= IFCSIUNIT(*,.POWERUNIT.,$,.WATT.);
#72= IFCSIUNIT(*,.FORCEUNIT.,.KILO.,.NEWTON.);
#73= IFCSIUNIT(*,.ILLUMINANCEUNIT.,$,.LUX.);
#74= IFCSIUNIT(*,.LUMINOUSFLUXUNIT.,$,.LUMEN.);
#75= IFCSIUNIT(*,.LUMINOUSINTENSITYUNIT.,$,.CANDELA.);
#76= IFCDERIVEDUNITELEMENT(#50,-1);
#77= IFCDERIVEDUNITELEMENT(#43,-2);
#78= IFCDERIVEDUNITELEMENT(#55,3);
#79= IFCDERIVEDUNITELEMENT(#74,1);
#80= IFCDERIVEDUNIT((#76,#77,#78,#79),.USERDEFINED.,'Luminous Efficacy');
#82= IFCDERIVEDUNITELEMENT(#43,1);
#83= IFCDERIVEDUNITELEMENT(#55,-1);
#84= IFCDERIVEDUNIT((#82,#83),.LINEARVELOCITYUNIT.,$);
#86= IFCSIUNIT(*,.PRESSUREUNIT.,$,.PASCAL.);
#87= IFCDERIVEDUNITELEMENT(#43,-2);
#88= IFCDERIVEDUNITELEMENT(#50,1);
#89= IFCDERIVEDUNITELEMENT(#55,-2);
#90= IFCDERIVEDUNIT((#87,#88,#89),.USERDEFINED.,'Friction Loss');
#92= IFCUNITASSIGNMENT((#42,#44,#45,#49,#50,#53,#55,#56,#58,#62,#67,#69,#70,#71,#72,#73,#74,#75,#80,#84,#86,#90));
#94= IFCAXIS2PLACEMENT3D(#6,$,$);
#95= IFCDIRECTION((6.12303176911189E-17,1.));
#97= IFCGEOMETRICREPRESENTATIONCONTEXT($,'Model',3,0.01,#94,#95);
#100= IFCGEOMETRICREPRESENTATIONSUBCONTEXT('Axis','Model',*,*,*,*,#97,$,.GRAPH_VIEW.,$);
#102= IFCGEOMETRICREPRESENTATIONSUBCONTEXT('Body','Model',*,*,*,*,#97,$,.MODEL_VIEW.,$);
#103= IFCGEOMETRICREPRESENTATIONSUBCONTEXT('Box','Model',*,*,*,*,#97,$,.MODEL_VIEW.,$);
#104= IFCGEOMETRICREPRESENTATIONSUBCONTEXT('FootPrint','Model',*,*,*,*,#97,$,.MODEL_VIEW.,$);
#105= IFCPROJECT('1Xp36sHs18QvmpjuNAzEgs',#41,'0001',$,$,'Project Name','Project Status',(#97),#92);
#111= IFCPOSTALADDRESS($,$,$,$,('Enter address here'),$,'','Boston','','MA');
#115= IFCBUILDING('1Xp36sHs18QvmpjuNAzEgt',#41,'',$,$,#32,$,'',.ELEMENT.,$,$,#111);
#121= IFCAXIS2PLACEMENT3D(#6,$,$);
#122= IFCLOCALPLACEMENT(#32,#121);
#124= IFCBUILDINGSTOREY('1Xp36sHs18QvmpjuKr2nHn',#41,'Level 1',$,$,#122,$,'Level 1',.ELEMENT.,0.);
#126= IFCCARTESIANPOINT((0.,0.,4000.));
#128= IFCAXIS2PLACEMENT3D(#126,$,$);
#9399= IFCRELDEFINESBYPROPERTIES('1ALMjim2vFqu30mi1XcqyK',#41,$,$,(#124),#9336);
#9338= IFCRELCONTAINEDINSPATIALSTRUCTURE('3Zu5Bv0LOHrPC10066FoQQ',#41,$,$,(#9101),#124);
#132= IFCAXIS2PLACEMENT3D(#6,$,$);
#9396= IFCRELDEFINESBYPROPERTIES('3coH1PHwn9MRM6e5B3bUXm',#41,$,$,(#124),#9334);
#134= IFCCARTESIANPOINT((993.078224419047,-23.,709.499998639333));
#136= IFCCARTESIANPOINT((988.742897519927,-23.,736.872175435127));
#138= IFCCARTESIANPOINT((976.16128882485,-23.,761.564972856773));
#140= IFCCARTESIANPOINT((956.564973852368,-23.,781.161287851224));
#142= IFCCARTESIANPOINT((931.872176444829,-23.,793.742896573985));
#144= IFCCARTESIANPOINT((904.499999653895,-23.,798.078223503794));
#146= IFCCARTESIANPOINT((-904.49999965413,-23.,798.078225531934));
#148= IFCCARTESIANPOINT((-931.872176492564,-23.,793.742898651226));
#150= IFCCARTESIANPOINT((-956.56497395481,-23.,781.16128994941));
#152= IFCCARTESIANPOINT((-976.161288977004,-23.,761.564974949186));
#154= IFCCARTESIANPOINT((-988.742897706503,-23.,736.872177501046));
#156= IFCCARTESIANPOINT((-993.078224617899,-23.,709.500000667473));
#158= IFCCARTESIANPOINT((-993.0782246179,-23.,100.499999999999));
#160= IFCCARTESIANPOINT((-988.742897712642,-23.,73.1278231853154));
#162= IFCCARTESIANPOINT((-976.161289000353,-23.,48.4350257504231));
#164= IFCCARTESIANPOINT((-956.564974003015,-23.,28.8387107530856));
#166= IFCCARTESIANPOINT((-931.872176568123,-23.,16.2571020407974));
#168= IFCCARTESIANPOINT((-904.499999753439,-23.,11.9217751355393));
#170= IFCCARTESIANPOINT((904.499999554586,-23.,11.9217751355394));
#172= IFCCARTESIANPOINT((931.87217636927,-23.,16.2571020407973));
#174= IFCCARTESIANPOINT((956.564973804163,-23.,28.8387107530859));
#176= IFCCARTESIANPOINT((976.161288801501,-23.,48.4350257504235));
#178= IFCCARTESIANPOINT((988.742897513789,-23.,73.1278231853162));
#180= IFCCARTESIANPOINT((993.078224419047,-23.,100.5));
#182= IFCCARTESIANPOINT((904.499999653895,23.,798.078310857957));
#184= IFCCARTESIANPOINT((931.872203438749,23.,793.742979652731));
#186= IFCCARTESIANPOINT((956.565025197857,23.,781.161358522226));
#188= IFCCARTESIANPOINT((976.161359495852,23.,761.565024202261));
#190= IFCCARTESIANPOINT((988.742980598673,23.,736.872202429048));
#192= IFCCARTESIANPOINT((993.07831177321,23.,709.499998639333));
#194= IFCCARTESIANPOINT((993.07831177321,23.,100.5));
#196= IFCCARTESIANPOINT((988.742980592535,23.,73.1277961913952));
#198= IFCCARTESIANPOINT((976.161359472503,23.,48.4349744049349));
#200= IFCCARTESIANPOINT((956.565025149651,23.,28.8386400820834));
#202= IFCCARTESIANPOINT((931.872203363191,23.,16.2570189620514));
#204= IFCCARTESIANPOINT((904.499999554586,23.,11.9216877813765));
#206= IFCCARTESIANPOINT((-904.499999753439,23.,11.9216877813765));
#208= IFCCARTESIANPOINT((-931.872203562044,23.,16.2570189620514));
#210= IFCCARTESIANPOINT((-956.565025348504,23.,28.8386400820833));
#212= IFCCARTESIANPOINT((-976.161359671356,23.,48.4349744049345));
#214= IFCCARTESIANPOINT((-988.742980791388,23.,73.1277961913946));
#216= IFCCARTESIANPOINT((-993.078311972063,23.,100.499999999999));
#218= IFCCARTESIANPOINT((-993.078311972062,23.,709.500000667473));
#220= IFCCARTESIANPOINT((-988.742980785249,23.,736.872204494967));
#222= IFCCARTESIANPOINT((-976.161359648006,23.,761.565026294675));
#224= IFCCARTESIANPOINT((-956.565025300298,23.,781.161360620413));
#226= IFCCARTESIANPOINT((-931.872203486485,23.,793.742981729972));
#228= IFCCARTESIANPOINT((-904.49999965413,23.,798.078312886097));
#230= IFCCARTESIANPOINT((1002.6506263575,15.8932323618075,709.499998639333));
#232= IFCCARTESIANPOINT((997.846792760751,15.8932323618075,739.830210309055));
#234= IFCCARTESIANPOINT((983.905524672568,15.8932323618075,767.191489541738));
#236= IFCCARTESIANPOINT((962.191490546016,15.8932323618075,788.905523692635));
#238= IFCCARTESIANPOINT((934.830211328963,15.8932323618075,802.846791811493));
#240= IFCCARTESIANPOINT((904.499999664627,15.8932323618075,807.650625442246));
#242= IFCCARTESIANPOINT((904.499999666966,5.36589300611483,809.737303048494));
#244= IFCCARTESIANPOINT((904.499999666966,-5.36625949657696,809.737266991271));
#246= IFCCARTESIANPOINT((904.499999664627,-15.8935848306507,807.650518646859));
#248= IFCCARTESIANPOINT((934.830178327374,-15.8935848306507,802.846690243045));
#250= IFCCARTESIANPOINT((962.191427773262,-15.8935848306507,788.905437293352));
#252= IFCCARTESIANPOINT((983.905438273285,-15.8935848306507,767.191426768985));
#254= IFCCARTESIANPOINT((997.846691192303,-15.8935848306507,739.830177307466));
#256= IFCCARTESIANPOINT((1002.65051956211,-15.8935848306514,709.499998639333));
#258= IFCCARTESIANPOINT((1004.73726790652,-5.36625949657769,709.499998639333));
#260= IFCCARTESIANPOINT((1004.73730396375,5.36589300611415,709.499998639333));
#262= IFCCARTESIANPOINT((937.014774141489,-0.000183898686352735,804.594903278697));
#264= IFCCARTESIANPOINT((999.594904395073,-0.000183775080978399,742.014772638021));
#266= IFCCARTESIANPOINT((975.564236014075,-0.000184148634010006,780.564235434197));
#268= IFCCARTESIANPOINT((924.747301986252,-7.79723210198422,807.37140689241));
#270= IFCCARTESIANPOINT((942.678416744504,-8.17416254201721,801.804422783191));
#272= IFCCARTESIANPOINT((957.661178825766,-0.895024277869678,794.779977866586));
#274= IFCCARTESIANPOINT((948.801430396278,8.30875043198904,799.004198712703));
#276= IFCCARTESIANPOINT((965.518595182522,7.0345698579011,788.786054475217));
#278= IFCCARTESIANPOINT((979.253303616503,8.40173705469877,775.701993778188));
#280= IFCCARTESIANPOINT((992.491718606624,7.39808414053252,757.011770208527));
#282= IFCCARTESIANPOINT((989.706960321366,-3.20087998298723,762.615659882738));
#284= IFCCARTESIANPOINT((996.506428388436,-8.18953330982651,748.385121626754));
#286= IFCCARTESIANPOINT((1002.47328028145,-8.38036651314597,728.80431272376));
#288= IFCCARTESIANPOINT((1001.60890967198,18.2181318007045,709.499998639333));
#290= IFCCARTESIANPOINT((1000.01352894195,20.2043572109082,709.499998639333));
#292= IFCCARTESIANPOINT((997.968029658373,21.7229959878204,709.499998639333));
#294= IFCCARTESIANPOINT((995.605171496444,22.675483447307,709.499998639333));
#296= IFCCARTESIANPOINT((904.499999656728,22.675483447307,800.60517058119));
#298= IFCCARTESIANPOINT((904.499999659377,21.7229959878204,802.968028743119));
#300= IFCCARTESIANPOINT((904.49999966167,20.2043572109082,805.013528026701));
#302= IFCCARTESIANPOINT((904.499999663459,18.2181318007046,806.608908756726));
#304= IFCCARTESIANPOINT((933.248481479274,20.6347930366725,800.084140798));
#306= IFCCARTESIANPOINT((995.084141746478,20.6347930355382,738.248480463763));
#308= IFCCARTESIANPOINT((971.386027944447,20.9903717762786,776.386026965358));
#310= IFCCARTESIANPOINT((947.477938896994,22.2793463485332,791.18994110847));
#312= IFCCARTESIANPOINT((954.780693167666,19.7200992562794,791.260190465966));
#314= IFCCARTESIANPOINT((986.189942069403,22.2793463477053,752.477937899343));
#316= IFCCARTESIANPOINT((986.260191439124,19.7200992553666,759.780692159836));
#318= IFCCARTESIANPOINT((924.572145616968,22.4455408973651,799.142133067795));
#320= IFCCARTESIANPOINT((994.142134004462,22.4455408972071,729.572144608163));
#322= IFCCARTESIANPOINT((966.363192346854,23.,771.363191362244));
#324= IFCCARTESIANPOINT((964.282501790495,22.4842953813988,779.097292098976));
#326= IFCCARTESIANPOINT((976.586568741357,22.3154053399238,767.00717286215));
#328= IFCCARTESIANPOINT((904.499999663459,-18.2184658055159,806.608793351948));
#330= IFCCARTESIANPOINT((904.49999966167,-20.2046733194319,805.013411626776));
#332= IFCCARTESIANPOINT((904.499999659377,-21.7232972782915,802.967917943352));
#334= IFCCARTESIANPOINT((904.499999656728,-22.6757749910979,800.605070224188));
#336= IFCCARTESIANPOINT((995.605071139442,-22.675774991098,709.499998639333));
#338= IFCCARTESIANPOINT((997.967918858605,-21.7232972782916,709.499998639333));
#340= IFCCARTESIANPOINT((1000.01341254203,-20.204673319432,709.499998639333));
#342= IFCCARTESIANPOINT((1001.6087942672,-18.2184658055161,709.499998639333));
#344= IFCCARTESIANPOINT((933.248448378931,-20.6351053127411,800.0840297296));
#346= IFCCARTESIANPOINT((995.08403066375,-20.6351053147897,738.248447396132));
#348= IFCCARTESIANPOINT((971.38594700415,-20.9906803541254,776.385945973498));
#350= IFCCARTESIANPOINT((947.477884427638,-22.2796424355646,791.189848726753));
#352= IFCCARTESIANPOINT((954.780637225304,-19.7204207429522,791.26008680172));
#354= IFCCARTESIANPOINT((986.189849696742,-22.2796424390901,752.477883389497));
#356= IFCCARTESIANPOINT((986.260087725187,-19.7204207502741,759.78063628401));
#358= IFCCARTESIANPOINT((924.572119466078,-22.4458347501585,799.142032589088));
#360= IFCCARTESIANPOINT((994.1420335267,-22.4458347496691,729.572118457417));
#362= IFCCARTESIANPOINT((966.363131338609,-23.0002881479654,771.363130353998));
#364= IFCCARTESIANPOINT((974.097215320787,-22.4845889144646,769.28243253406));
#366= IFCCARTESIANPOINT((962.007106118247,-22.315700803934,781.586486081097));
#368= IFCCARTESIANPOINT((1002.65051956211,-15.893584830651,100.5));
#370= IFCCARTESIANPOINT((1004.73726790652,-5.36625949657731,100.5));
#372= IFCCARTESIANPOINT((1004.73730396375,5.36589300611444,100.5));
#374= IFCCARTESIANPOINT((1002.6506263575,15.8932323618073,100.5));
#376= IFCCARTESIANPOINT((1002.6506263575,15.8932323618073,359.292723054568));
#378= IFCCARTESIANPOINT((1002.65051956211,-15.8935848306508,405.000425404152));
#380= IFCCARTESIANPOINT((1002.6506263575,15.8932323618072,580.103637112049));
#382= IFCCARTESIANPOINT((1005.00000679243,-0.000184090343310647,281.682978091826));
#384= IFCCARTESIANPOINT((1005.00000679243,-0.000184120497315812,541.228527163869));
#386= IFCCARTESIANPOINT((1002.6506263575,15.8932323618073,229.896361527284));
#388= IFCCARTESIANPOINT((1002.65051956211,-15.8935848306509,252.750212702076));
#390= IFCCARTESIANPOINT((1002.65051956211,-15.8935848306508,557.250638106228));
#392= IFCCARTESIANPOINT((1004.88399216907,-3.56825878221628,411.455752539193));
#394= IFCCARTESIANPOINT((1002.6506263575,15.8932323618072,469.6987595513));
#396= IFCCARTESIANPOINT((1004.56201301752,6.92302700023078,414.495403981376));
#398= IFCCARTESIANPOINT((1001.60890967198,18.2181318007044,100.5));
#400= IFCCARTESIANPOINT((1000.01352894195,20.2043572109081,100.5));
#402= IFCCARTESIANPOINT((997.968029658373,21.7229959878203,100.5));
#404= IFCCARTESIANPOINT((995.605171496444,22.6754834473069,100.5));
#406= IFCCARTESIANPOINT((1002.6506263575,15.8932323618077,321.334784418958));
#408= IFCCARTESIANPOINT((993.07831177321,23.,405.));
#410= IFCCARTESIANPOINT((993.07831177321,23.,599.082604532217));
#412= IFCCARTESIANPOINT((993.07831177321,23.,252.750007515124));
#414= IFCCARTESIANPOINT((1002.6506263575,15.8932323618077,515.417386595889));
#416= IFCCARTESIANPOINT((1002.6506263575,15.8932323618077,418.376085507424));
#418= IFCCARTESIANPOINT((1002.6506263575,15.8932323618077,210.917392209479));
#420= IFCCARTESIANPOINT((993.07831177321,23.,502.041309781233));
#422= IFCCARTESIANPOINT((1002.6506263575,15.8932323618077,369.855434963191));
#424= IFCCARTESIANPOINT((1002.6506263575,15.8932323618077,612.458687684354));
#426= IFCCARTESIANPOINT((993.07831177321,23.,155.708697053558));
#428= IFCCARTESIANPOINT((993.07831177321,23.,654.291301585775));
#430= IFCCARTESIANPOINT((1002.6506263575,15.8932323618077,155.70869610474));
#432= IFCCARTESIANPOINT((1002.6506263575,15.8932323618077,654.291302534594));
#434= IFCCARTESIANPOINT((993.07831177321,23.,328.875003417395));
#436= IFCCARTESIANPOINT((999.039338163782,21.0290824115159,633.374994713081));
#438= IFCCARTESIANPOINT((1002.6506263575,15.8932323618077,563.938037140122));
#440= IFCCARTESIANPOINT((993.07831177321,23.,550.561965012016));
#442= IFCCARTESIANPOINT((999.229448887387,20.8843840724946,345.595105842689));
#444= IFCCARTESIANPOINT((1002.6506263575,15.8932323618077,266.126088314219));
#446= IFCCARTESIANPOINT((998.412753929047,21.4583524924206,290.812497021073));
#448= IFCCARTESIANPOINT((998.743626306309,21.2404011577759,574.822277050048));
#450= IFCCARTESIANPOINT((999.039338390839,21.0290822429423,183.313042757219));
#452= IFCCARTESIANPOINT((999.0393383637,21.0290822630911,141.407825146031));
#454= IFCCARTESIANPOINT((999.118349859773,20.9698142960096,233.360526004002));
#456= IFCCARTESIANPOINT((993.07831177321,23.,204.229352284341));
#458= IFCCARTESIANPOINT((1002.6506263575,15.8932323618077,466.896736051656));
#460= IFCCARTESIANPOINT((993.07831177321,23.,453.52065455045));
#462= IFCCARTESIANPOINT((999.327175836989,20.8071568392357,491.157059644374));
#464= IFCCARTESIANPOINT((998.743626441991,21.2404010644936,429.260321294454));
#466= IFCCARTESIANPOINT((998.227216088279,21.5725599650439,532.559625511769));
#468= IFCCARTESIANPOINT((998.220826045995,21.5763947527044,387.091341512365));
#470= IFCCARTESIANPOINT((995.605071139442,-22.6757749910979,100.5));
#472= IFCCARTESIANPOINT((997.967918858605,-21.7232972782915,100.5));
#474= IFCCARTESIANPOINT((1000.01341254203,-20.2046733194319,100.5));
#476= IFCCARTESIANPOINT((1001.6087942672,-18.2184658055159,100.5));
#478= IFCCARTESIANPOINT((993.078224419047,-23.0002881479654,321.334779474436));
#480= IFCCARTESIANPOINT((1002.65051956211,-15.8935848306506,599.082610366538));
#482= IFCCARTESIANPOINT((993.078224419047,-23.0002881479654,515.417400665747));
#484= IFCCARTESIANPOINT((993.078224419047,-23.0002881479654,418.376090070091));
#486= IFCCARTESIANPOINT((993.078224419047,-23.0002881479654,210.917389737218));
#488= IFCCARTESIANPOINT((1002.65051956211,-15.8935848306507,502.041302908748));
#490= IFCCARTESIANPOINT((993.078224419047,-23.0002881479654,369.855434772264));
#492= IFCCARTESIANPOINT((993.078224419047,-23.0002881479654,612.458711261402));
#494= IFCCARTESIANPOINT((1002.65051956211,-15.8935848306509,155.708698005106));
#496= IFCCARTESIANPOINT((1002.65051956211,-15.8935848306506,654.291300634227));
#498= IFCCARTESIANPOINT((993.078224419047,-23.0002881479654,155.708683259747));
#500= IFCCARTESIANPOINT((993.078224419047,-23.0002881479654,654.291315379586));
#502= IFCCARTESIANPOINT((1002.65051956211,-15.8935848306508,328.874996588219));
#504= IFCCARTESIANPOINT((999.039224378653,-21.0293901825385,633.374993116839));
#506= IFCCARTESIANPOINT((993.078224419047,-23.0002881479654,563.938055963574));
#508= IFCCARTESIANPOINT((1002.65051956211,-15.8935848306507,550.561956637643));
#510= IFCCARTESIANPOINT((998.845709529598,-21.169505705331,345.595105551618));
#512= IFCCARTESIANPOINT((993.078224419047,-23.0002881479654,266.126096214689));
#514= IFCCARTESIANPOINT((999.631400363764,-20.5538227535379,290.81249681836));
#516= IFCCARTESIANPOINT((999.32706378388,-20.8074647562227,574.82227587368));
#518= IFCCARTESIANPOINT((999.039224038158,-21.0293904353299,183.313042589705));
#520= IFCCARTESIANPOINT((999.039224059106,-21.0293904197775,141.407830309506));
#522= IFCCARTESIANPOINT((998.959642157444,-21.0878666104267,233.360301754141));
#524= IFCCARTESIANPOINT((1002.65051956211,-15.8935848306508,204.229343996585));
#526= IFCCARTESIANPOINT((993.078224419047,-23.0002881479654,466.896745367919));
#528= IFCCARTESIANPOINT((1002.65051956211,-15.8935848306507,453.520649179853));
#530= IFCCARTESIANPOINT((998.743509719772,-21.2407094030585,491.157058738564));
#532= IFCCARTESIANPOINT((999.327063650861,-20.8074648626905,429.26032083981));
#534= IFCCARTESIANPOINT((999.794404309121,-20.4092643042343,532.559635076753));
#536= IFCCARTESIANPOINT((999.799923876801,-20.404257110598,387.091350147337));
#538= IFCCARTESIANPOINT((997.846691185502,-15.8935848306507,70.1698213109361));
#540= IFCCARTESIANPOINT((983.905438247413,-15.8935848306507,42.8085718347388));
#542= IFCCARTESIANPOINT((962.191427719848,-15.8935848306507,21.094561307173));
#544= IFCCARTESIANPOINT((934.83017824365,-15.8935848306507,7.15330836908435));
#546= IFCCARTESIANPOINT((904.499999554587,-15.8935848306514,2.34947999247406));
#548= IFCCARTESIANPOINT((904.499999554587,-5.36625949657765,0.262731648062422));
#550= IFCCARTESIANPOINT((904.499999554587,5.36589300611415,0.262695590838737));
#552= IFCCARTESIANPOINT((904.499999554586,15.8932323618075,2.34937319708745));
#554= IFCCARTESIANPOINT((934.83021124524,15.8932323618075,7.15320680063623));
#556= IFCCARTESIANPOINT((962.191490492601,15.8932323618075,21.0944749078905));
#558= IFCCARTESIANPOINT((983.905524646696,15.8932323618075,42.8085090619856));
#560= IFCCARTESIANPOINT((997.84679275395,15.8932323618075,70.1697883093468));
#562= IFCCARTESIANPOINT((999.594904230759,-0.000183898686352735,67.9852255207506));
#564= IFCCARTESIANPOINT((937.014773552236,-0.000183775080978399,5.40509515915866));
#566= IFCCARTESIANPOINT((975.564236389287,-0.000184148634010006,29.4357635803477));
#568= IFCCARTESIANPOINT((1002.37140782942,-7.79723210544447,80.2526976759539));
#570= IFCCARTESIANPOINT((996.804423742642,-8.17416253958273,62.3215829159814));
#572= IFCCARTESIANPOINT((989.779978826915,-0.895024271735223,47.338820800941));
#574= IFCCARTESIANPOINT((994.004199678821,8.30875042751064,56.1985692595269));
#576= IFCCARTESIANPOINT((983.786055471371,7.0345698644709,39.4814044785757));
#578= IFCCARTESIANPOINT((970.701994785975,8.40173707047072,25.7466960232925));
#580= IFCCARTESIANPOINT((952.011771223577,7.3980841047139,12.5082809963161));
#582= IFCCARTESIANPOINT((957.615660818776,-3.20088006824858,15.2930392520412));
#584= IFCCARTESIANPOINT((943.38512248077,-8.18953330587388,8.49357113962264));
#586= IFCCARTESIANPOINT((923.804313593502,-8.38036654641172,2.5267192694051));
#588= IFCCARTESIANPOINT((904.499999554587,18.2181318007045,3.39108988260731));
#590= IFCCARTESIANPOINT((904.499999554587,20.2043572109082,4.98647061263213));
#592= IFCCARTESIANPOINT((904.499999554587,21.7229959878204,7.03196989621351));
#594= IFCCARTESIANPOINT((904.499999554587,22.675483447307,9.39482805814245));
#596= IFCCARTESIANPOINT((995.084141746539,20.6347930364222,71.7515181792153));
#598= IFCCARTESIANPOINT((933.248481376671,20.6347930352878,9.9158578070532));
#600= IFCCARTESIANPOINT((971.386027918158,20.9903717762231,33.6139716475814));
#602= IFCCARTESIANPOINT((986.189942059016,22.2793463474801,57.5220607190446));
#604= IFCCARTESIANPOINT((986.260191445922,19.7200992532642,50.2193064869094));
#606= IFCCARTESIANPOINT((947.47793884473,22.2793463466521,18.8100574980749));
#608= IFCCARTESIANPOINT((954.780693066764,19.7200992523514,18.7398081071305));
#610= IFCCARTESIANPOINT((994.142134003543,22.445540897705,80.4278540336237));
#612= IFCCARTESIANPOINT((924.572145527912,22.4455408975469,10.8578655521334));
#614= IFCCARTESIANPOINT((966.363192311077,23.,38.6368072435091));
#616= IFCCARTESIANPOINT((974.097293051003,22.4842953813842,40.7174978068352));
#618= IFCCARTESIANPOINT((962.007173810146,22.3154053405044,28.4134308412526));
#620= IFCCARTESIANPOINT((904.499999554587,-22.6757749910979,9.39492841514473));
#622= IFCCARTESIANPOINT((904.499999554587,-21.7232972782916,7.0320806959811));
#624= IFCCARTESIANPOINT((904.499999554587,-20.204673319432,4.98658701255715));
#626= IFCCARTESIANPOINT((904.499999554587,-18.218465805516,3.39120528738497));
#628= IFCCARTESIANPOINT((995.08403067814,-20.6351053124908,71.7515512795576));
#630= IFCCARTESIANPOINT((933.24844830904,-20.6351053145394,9.91596888978173));
#632= IFCCARTESIANPOINT((971.385946926297,-20.9906803540699,33.6140525878781));
#634= IFCCARTESIANPOINT((986.1898496773,-22.2796424345115,57.5221151884005));
#636= IFCCARTESIANPOINT((986.260087781676,-19.7204207399371,50.2193624292717));
#638= IFCCARTESIANPOINT((947.477884334884,-22.279642438037,18.8101498707356));
#640= IFCCARTESIANPOINT((954.780637190939,-19.720420747259,18.7399118210678));
#642= IFCCARTESIANPOINT((994.142033524837,-22.4458347504984,80.4278801845143));
#644= IFCCARTESIANPOINT((924.572119377166,-22.4458347500089,10.8579660298952));
#646= IFCCARTESIANPOINT((966.363131302832,-23.0002881479654,38.6368682517546));
#648= IFCCARTESIANPOINT((964.282433484598,-22.48458891445,30.9027842640495));
#650= IFCCARTESIANPOINT((976.586487032801,-22.3157008045146,42.9928934844154));
#652= IFCCARTESIANPOINT((-904.499999753439,-15.893584830651,2.34947999247396));
#654= IFCCARTESIANPOINT((-904.499999753439,-5.36625949657731,0.262731648062405));
#656= IFCCARTESIANPOINT((-904.499999753439,5.36589300611449,0.262695590838787));
#658= IFCCARTESIANPOINT((-904.499999753439,15.8932323618073,2.3493731970874));
#660= IFCCARTESIANPOINT((130.670613616574,15.8932323618072,2.34937319708737));
#662= IFCCARTESIANPOINT((-0.0001924089585712,-15.8935848306509,2.34947999247391));
#664= IFCCARTESIANPOINT((-386.914663314067,-15.893584830651,2.34947999247393));
#666= IFCCARTESIANPOINT((-386.914693068432,15.8932323618073,2.34937319708739));
#668= IFCCARTESIANPOINT((386.91469286958,15.8932323618072,2.34937319708737));
#670= IFCCARTESIANPOINT((452.249903572814,-15.8935848306508,2.34947999247389));
#672= IFCCARTESIANPOINT((226.12504789146,-15.8935848306509,2.3494799924739));
#674= IFCCARTESIANPOINT((-645.707102364772,15.8932323618073,2.3493731970874));
#676= IFCCARTESIANPOINT((-645.707139224221,-15.893584830651,2.34947999247394));
#678= IFCCARTESIANPOINT((645.707102165919,15.8932323618072,2.34937319708736));
#680= IFCCARTESIANPOINT((645.707523644433,-15.8935848306508,2.34947999247388));
#682= IFCCARTESIANPOINT((-723.317022415236,-0.000184051437487005,-7.23784403764416E-6));
#684= IFCCARTESIANPOINT((723.317021191113,-0.000184097952764519,-7.23784388536597E-6));
#686= IFCCARTESIANPOINT((-516.311030222642,1.08158348019517,0.0106416174719805));
#688= IFCCARTESIANPOINT((522.830984422205,1.35208668644019,0.0166351514871653));
#690= IFCCARTESIANPOINT((339.18749953374,-2.21971499009206,0.0448583210297732));
#692= IFCCARTESIANPOINT((158.920930047408,-0.49723168522509,0.00224320650149954));
#694= IFCCARTESIANPOINT((-128.122283772093,15.8932323618073,2.34937319708738));
#696= IFCCARTESIANPOINT((1.27392087607678,15.8932323618072,2.34937319708738));
#698= IFCCARTESIANPOINT((-63.423898112019,0.0216403423323461,-2.97577465588894E-6));
#700= IFCCARTESIANPOINT((-193.457427861513,-15.8935848306509,2.34947999247392));
#702= IFCCARTESIANPOINT((-257.51838330047,2.46873288183299,0.0554947580187085));
#704= IFCCARTESIANPOINT((258.792409196913,15.8932323618072,2.34937319708737));
#706= IFCCARTESIANPOINT((-775.103307012942,15.8932323618073,2.3493731970874));
#708= IFCCARTESIANPOINT((-775.103761798362,-15.893584830651,2.34947999247395));
#710= IFCCARTESIANPOINT((775.10376159951,-15.8935848306508,2.34947999247388));
#712= IFCCARTESIANPOINT((775.103306814089,15.8932323618072,2.34937319708736));
#714= IFCCARTESIANPOINT((-622.821169322296,5.4924951980125,0.275269765924326));
#716= IFCCARTESIANPOINT((-611.954340298405,-5.50551841617887,0.276580122229774));
#718= IFCCARTESIANPOINT((-516.310901269144,-15.893584830651,2.34947999247394));
#720= IFCCARTESIANPOINT((-516.310897716602,15.8932323618073,2.34937319708739));
#722= IFCCARTESIANPOINT((516.31089751775,15.8932323618072,2.34937319708736));
#724= IFCCARTESIANPOINT((339.187668041669,-15.8935848306508,2.3494799924739));
#726= IFCCARTESIANPOINT((113.062427741251,-15.8935848306509,2.34947999247391));
#728= IFCCARTESIANPOINT((49.2448339051977,5.28211662406338,0.254537649078593));
#730= IFCCARTESIANPOINT((52.8364961847174,-5.964519891296,0.324764224621055));
#732= IFCCARTESIANPOINT((-257.518488420263,15.8932323618073,2.34937319708739));
#734= IFCCARTESIANPOINT((-383.864168154436,-3.12677303083536,0.0890534672151678));
#736= IFCCARTESIANPOINT((-422.545310038184,6.43209877886051,0.377863046648729));
#738= IFCCARTESIANPOINT((-904.499999753439,18.2181318007045,3.39108988260735));
#740= IFCCARTESIANPOINT((-904.499999753439,20.2043572109082,4.98647061263218));
#742= IFCCARTESIANPOINT((-904.499999753439,21.7229959878204,7.03196989621359));
#744= IFCCARTESIANPOINT((-904.499999753439,22.675483447307,9.39482805814252));
#746= IFCCARTESIANPOINT((-21.1608905575937,15.8932323618077,2.3493731970874));
#748= IFCCARTESIANPOINT((-9.94260849651596E-8,23.,11.9216877813763));
#750= IFCCARTESIANPOINT((462.830400989896,23.,11.9216877813763));
#752= IFCCARTESIANPOINT((-452.249970980508,23.,11.9216877813764));
#754= IFCCARTESIANPOINT((-226.124985539967,23.,11.9216877813764));
#756= IFCCARTESIANPOINT((441.669554498497,15.8932323618077,2.3493731970874));
#758= IFCCARTESIANPOINT((210.254366103563,15.8932323618077,2.3493731970874));
#760= IFCCARTESIANPOINT((-462.830445155517,15.8932323618077,2.3493731970874));
#762= IFCCARTESIANPOINT((94.5467377729844,15.8932323618077,2.3493731970874));
#764= IFCCARTESIANPOINT((231.415200445235,23.,11.9216877813763));
#766= IFCCARTESIANPOINT((673.084742893431,15.8932323618077,2.3493731970874));
#768= IFCCARTESIANPOINT((347.122771771641,23.,11.9216877813763));
#770= IFCCARTESIANPOINT((-241.995701989666,15.8932323618077,2.3493731970874));
#772= IFCCARTESIANPOINT((115.707629118829,23.,11.9216877813763));
#774= IFCCARTESIANPOINT((683.665229218166,23.,11.9216877813763));
#776= IFCCARTESIANPOINT((325.961926167919,15.8932323618077,2.3493731970874));
#778= IFCCARTESIANPOINT((-683.665188321367,15.8932323618077,2.3493731970874));
#780= IFCCARTESIANPOINT((-678.374956421048,23.,11.9216877813764));
#782= IFCCARTESIANPOINT((-565.312463700778,23.,11.9216877813764));
#784= IFCCARTESIANPOINT((-573.247850871553,15.8932323618077,2.3493731970874));
#786= IFCCARTESIANPOINT((794.082585440452,23.,11.9216877813763));
#788= IFCCARTESIANPOINT((788.792371224009,15.8932323618077,2.3493731970874));
#790= IFCCARTESIANPOINT((730.938591191831,15.8932323618077,2.3493731970874));
#792= IFCCARTESIANPOINT((-794.082585639304,23.,11.9216877813764));
#794= IFCCARTESIANPOINT((-794.082594037403,15.8932323618077,2.3493731970874));
#796= IFCCARTESIANPOINT((-849.291331028532,15.8932323618077,2.3493731970874));
#798= IFCCARTESIANPOINT((849.291263551594,23.,11.9216877813763));
#800= IFCCARTESIANPOINT((-849.291263750447,23.,11.9216877813764));
#802= IFCCARTESIANPOINT((849.29133082968,15.8932323618077,2.3493731970874));
#804= IFCCARTESIANPOINT((573.247815104031,23.,11.9216877813763));
#806= IFCCARTESIANPOINT((557.377182829075,15.8932323618077,2.3493731970874));
#808= IFCCARTESIANPOINT((499.523334530675,15.8932323618077,2.3493731970874));
#810= IFCCARTESIANPOINT((-352.41303943948,15.8932323618077,2.3493731970874));
#812= IFCCARTESIANPOINT((-339.187478260237,23.,11.9216877813764));
#814= IFCCARTESIANPOINT((-282.656260846027,23.,11.9216877813764));
#816= IFCCARTESIANPOINT((-131.57829627363,15.8932323618077,2.3493731970874));
#818= IFCCARTESIANPOINT((-113.062492819697,23.,11.9216877813763));
#820= IFCCARTESIANPOINT((-56.5312754054862,23.,11.9216877813763));
#822= IFCCARTESIANPOINT((-76.3695592825009,15.8932323618077,2.3493731970874));
#824= IFCCARTESIANPOINT((518.039079101039,23.,11.9216877813763));
#826= IFCCARTESIANPOINT((-297.204370714573,15.8932323618077,2.3493731970874));
#828= IFCCARTESIANPOINT((738.873907329309,23.,11.9216877813763));
#830= IFCCARTESIANPOINT((-821.686957262631,21.0290822417631,5.96066116215929));
#832= IFCCARTESIANPOINT((-863.592174746309,21.0290822532489,5.96066117762988));
#834= IFCCARTESIANPOINT((821.686956465506,21.0290824205226,5.96066140293567));
#836= IFCCARTESIANPOINT((863.5921744213,21.0290823457303,5.96066130219579));
#838= IFCCARTESIANPOINT((-736.228771030176,23.,11.9216877813764));
#840= IFCCARTESIANPOINT((-770.482565690449,21.0290822434445,5.96066116442402));
#842= IFCCARTESIANPOINT((-738.873857046274,15.8932323618077,2.3493731970874));
#844= IFCCARTESIANPOINT((-711.269567327182,20.9645369720727,5.87469259198704));
#846= IFCCARTESIANPOINT((766.478259307106,21.1491159522047,6.12583502293485));
#848= IFCCARTESIANPOINT((-661.879039273689,20.9347588548102,5.83567086421119));
#850= IFCCARTESIANPOINT((-621.843681114989,23.,11.9216877813764));
#852= IFCCARTESIANPOINT((-628.45651959646,15.8932323618077,2.3493731970874));
#854= IFCCARTESIANPOINT((717.705389476524,21.1531065326621,6.13144997390474));
#856= IFCCARTESIANPOINT((-600.85217739166,20.878505626437,5.76302322692861));
#858= IFCCARTESIANPOINT((-552.080397857641,20.9014893765972,5.79253893088072));
#860= IFCCARTESIANPOINT((-508.781246286568,23.,11.9216877813764));
#862= IFCCARTESIANPOINT((-518.039182146646,15.8932323618077,2.3493731970874));
#864= IFCCARTESIANPOINT((-490.434787455292,20.8287023870892,5.69983765987765));
#866= IFCCARTESIANPOINT((-442.130667093149,20.8762547128192,5.76014481724776));
#868= IFCCARTESIANPOINT((-395.718695674448,23.,11.9216877813764));
#870= IFCCARTESIANPOINT((-407.621708164387,15.8932323618077,2.3493731970874));
#872= IFCCARTESIANPOINT((-324.80870254935,20.7658451950543,5.62155695682506));
#874= IFCCARTESIANPOINT((-375.092754135627,20.9879011373058,5.90558975851814));
#876= IFCCARTESIANPOINT((-276.961118599351,20.8517652958907,5.7289677216404));
#878= IFCCARTESIANPOINT((-103.973922670083,20.7050130403524,5.5473035720578));
#880= IFCCARTESIANPOINT((-169.593710233907,23.,11.9216877813763));
#882= IFCCARTESIANPOINT((-186.787033264759,15.8932323618077,2.3493731970874));
#884= IFCCARTESIANPOINT((-153.244962803509,20.9349274257387,5.83589064802809));
#886= IFCCARTESIANPOINT((-56.3526071090143,20.8405994031615,5.71483664741532));
#888= IFCCARTESIANPOINT((545.643472961484,21.3073699102971,6.35503661810943));
#890= IFCCARTESIANPOINT((615.230962861253,15.8932323618077,2.3493731970874));
#892= IFCCARTESIANPOINT((595.645635529298,21.0831691357835,6.03421152050465));
#894= IFCCARTESIANPOINT((628.456551107023,23.,11.9216877813763));
#896= IFCCARTESIANPOINT((497.996378848338,21.2093012986435,6.21140125720779));
#898= IFCCARTESIANPOINT((656.060864150241,21.2413165586759,6.25770496186631));
#900= IFCCARTESIANPOINT((-214.391312610635,20.732088741856,5.58017347578081));
#902= IFCCARTESIANPOINT((-9.73062446872926,21.0124743630038,5.93835638639104));
#904= IFCCARTESIANPOINT((57.8538145097016,23.,11.9216877813763));
#906= IFCCARTESIANPOINT((36.6929577408065,15.8932323618077,2.3493731970874));
#908= IFCCARTESIANPOINT((86.7807015592764,21.3722738500188,6.45313856057726));
#910= IFCCARTESIANPOINT((152.400517805162,15.8932323618077,2.3493731970874));
#912= IFCCARTESIANPOINT((173.561385836107,23.,11.9216877813763));
#914= IFCCARTESIANPOINT((135.684207767301,21.0838755964648,6.03518157303075));
#916= IFCCARTESIANPOINT((39.5123464751148,21.1778654301088,6.16647127745215));
#918= IFCCARTESIANPOINT((202.488310344662,21.3722738532593,6.45313856553844));
#920= IFCCARTESIANPOINT((268.10814613574,15.8932323618077,2.3493731970874));
#922= IFCCARTESIANPOINT((289.269015054362,23.,11.9216877813763));
#924= IFCCARTESIANPOINT((251.391816477615,21.0838755999057,6.03518157775618));
#926= IFCCARTESIANPOINT((318.195919153472,21.3722738630359,6.45313858050624));
#928= IFCCARTESIANPOINT((383.815774466318,15.8932323618077,2.3493731970874));
#930= IFCCARTESIANPOINT((404.976586380768,23.,11.9216877813763));
#932= IFCCARTESIANPOINT((367.099425219829,21.0838756123256,6.0351815948122));
#934= IFCCARTESIANPOINT((433.903528023631,21.3722738858492,6.45313861543314));
#936= IFCCARTESIANPOINT((-904.499999753439,-22.6757749910979,9.39492841514467));
#938= IFCCARTESIANPOINT((-904.499999753439,-21.7232972782915,7.03208069598105));
#940= IFCCARTESIANPOINT((-904.499999753439,-20.2046733194319,4.98658701255711));
#942= IFCCARTESIANPOINT((-904.499999753439,-18.218465805516,3.39120528738494));
#944= IFCCARTESIANPOINT((-21.1608114967533,-23.0002881479654,11.9217751355393));
#946= IFCCARTESIANPOINT((462.830437358617,-15.8935848306507,2.3494799924734));
#948= IFCCARTESIANPOINT((-452.250008329361,-15.8935848306508,2.34947999247345));
#950= IFCCARTESIANPOINT((-226.124995811466,-15.8935848306508,2.34947999247344));
#952= IFCCARTESIANPOINT((441.669594028917,-23.0002881479654,11.9217751355393));
#954= IFCCARTESIANPOINT((210.254391266082,-23.0002881479654,11.9217751355393));
#956= IFCCARTESIANPOINT((-462.83030664706,-23.0002881479654,11.9217751355393));
#958= IFCCARTESIANPOINT((94.5466909066275,-23.0002881479654,11.9217751355393));
#960= IFCCARTESIANPOINT((231.41524383838,-15.8935848306507,2.34947999247341));
#962= IFCCARTESIANPOINT((673.084796791752,-23.0002881479654,11.9217751355393));
#964= IFCCARTESIANPOINT((347.122823792642,-15.8935848306507,2.3494799924734));
#966= IFCCARTESIANPOINT((-241.995658049943,-23.0002881479654,11.9217751355393));
#968= IFCCARTESIANPOINT((115.707630272405,-15.8935848306507,2.34947999247342));
#970= IFCCARTESIANPOINT((683.665201650746,-15.8935848306506,2.34947999247338));
#972= IFCCARTESIANPOINT((325.962091625536,-23.0002881479654,11.9217751355393));
#974= IFCCARTESIANPOINT((-683.66515320025,-23.0002881479654,11.9217751355393));
#976= IFCCARTESIANPOINT((-678.375020847256,-15.8935848306509,2.34947999247346));
#978= IFCCARTESIANPOINT((-565.312514588309,-15.8935848306509,2.34947999247346));
#980= IFCCARTESIANPOINT((-573.247828901691,-23.0002881479654,11.9217751355393));
#982= IFCCARTESIANPOINT((794.082600602666,-15.8935848306506,2.34947999247338));
#984= IFCCARTESIANPOINT((788.792497151206,-23.0002881479654,11.9217751355393));
#986= IFCCARTESIANPOINT((730.938646971479,-23.0002881479654,11.9217751355393));
#988= IFCCARTESIANPOINT((-794.082600801519,-15.8935848306509,2.34947999247347));
#990= IFCCARTESIANPOINT((-794.082477498808,-23.0002881479654,11.9217751355393));
#992= IFCCARTESIANPOINT((-849.291238626124,-23.0002881479654,11.9217751355393));
#994= IFCCARTESIANPOINT((849.29128327277,-15.8935848306506,2.34947999247337));
#996= IFCCARTESIANPOINT((-849.291317083335,-15.8935848306509,2.34947999247347));
#998= IFCCARTESIANPOINT((849.291436383344,-23.0002881479654,11.9217751355393));
#1000= IFCCARTESIANPOINT((573.247836310538,-15.8935848306506,2.34947999247339));
#1002= IFCCARTESIANPOINT((557.377096432298,-23.0002881479654,11.9217751355393));
#1004= IFCCARTESIANPOINT((499.52324625257,-23.0002881479654,11.9217751355393));
#1006= IFCCARTESIANPOINT((-352.412982348501,-23.0002881479654,11.9217751355393));
#1008= IFCCARTESIANPOINT((-339.187502070413,-15.8935848306508,2.34947999247344));
#1010= IFCCARTESIANPOINT((-282.656265746796,-15.8935848306508,2.34947999247344));
#1012= IFCCARTESIANPOINT((-131.578135795312,-23.0002881479654,11.9217751355393));
#1014= IFCCARTESIANPOINT((-113.062489552518,-15.8935848306508,2.34947999247343));
#1016= IFCCARTESIANPOINT((-56.5312532289002,-15.8935848306508,2.34947999247343));
#1018= IFCCARTESIANPOINT((-76.3693746679958,-23.0002881479654,11.9217751355393));
#1020= IFCCARTESIANPOINT((518.039120028722,-15.8935848306507,2.34947999247339));
#1022= IFCCARTESIANPOINT((-297.204419177259,-23.0002881479654,11.9217751355393));
#1024= IFCCARTESIANPOINT((738.873917932562,-15.8935848306506,2.34947999247338));
#1026= IFCCARTESIANPOINT((-821.68695728725,-21.0293904346489,5.96077551551134));
#1028= IFCCARTESIANPOINT((-863.59216951169,-21.0293904265352,5.9607755045827));
#1030= IFCCARTESIANPOINT((821.686956828015,-21.0293902717738,5.9607752961285));
#1032= IFCCARTESIANPOINT((863.592169314873,-21.0293903478948,5.96077539865889));
#1034= IFCCARTESIANPOINT((-736.228810824388,-15.8935848306509,2.34947999247347));
#1036= IFCCARTESIANPOINT((-770.482959287011,-21.0293904335199,5.96077551399054));
#1038= IFCCARTESIANPOINT((-738.873716371492,-23.0002881479654,11.9217751355393));
#1040= IFCCARTESIANPOINT((-711.269567352174,-21.0930078479686,6.04743365268515));
#1042= IFCCARTESIANPOINT((766.478259564186,-20.906009215684,5.79808552882089));
#1044= IFCCARTESIANPOINT((-661.879398791261,-21.1217434694025,6.08722601312187));
#1046= IFCCARTESIANPOINT((-621.843750911926,-15.8935848306509,2.34947999247346));
#1048= IFCCARTESIANPOINT((-628.456590029007,-23.0002881479654,11.9217751355393));
#1050= IFCCARTESIANPOINT((717.705733841857,-20.9017915646799,5.79264438512702));
#1052= IFCCARTESIANPOINT((-600.852177417072,-21.1750104422575,6.16209498719742));
#1054= IFCCARTESIANPOINT((-552.080743335642,-21.1534043519521,6.13155094607221));
#1056= IFCCARTESIANPOINT((-508.781278264691,-15.8935848306509,2.34947999247345));
#1058= IFCCARTESIANPOINT((-518.039067774375,-23.0002881479654,11.9217751355393));
#1060= IFCCARTESIANPOINT((-490.434787481616,-21.2210844287339,6.22804977246606));
#1062= IFCCARTESIANPOINT((-442.13099971518,-21.1771113696543,6.16507799210281));
#1064= IFCCARTESIANPOINT((-395.718738394031,-15.8935848306508,2.34947999247345));
#1066= IFCCARTESIANPOINT((-407.621545519744,-23.0002881479654,11.9217751355393));
#1068= IFCCARTESIANPOINT((-324.808702577844,-21.2778311348428,6.31086771334838));
#1070= IFCCARTESIANPOINT((-375.09252616783,-21.0701828649087,6.01611689471203));
#1072= IFCCARTESIANPOINT((-276.961434091921,-21.1998687824749,6.19753916746658));
#1074= IFCCARTESIANPOINT((-103.973922704154,-21.3313086456959,6.39058200327628));
#1076= IFCCARTESIANPOINT((-169.593725876136,-15.8935848306508,2.34947999247343));
#1078= IFCCARTESIANPOINT((-186.786896922627,-23.0002881479654,11.9217751355393));
#1080= IFCCARTESIANPOINT((-153.244720965879,-21.1215752654079,6.08699188711764));
#1082= IFCCARTESIANPOINT((-56.3529028459241,-21.2101638222528,6.21231444185345));
#1084= IFCCARTESIANPOINT((545.643472318475,-20.7323966085098,5.58028487264542));
#1086= IFCCARTESIANPOINT((615.230946612025,-23.0002881479654,11.9217751355393));
#1088= IFCCARTESIANPOINT((595.645402717731,-20.9746433789506,5.8877334842032));
#1090= IFCCARTESIANPOINT((628.456518980642,-15.8935848306506,2.34947999247339));
#1092= IFCCARTESIANPOINT((497.996678408707,-20.8415208384772,5.71572406474971));
#1094= IFCCARTESIANPOINT((656.060863069074,-20.8064548726453,5.6716742510335));
#1096= IFCCARTESIANPOINT((-214.391312641392,-21.3076781745629,6.35515399287224));
#1098= IFCCARTESIANPOINT((-9.73116685772747,-21.0459256824364,5.98311226718992));
#1100= IFCCARTESIANPOINT((57.8538402952734,-15.8935848306507,2.34947999247342));
#1102= IFCCARTESIANPOINT((36.6928407269004,-23.0002881479654,11.9217751355393));
#1104= IFCCARTESIANPOINT((86.7807013142093,-20.6572684192718,5.48977287148307));
#1106= IFCCARTESIANPOINT((152.400541086354,-23.0002881479654,11.9217751355393));
#1108= IFCCARTESIANPOINT((173.561420249536,-15.8935848306507,2.34947999247341));
#1110= IFCCARTESIANPOINT((135.683967475664,-20.973918306808,5.88677537663322));
#1112= IFCCARTESIANPOINT((39.5126288183456,-20.875434489742,5.75881561144676));
#1114= IFCCARTESIANPOINT((202.488310036986,-20.6572684163555,5.48977286801136));
#1116= IFCCARTESIANPOINT((268.108241445809,-23.0002881479654,11.9217751355393));
#1118= IFCCARTESIANPOINT((289.269033815511,-15.8935848306507,2.34947999247341));
#1120= IFCCARTESIANPOINT((251.391576111231,-20.9739183055064,5.88677537491362));
#1122= IFCCARTESIANPOINT((318.19591877123,-20.6572684078976,5.48977285794264));
#1124= IFCCARTESIANPOINT((383.815941805263,-23.0002881479654,11.9217751355393));
#1126= IFCCARTESIANPOINT((404.976647381486,-15.8935848306507,2.3494799924734));
#1128= IFCCARTESIANPOINT((367.099184761959,-20.973918297634,5.88677536451229));
#1130= IFCCARTESIANPOINT((433.903527536408,-20.6572683879973,5.48977283425225));
#1132= IFCCARTESIANPOINT((-934.830178442503,-15.8935848306507,7.1533083690844));
#1134= IFCCARTESIANPOINT((-962.1914279187,-15.8935848306507,21.0945613071729));
#1136= IFCCARTESIANPOINT((-983.905438446266,-15.8935848306507,42.8085718347383));
#1138= IFCCARTESIANPOINT((-997.846691384355,-15.8935848306507,70.1698213109353));
#1140= IFCCARTESIANPOINT((-1002.65051976097,-15.8935848306514,100.499999999999));
#1142= IFCCARTESIANPOINT((-1004.73726810538,-5.36625949657765,100.499999999999));
#1144= IFCCARTESIANPOINT((-1004.7373041626,5.36589300611415,100.499999999999));
#1146= IFCCARTESIANPOINT((-1002.65062655635,15.8932323618075,100.499999999999));
#1148= IFCCARTESIANPOINT((-997.846792952803,15.8932323618075,70.169788309346));
#1150= IFCCARTESIANPOINT((-983.905524845548,15.8932323618075,42.8085090619852));
#1152= IFCCARTESIANPOINT((-962.191490691453,15.8932323618075,21.0944749078903));
#1154= IFCCARTESIANPOINT((-934.830211444092,15.8932323618075,7.15320680063626));
#1156= IFCCARTESIANPOINT((-937.014774232689,-0.000183898686352735,5.40509532382742));
#1158= IFCCARTESIANPOINT((-999.59490459428,-0.000183775080978399,67.9852260023501));
#1160= IFCCARTESIANPOINT((-975.564236173091,-0.000184148634010006,29.4357631652991));
#1162= IFCCARTESIANPOINT((-924.747302077486,-7.79723210544442,2.62859172516631));
#1164= IFCCARTESIANPOINT((-942.678416837458,-8.17416253958278,8.19557581194453));
#1166= IFCCARTESIANPOINT((-957.661178952498,-0.895024271735273,15.2200207276714));
#1168= IFCCARTESIANPOINT((-948.801430493912,8.30875042751064,10.9957998757659));
#1170= IFCCARTESIANPOINT((-965.518595274864,7.03456986447085,21.2139440832155));
#1172= IFCCARTESIANPOINT((-979.253303730147,8.40173707047058,34.2980047686112));
#1174= IFCCARTESIANPOINT((-992.491718757123,7.39808410471415,52.9882283310096));
#1176= IFCCARTESIANPOINT((-989.706960501398,-3.20088006824814,47.3843387358098));
#1178= IFCCARTESIANPOINT((-996.506428613816,-8.18953330587383,61.6148770738157));
#1180= IFCCARTESIANPOINT((-1002.47328048403,-8.38036654641167,81.1956859610841));
#1182= IFCCARTESIANPOINT((-1001.60890987083,18.2181318007044,100.499999999999));
#1184= IFCCARTESIANPOINT((-1000.01352914081,20.2043572109081,100.499999999999));
#1186= IFCCARTESIANPOINT((-997.968029857226,21.7229959878204,100.499999999999));
#1188= IFCCARTESIANPOINT((-995.605171695297,22.675483447307,100.499999999999));
#1190= IFCCARTESIANPOINT((-933.248481574224,20.6347930364222,9.91585780804755));
#1192= IFCCARTESIANPOINT((-995.084141946386,20.6347930352878,71.751518177915));
#1194= IFCCARTESIANPOINT((-971.386028105857,20.9903717762231,33.6139716364284));
#1196= IFCCARTESIANPOINT((-947.477939034394,22.2793463474801,18.81005749557));
#1198= IFCCARTESIANPOINT((-954.78069326653,19.7200992532643,18.7398081086644));
#1200= IFCCARTESIANPOINT((-986.189942255364,22.2793463466521,57.5220607098563));
#1202= IFCCARTESIANPOINT((-986.260191646309,19.7200992523514,50.2193064878221));
#1204= IFCCARTESIANPOINT((-924.572145719816,22.445540897705,10.8578655510433));
#1206= IFCCARTESIANPOINT((-994.142134201306,22.4455408975469,80.4278540266739));
#1208= IFCCARTESIANPOINT((-966.36319250993,23.,38.6368072435088));
#1210= IFCCARTESIANPOINT((-964.282501946604,22.4842953813842,30.9027065035828));
#1212= IFCCARTESIANPOINT((-976.586568912186,22.3154053405044,42.99282574444));
#1214= IFCCARTESIANPOINT((-995.605071338295,-22.6757749910979,100.499999999999));
#1216= IFCCARTESIANPOINT((-997.967919057458,-21.7232972782915,100.499999999999));
#1218= IFCCARTESIANPOINT((-1000.01341274088,-20.2046733194319,100.499999999999));
#1220= IFCCARTESIANPOINT((-1001.60879446605,-18.218465805516,100.499999999999));
#1222= IFCCARTESIANPOINT((-933.248448473882,-20.6351053124909,9.915968876447));
#1224= IFCCARTESIANPOINT((-995.084030863658,-20.6351053145393,71.7515512455465));
#1226= IFCCARTESIANPOINT((-971.385947165561,-20.9906803540699,33.6140526282887));
#1228= IFCCARTESIANPOINT((-947.477884565039,-22.2796424345115,18.8101498772868));
#1230= IFCCARTESIANPOINT((-954.780637324168,-19.7204207399372,18.7399117729103));
#1232= IFCCARTESIANPOINT((-986.189849882703,-22.2796424380369,57.522115219702));
#1234= IFCCARTESIANPOINT((-986.260087932372,-19.7204207472589,50.2193623636478));
#1236= IFCCARTESIANPOINT((-924.572119568925,-22.4458347504984,10.8579660297497));
#1238= IFCCARTESIANPOINT((-994.142033723544,-22.4458347500089,80.4278801774198));
#1240= IFCCARTESIANPOINT((-966.363131501684,-23.0002881479654,38.6368682517544));
#1242= IFCCARTESIANPOINT((-974.097215489389,-22.48458891445,40.7175660699884));
#1244= IFCCARTESIANPOINT((-962.007106269024,-22.3157008045146,28.4135125217858));
#1246= IFCCARTESIANPOINT((-1002.65051976096,-15.893584830651,709.500000667472));
#1248= IFCCARTESIANPOINT((-1004.73726810538,-5.36625949657731,709.500000667472));
#1250= IFCCARTESIANPOINT((-1004.7373041626,5.36589300611449,709.500000667472));
#1252= IFCCARTESIANPOINT((-1002.65062655635,15.8932323618073,709.500000667473));
#1254= IFCCARTESIANPOINT((-1002.65062655635,15.8932323618073,450.708435687041));
#1256= IFCCARTESIANPOINT((-1002.65051976096,-15.8935848306509,405.));
#1258= IFCCARTESIANPOINT((-1002.65062655635,15.8932323618072,229.896361958209));
#1260= IFCCARTESIANPOINT((-1005.00000699128,-0.000184090343310647,528.317022575646));
#1262= IFCCARTESIANPOINT((-1005.00000699128,-0.000184120497315812,268.771471475463));
#1264= IFCCARTESIANPOINT((-1002.65062655635,15.8932323618073,580.103638709263));
#1266= IFCCARTESIANPOINT((-1002.65051976096,-15.893584830651,557.250426585687));
#1268= IFCCARTESIANPOINT((-1002.65051976097,-15.8935848306508,252.749574081785));
#1270= IFCCARTESIANPOINT((-1004.8839923725,-3.56825871199769,398.54424711421));
#1272= IFCCARTESIANPOINT((-1002.65062655635,15.8932323618072,340.302398822625));
#1274= IFCCARTESIANPOINT((-1004.56201321001,6.92302705031553,395.504596179062));
#1276= IFCCARTESIANPOINT((-1001.60890987083,18.2181318007045,709.500000667473));
#1278= IFCCARTESIANPOINT((-1000.01352914081,20.2043572109082,709.500000667473));
#1280= IFCCARTESIANPOINT((-997.968029857225,21.7229959878204,709.500000667473));
#1282= IFCCARTESIANPOINT((-995.605171695296,22.675483447307,709.500000667473));
#1284= IFCCARTESIANPOINT((-1002.65062655635,15.8932323618077,488.66522353547));
#1286= IFCCARTESIANPOINT((-993.078311972062,23.,405.));
#1288= IFCCARTESIANPOINT((-993.078311972063,23.,210.917394474837));
#1290= IFCCARTESIANPOINT((-993.078311972062,23.,557.249992645314));
#1292= IFCCARTESIANPOINT((-1002.65062655635,15.8932323618077,294.582616700991));
#1294= IFCCARTESIANPOINT((-1002.65062655635,15.8932323618077,391.62392011823));
#1296= IFCCARTESIANPOINT((-1002.65062655635,15.8932323618077,599.082607168215));
#1298= IFCCARTESIANPOINT((-993.078311972063,23.,307.958689548995));
#1300= IFCCARTESIANPOINT((-1002.65062655635,15.8932323618077,440.144576760106));
#1302= IFCCARTESIANPOINT((-1002.65062655635,15.8932323618077,197.541303417239));
#1304= IFCCARTESIANPOINT((-993.078311972062,23.,654.291303430054));
#1306= IFCCARTESIANPOINT((-993.078311972063,23.,155.708697237418));
#1308= IFCCARTESIANPOINT((-1002.65062655635,15.8932323618077,654.2913088511));
#1310= IFCCARTESIANPOINT((-1002.65062655635,15.8932323618077,155.708691816372));
#1312= IFCCARTESIANPOINT((-993.078311972062,23.,481.124996489525));
#1314= IFCCARTESIANPOINT((-999.039338362635,21.0290824115159,176.625004179769));
#1316= IFCCARTESIANPOINT((-1002.65062655635,15.8932323618077,246.061960059115));
#1318= IFCCARTESIANPOINT((-993.078311972063,23.,259.438034156625));
#1320= IFCCARTESIANPOINT((-999.229449102909,20.8843840594893,464.404894698025));
#1322= IFCCARTESIANPOINT((-1002.65062655635,15.8932323618077,543.873915351842));
#1324= IFCCARTESIANPOINT((-998.412754048386,21.4583525425677,519.187503012606));
#1326= IFCCARTESIANPOINT((-998.743626510033,21.2404011544265,235.177721716043));
#1328= IFCCARTESIANPOINT((-999.039338589691,21.0290822429424,626.686957910254));
#1330= IFCCARTESIANPOINT((-999.039338562552,21.0290822630912,668.592175521442));
#1332= IFCCARTESIANPOINT((-999.118350051732,20.9698143012338,576.639474562162));
#1334= IFCCARTESIANPOINT((-993.078311972062,23.,605.770648037684));
#1336= IFCCARTESIANPOINT((-1002.65062655635,15.8932323618077,343.103263476354));
#1338= IFCCARTESIANPOINT((-993.078311972062,23.,356.479344941366));
#1340= IFCCARTESIANPOINT((-999.327176031226,20.8071568429301,318.842940135788));
#1342= IFCCARTESIANPOINT((-998.743626645715,21.2404010611442,380.73967823219));
#1344= IFCCARTESIANPOINT((-998.227216326437,21.5725599414361,277.440373728981));
#1346= IFCCARTESIANPOINT((-998.220826285803,21.5763947281468,422.908658513264));
#1348= IFCCARTESIANPOINT((-995.605071338294,-22.6757749910979,709.500000667473));
#1350= IFCCARTESIANPOINT((-997.967919057457,-21.7232972782915,709.500000667473));
#1352= IFCCARTESIANPOINT((-1000.01341274088,-20.2046733194319,709.500000667473));
#1354= IFCCARTESIANPOINT((-1001.60879446605,-18.218465805516,709.500000667473));
#1356= IFCCARTESIANPOINT((-993.078224617899,-23.0002881479654,488.665231696335));
#1358= IFCCARTESIANPOINT((-1002.65051976097,-15.8935848306506,210.917388640515));
#1360= IFCCARTESIANPOINT((-993.0782246179,-23.0002881479654,294.582604239292));
#1362= IFCCARTESIANPOINT((-993.078224617899,-23.0002881479654,391.623929576689));
#1364= IFCCARTESIANPOINT((-993.078224617899,-23.0002881479654,599.082604573029));
#1366= IFCCARTESIANPOINT((-1002.65051976097,-15.8935848306507,307.95869642148));
#1368= IFCCARTESIANPOINT((-993.078224617899,-23.0002881479654,440.144569027637));
#1370= IFCCARTESIANPOINT((-993.0782246179,-23.0002881479654,197.541302119646));
#1372= IFCCARTESIANPOINT((-1002.65051976096,-15.8935848306509,654.291302478507));
#1374= IFCCARTESIANPOINT((-1002.65051976097,-15.8935848306506,155.708698188965));
#1376= IFCCARTESIANPOINT((-993.078224617899,-23.0002881479654,654.291302620251));
#1378= IFCCARTESIANPOINT((-993.0782246179,-23.0002881479654,155.708698047221));
#1380= IFCCARTESIANPOINT((-1002.65051976097,-15.8935848306508,481.125003318701));
#1382= IFCCARTESIANPOINT((-999.039224577505,-21.0293901825385,176.625005776011));
#1384= IFCCARTESIANPOINT((-993.0782246179,-23.0002881479654,246.061964788344));
#1386= IFCCARTESIANPOINT((-1002.65051976097,-15.8935848306507,259.438042530998));
#1388= IFCCARTESIANPOINT((-998.845709711178,-21.1695057175252,464.404894989096));
#1390= IFCCARTESIANPOINT((-993.078224617899,-23.0002881479654,543.873906525807));
#1392= IFCCARTESIANPOINT((-999.631400633625,-20.5538226919335,519.187503215319));
#1394= IFCCARTESIANPOINT((-999.327063978116,-20.8074647599171,235.177722892412));
#1396= IFCCARTESIANPOINT((-999.03922423701,-21.0293904353299,626.686958077769));
#1398= IFCCARTESIANPOINT((-999.039224257958,-21.0293904197776,668.592170357967));
#1400= IFCCARTESIANPOINT((-998.959642363291,-21.0878666053398,576.639698812022));
#1402= IFCCARTESIANPOINT((-1002.65051976096,-15.8935848306508,605.77065632544));
#1404= IFCCARTESIANPOINT((-993.078224617899,-23.0002881479654,343.103266907991));
#1406= IFCCARTESIANPOINT((-1002.65051976097,-15.8935848306507,356.479350311962));
#1408= IFCCARTESIANPOINT((-998.743509923496,-21.2407093997092,318.842941041597));
#1410= IFCCARTESIANPOINT((-999.327063845097,-20.8074648663849,380.739678686834));
#1412= IFCCARTESIANPOINT((-999.794404474004,-20.4092643350283,277.440364163997));
#1414= IFCCARTESIANPOINT((-999.799924040297,-20.404257142697,422.908649878293));
#1416= IFCCARTESIANPOINT((-997.846691377553,-15.8935848306507,739.830179377467));
#1418= IFCCARTESIANPOINT((-983.905438420393,-15.8935848306507,767.191428868344));
#1420= IFCCARTESIANPOINT((-962.191427865285,-15.8935848306507,788.905439399108));
#1422= IFCCARTESIANPOINT((-934.830178358779,-15.8935848306507,802.846692325592));
#1424= IFCCARTESIANPOINT((-904.499999643399,-15.8935848306514,807.650520674999));
#1426= IFCCARTESIANPOINT((-904.499999641059,-5.36625949657769,809.737269019411));
#1428= IFCCARTESIANPOINT((-904.499999641059,5.36589300611415,809.737305076634));
#1430= IFCCARTESIANPOINT((-904.499999643398,15.8932323618075,807.650627470386));
#1432= IFCCARTESIANPOINT((-934.830211360368,15.8932323618075,802.84679389404));
#1434= IFCCARTESIANPOINT((-962.191490638038,15.8932323618075,788.90552579839));
#1436= IFCCARTESIANPOINT((-983.905524819676,15.8932323618075,767.191491641097));
#1438= IFCCARTESIANPOINT((-997.846792946001,15.8932323618075,739.830212379057));
#1440= IFCCARTESIANPOINT((-999.594904429966,-0.000183898686352735,742.014775145684));
#1442= IFCCARTESIANPOINT((-937.014773643435,-0.000183775080931869,804.594905545123));
#1444= IFCCARTESIANPOINT((-975.564236548303,-0.000184148634010006,780.564237126961));
#1446= IFCCARTESIANPOINT((-1002.37140802733,-7.79723210890472,729.747302993627));
#1448= IFCCARTESIANPOINT((-996.804423942889,-8.17416253714831,747.678417749078));
#1450= IFCCARTESIANPOINT((-989.779979011242,-0.89502426560067,762.661179890022));
#1452= IFCCARTESIANPOINT((-994.004199878869,8.30875042303224,753.801431407073));
#1454= IFCCARTESIANPOINT((-983.786055682714,7.03456987104075,770.518596171276));
#1456= IFCCARTESIANPOINT((-970.701994993553,8.40173708624273,784.253304633192));
#1458= IFCCARTESIANPOINT((-952.011771423575,7.39808406889505,797.49171967607));
#1460= IFCCARTESIANPOINT((-957.615660942884,-3.20088015351047,794.706961456161));
#1462= IFCCARTESIANPOINT((-943.385122515232,-8.18953330192111,801.506429597974));
#1464= IFCCARTESIANPOINT((-923.804313637,-8.3803665796778,807.473281423445));
#1466= IFCCARTESIANPOINT((-904.499999644566,18.2181318007044,806.608910784866));
#1468= IFCCARTESIANPOINT((-904.499999646355,20.2043572109081,805.013530054841));
#1470= IFCCARTESIANPOINT((-904.499999648648,21.7229959878204,802.96803077126));
#1472= IFCCARTESIANPOINT((-904.499999651297,22.675483447307,800.605172609331));
#1474= IFCCARTESIANPOINT((-995.084141946445,20.6347930361719,738.248482485912));
#1476= IFCCARTESIANPOINT((-933.248481471621,20.6347930350376,800.084142893706));
#1478= IFCCARTESIANPOINT((-971.386028079568,20.9903717761676,776.386029057438));
#1480= IFCCARTESIANPOINT((-986.189942244977,22.2793463464269,752.477939978561));
#1482= IFCCARTESIANPOINT((-986.260191653106,19.7200992502491,759.780694172239));
#1484= IFCCARTESIANPOINT((-947.47793898213,22.279346345599,791.189943204691));
#1486= IFCCARTESIANPOINT((-954.780693165627,19.7200992493363,791.260192625046));
#1488= IFCCARTESIANPOINT((-994.142134200386,22.4455408980448,729.572146638345));
#1490= IFCCARTESIANPOINT((-924.572145630759,22.4455408978868,799.142135135835));
#1492= IFCCARTESIANPOINT((-966.363192474152,23.,771.363193457544));
#1494= IFCCARTESIANPOINT((-974.097293219605,22.4842953813695,769.282502895921));
#1496= IFCCARTESIANPOINT((-962.007173960922,22.315405341085,781.58656986267));
#1498= IFCCARTESIANPOINT((-904.499999651297,-22.6757749910979,800.605072252328));
#1500= IFCCARTESIANPOINT((-904.499999648648,-21.7232972782915,802.967919971492));
#1502= IFCCARTESIANPOINT((-904.499999646355,-20.2046733194319,805.013413654916));
#1504= IFCCARTESIANPOINT((-904.499999644566,-18.218465805516,806.608795380088));
#1506= IFCCARTESIANPOINT((-995.084030878046,-20.6351053122406,738.24844938557));
#1508= IFCCARTESIANPOINT((-933.248448403989,-20.6351053142891,800.084031810977));
#1510= IFCCARTESIANPOINT((-971.385947087708,-20.9906803540144,776.385948117141));
#1512= IFCCARTESIANPOINT((-986.18984986326,-22.2796424334584,752.477885509206));
#1514= IFCCARTESIANPOINT((-986.26008798886,-19.7204207369221,759.780638229877));
#1516= IFCCARTESIANPOINT((-947.477884472284,-22.2796424369839,791.18985083203));
#1518= IFCCARTESIANPOINT((-954.780637289802,-19.7204207442439,791.260088911108));
#1520= IFCCARTESIANPOINT((-994.14203372168,-22.4458347508383,729.572120487454));
#1522= IFCCARTESIANPOINT((-924.572119480013,-22.4458347503488,799.142034658073));
#1524= IFCCARTESIANPOINT((-966.363131465907,-23.0002881479654,771.363132449298));
#1526= IFCCARTESIANPOINT((-964.282433640706,-22.4845889144353,779.097216440197));
#1528= IFCCARTESIANPOINT((-976.586487203629,-22.3157008050952,767.0071072158));
#1530= IFCCARTESIANPOINT((-130.670125613059,15.8932323618072,807.650626602815));
#1532= IFCCARTESIANPOINT((1.06139928846005E-8,-15.8935848306509,807.650519660929));
#1534= IFCCARTESIANPOINT((386.914553179246,-15.8935848306509,807.650519227144));
#1536= IFCCARTESIANPOINT((386.91469297962,15.8932323618073,807.650626022531));
#1538= IFCCARTESIANPOINT((-386.914204866064,15.8932323618072,807.6506268901));
#1540= IFCCARTESIANPOINT((-452.249807506819,-15.8935848306508,807.650520167964));
#1542= IFCCARTESIANPOINT((-226.124903748103,-15.8935848306508,807.650519914447));
#1544= IFCCARTESIANPOINT((645.707102275959,15.8932323618073,807.650625732389));
#1546= IFCCARTESIANPOINT((645.707084112363,-15.893584830651,807.650518937002));
#1548= IFCCARTESIANPOINT((-645.707102254731,15.8932323618072,807.650627180243));
#1550= IFCCARTESIANPOINT((-645.707084091135,-15.8935848306508,807.650520384857));
#1552= IFCCARTESIANPOINT((723.317022329057,-0.000184051437487005,810.000006080308));
#1554= IFCCARTESIANPOINT((-723.317021277291,-0.000184097952764519,810.000007702186));
#1556= IFCCARTESIANPOINT((516.311030136451,1.08158348019517,809.989357457075));
#1558= IFCCARTESIANPOINT((-522.830984508402,1.35208668644014,809.983365088082));
#1560= IFCCARTESIANPOINT((-339.187499619968,-2.21971499009191,809.95514171265));
#1562= IFCCARTESIANPOINT((-158.920930133589,-0.497231685225041,809.997756625074));
#1564= IFCCARTESIANPOINT((128.122283683281,15.8932323618073,807.650626312673));
#1566= IFCCARTESIANPOINT((-1.27392096488907,15.8932323618072,807.650626457744));
#1568= IFCCARTESIANPOINT((63.42389802584,0.0216403423323461,810.000002558071));
#1570= IFCCARTESIANPOINT((193.45727659493,-15.8935848306509,807.650519444037));
#1572= IFCCARTESIANPOINT((257.518383214229,2.46873288183299,809.944504606671));
#1574= IFCCARTESIANPOINT((-258.792409285725,15.8932323618072,807.650626746458));
#1576= IFCCARTESIANPOINT((775.103306924129,15.8932323618073,807.650625587317));
#1578= IFCCARTESIANPOINT((775.103734198068,-15.893584830651,807.65051879193));
#1580= IFCCARTESIANPOINT((-775.10373417684,-15.8935848306507,807.650520529928));
#1582= IFCCARTESIANPOINT((-775.103306902901,15.8932323618072,807.650627325314));
#1584= IFCCARTESIANPOINT((622.821169235809,5.4924951980125,809.72472918921));
#1586= IFCCARTESIANPOINT((611.954340211916,-5.50551841617887,809.723418845088));
#1588= IFCCARTESIANPOINT((516.310818645804,-15.893584830651,807.650519082073));
#1590= IFCCARTESIANPOINT((516.31089762779,15.8932323618073,807.650625877459));
#1592= IFCCARTESIANPOINT((-516.310897606562,15.8932323618072,807.650627035172));
#1594= IFCCARTESIANPOINT((-339.187163317888,-15.8935848306508,807.650520041205));
#1596= IFCCARTESIANPOINT((-113.062644178317,-15.8935848306509,807.650519787688));
#1598= IFCCARTESIANPOINT((-49.2448339916614,5.28211662406338,809.745462059535));
#1600= IFCCARTESIANPOINT((-52.83649627126,-5.964519891296,809.675235488019));
#1602= IFCCARTESIANPOINT((257.51848833145,15.8932323618073,807.650626167602));
#1604= IFCCARTESIANPOINT((383.864168068157,-3.12677303083536,809.910945755823));
#1606= IFCCARTESIANPOINT((422.545309951582,6.43209877886051,809.622136133023));
#1608= IFCCARTESIANPOINT((21.1609206091449,15.8932323618077,807.650626432591));
#1610= IFCCARTESIANPOINT((0.,23.,798.078311872027));
#1612= IFCCARTESIANPOINT((-462.830402443821,23.,798.078312390924));
#1614= IFCCARTESIANPOINT((452.24997088096,23.,798.078311364992));
#1616= IFCCARTESIANPOINT((226.124956494493,23.,798.078311618509));
#1618= IFCCARTESIANPOINT((-441.669505384022,15.8932323618077,807.650626951488));
#1620= IFCCARTESIANPOINT((-210.254292387439,15.8932323618077,807.65062669204));
#1622= IFCCARTESIANPOINT((462.830460136886,15.8932323618077,807.650625937418));
#1624= IFCCARTESIANPOINT((-94.5466858891471,15.8932323618077,807.650626562316));
#1626= IFCCARTESIANPOINT((-231.415230167898,23.,798.078312131475));
#1628= IFCCARTESIANPOINT((-673.084718380606,15.8932323618077,807.650627210937));
#1630= IFCCARTESIANPOINT((-347.122816305859,23.,798.078312261199));
#1632= IFCCARTESIANPOINT((241.995690373015,15.8932323618077,807.650626185005));
#1634= IFCCARTESIANPOINT((-115.707586138079,23.,798.078312001751));
#1636= IFCCARTESIANPOINT((-683.665201048976,23.,798.07831263851));
#1638= IFCCARTESIANPOINT((-325.961898885731,15.8932323618077,807.650626821764));
#1640= IFCCARTESIANPOINT((683.665229900756,15.8932323618077,807.650625689832));
#1642= IFCCARTESIANPOINT((678.374985267428,23.,798.078311111474));
#1644= IFCCARTESIANPOINT((565.312478074194,23.,798.078311238233));
#1646= IFCCARTESIANPOINT((573.247845018821,15.8932323618077,807.650625813625));
#1648= IFCCARTESIANPOINT((-794.082629297482,23.,798.078312762303));
#1650= IFCCARTESIANPOINT((-788.792393145107,15.8932323618077,807.650627340661));
#1652= IFCCARTESIANPOINT((-730.938555762856,15.8932323618077,807.650627275799));
#1654= IFCCARTESIANPOINT((794.082629297246,23.,798.07831098175));
#1656= IFCCARTESIANPOINT((794.082614782692,15.8932323618077,807.650625566039));
#1658= IFCCARTESIANPOINT((849.291341356764,15.8932323618077,807.650625504142));
#1660= IFCCARTESIANPOINT((-849.291314475806,23.,798.0783128242));
#1662= IFCCARTESIANPOINT((849.291314475571,23.,798.078310919853));
#1664= IFCCARTESIANPOINT((-849.291273069326,15.8932323618077,807.650627408489));
#1666= IFCCARTESIANPOINT((-573.24777280047,23.,798.078312514717));
#1668= IFCCARTESIANPOINT((-557.377111882314,15.8932323618077,807.650627081213));
#1670= IFCCARTESIANPOINT((-499.523342766273,15.8932323618077,807.650627016351));
#1672= IFCCARTESIANPOINT((352.413075254951,15.8932323618077,807.650626061212));
#1674= IFCCARTESIANPOINT((339.187463687727,23.,798.07831149175));
#1676= IFCCARTESIANPOINT((282.656239037038,23.,798.07831155513));
#1678= IFCCARTESIANPOINT((131.57830549108,15.8932323618077,807.650626308798));
#1680= IFCCARTESIANPOINT((113.062507193116,23.,798.078311745268));
#1682= IFCCARTESIANPOINT((56.5312246505708,23.,798.078311808647));
#1684= IFCCARTESIANPOINT((76.3695789170078,15.8932323618077,807.650626370695));
#1686= IFCCARTESIANPOINT((-518.039087622145,23.,798.07831245282));
#1688= IFCCARTESIANPOINT((297.204348680878,15.8932323618077,807.650626123108));
#1690= IFCCARTESIANPOINT((-738.873944119157,23.,798.078312700407));
#1692= IFCCARTESIANPOINT((821.68695716977,21.0290822417631,804.039337570019));
#1694= IFCCARTESIANPOINT((863.592174653448,21.029082253249,804.039337507567));
#1696= IFCCARTESIANPOINT((-821.686956558366,21.0290824205226,804.039339171693));
#1698= IFCCARTESIANPOINT((-863.592174514161,21.0290823457303,804.039339319414));
#1700= IFCCARTESIANPOINT((736.228807282337,23.,798.078311046612));
#1702= IFCCARTESIANPOINT((770.482565597587,21.0290822434446,804.039337625161));
#1704= IFCCARTESIANPOINT((738.873888208619,15.8932323618077,807.650625627936));
#1706= IFCCARTESIANPOINT((711.269567234417,20.9645369720727,804.125306263984));
#1708= IFCCARTESIANPOINT((-766.478259400151,21.1491159522047,803.874165489797));
#1710= IFCCARTESIANPOINT((661.879039180967,20.9347588548103,804.164328047134));
#1712= IFCCARTESIANPOINT((621.843702724882,23.,798.078311174854));
#1714= IFCCARTESIANPOINT((628.456571592893,15.8932323618077,807.650625751729));
#1716= IFCCARTESIANPOINT((-717.705389569576,21.1531065326621,803.868550484146));
#1718= IFCCARTESIANPOINT((600.852177299019,20.878505626437,804.236975752836));
#1720= IFCCARTESIANPOINT((552.080397764968,20.9014893765972,804.207460103564));
#1722= IFCCARTESIANPOINT((508.781253423506,23.,798.078311301612));
#1724= IFCCARTESIANPOINT((518.039118444749,15.8932323618077,807.650625875522));
#1726= IFCCARTESIANPOINT((490.434787362723,20.8287023870893,804.30016144368));
#1728= IFCCARTESIANPOINT((442.130667000512,20.8762547128193,804.239854340466));
#1730= IFCCARTESIANPOINT((395.718688338415,23.,798.078311428371));
#1732= IFCCARTESIANPOINT((407.621801829023,15.8932323618077,807.650625999315));
#1734= IFCCARTESIANPOINT((324.808702456868,20.7658451950544,804.378442332422));
#1736= IFCCARTESIANPOINT((375.092754042827,20.9879011373058,804.094409474354));
#1738= IFCCARTESIANPOINT((276.961118506749,20.8517652958907,804.271031621251));
#1740= IFCCARTESIANPOINT((103.973922577685,20.7050130403524,804.452695964776));
#1742= IFCCARTESIANPOINT((169.593731843805,23.,798.078311681889));
#1744= IFCCARTESIANPOINT((186.787032065152,15.8932323618077,807.650626246902));
#1746= IFCCARTESIANPOINT((153.244962710788,20.9349274257387,804.164108833566));
#1748= IFCCARTESIANPOINT((56.3526070164285,20.8405994031615,804.285162942809));
#1750= IFCCARTESIANPOINT((-545.643473054787,21.3073699102971,803.644963647036));
#1752= IFCCARTESIANPOINT((-615.230880998355,15.8932323618077,807.650627146075));
#1754= IFCCARTESIANPOINT((-595.645635622242,21.0831691357835,803.9657888007));
#1756= IFCCARTESIANPOINT((-628.456457978794,23.,798.078312576614));
#1758= IFCCARTESIANPOINT((-497.996378941479,21.2093012986435,803.788598954518));
#1760= IFCCARTESIANPOINT((-656.060864243434,21.2413165586759,803.742295427072));
#1762= IFCCARTESIANPOINT((214.3913125182,20.7320887418561,804.41982593726));
#1764= IFCCARTESIANPOINT((9.73062437589262,21.0124743630038,804.061643256103));
#1766= IFCCARTESIANPOINT((-57.8538220150267,23.,798.078311936889));
#1768= IFCCARTESIANPOINT((-36.6929167731057,15.8932323618077,807.650626497454));
#1770= IFCCARTESIANPOINT((-86.7807016526891,21.3722738500188,803.546861190119));
#1772= IFCCARTESIANPOINT((-152.400455005188,15.8932323618077,807.650626627178));
#1774= IFCCARTESIANPOINT((-173.561408152988,23.,798.078312066613));
#1776= IFCCARTESIANPOINT((-135.684207860246,21.0838755964648,803.964818232493));
#1778= IFCCARTESIANPOINT((-39.5123465682061,21.1778654301088,803.83352842025));
#1780= IFCCARTESIANPOINT((-202.488310438074,21.3722738532593,803.546861314882));
#1782= IFCCARTESIANPOINT((-268.108129769689,15.8932323618077,807.650626756902));
#1784= IFCCARTESIANPOINT((-289.26899429095,23.,798.078312196337));
#1786= IFCCARTESIANPOINT((-251.39181657056,21.0838755999057,803.964818357492));
#1788= IFCCARTESIANPOINT((-318.195919246885,21.3722738630359,803.546861429639));
#1790= IFCCARTESIANPOINT((-383.815668001772,15.8932323618077,807.650626886626));
#1792= IFCCARTESIANPOINT((-404.976638320768,23.,798.078312326062));
#1794= IFCCARTESIANPOINT((-367.099425312773,21.0838756123256,803.96481847016));
#1796= IFCCARTESIANPOINT((-433.903528117043,21.3722738858492,803.546861524436));
#1798= IFCCARTESIANPOINT((21.1608299219846,-23.0002881479654,798.07822449414));
#1800= IFCCARTESIANPOINT((-462.83044486742,-15.8935848306507,807.650520179827));
#1802= IFCCARTESIANPOINT((452.250016643475,-15.8935848306508,807.650519153895));
#1804= IFCCARTESIANPOINT((226.125025132899,-15.8935848306508,807.650519407412));
#1806= IFCCARTESIANPOINT((-441.669584866073,-23.0002881479654,798.078225013037));
#1808= IFCCARTESIANPOINT((-210.254377472044,-23.0002881479654,798.078224753588));
#1810= IFCCARTESIANPOINT((462.830513766063,-23.0002881479654,798.078223998967));
#1812= IFCCARTESIANPOINT((-94.5467737750299,-23.0002881479654,798.078224623864));
#1814= IFCCARTESIANPOINT((-231.415239234257,-15.8935848306507,807.650519920378));
#1816= IFCCARTESIANPOINT((-673.084792260102,-23.0002881479654,798.078225272485));
#1818= IFCCARTESIANPOINT((-347.122842050839,-15.8935848306507,807.650520050103));
#1820= IFCCARTESIANPOINT((241.995671844024,-23.0002881479654,798.078224246553));
#1822= IFCCARTESIANPOINT((-115.707602805967,-15.8935848306507,807.650519790654));
#1824= IFCCARTESIANPOINT((-683.665222255409,-15.8935848306506,807.650520427413));
#1826= IFCCARTESIANPOINT((-325.961981169059,-23.0002881479654,798.078224883312));
#1828= IFCCARTESIANPOINT((683.665355688102,-23.0002881479654,798.07822375138));
#1830= IFCCARTESIANPOINT((678.375008154051,-15.8935848306509,807.650518900377));
#1832= IFCCARTESIANPOINT((565.312512398763,-15.8935848306508,807.650519027136));
#1834= IFCCARTESIANPOINT((573.247934727083,-23.0002881479654,798.078223875173));
#1836= IFCCARTESIANPOINT((-794.082610949404,-15.8935848306506,807.650520551207));
#1838= IFCCARTESIANPOINT((-788.792395957116,-23.0002881479654,798.07822540221));
#1840= IFCCARTESIANPOINT((-730.938693086732,-23.0002881479654,798.078225337348));
#1842= IFCCARTESIANPOINT((794.082610970632,-15.8935848306509,807.650518770653));
#1844= IFCCARTESIANPOINT((794.082578692875,-23.0002881479654,798.078223627587));
#1846= IFCCARTESIANPOINT((849.291388151509,-23.0002881479654,798.07822356569));
#1848= IFCCARTESIANPOINT((-849.291288490547,-15.8935848306506,807.650520613103));
#1850= IFCCARTESIANPOINT((849.291288511775,-15.8935848306509,807.650518708756));
#1852= IFCCARTESIANPOINT((-849.291388151744,-23.0002881479654,798.078225470037));
#1854= IFCCARTESIANPOINT((-573.247833561415,-15.8935848306506,807.65052030362));
#1856= IFCCARTESIANPOINT((-557.377188563087,-23.0002881479654,798.078225142761));
#1858= IFCCARTESIANPOINT((-499.523485692703,-23.0002881479654,798.078225077899));
#1860= IFCCARTESIANPOINT((352.413092805043,-23.0002881479654,798.07822412276));
#1862= IFCCARTESIANPOINT((339.187520888187,-15.8935848306508,807.650519280654));
#1864= IFCCARTESIANPOINT((282.656289816397,-15.8935848306508,807.650519344033));
#1866= IFCCARTESIANPOINT((131.578250883004,-23.0002881479654,798.078224370346));
#1868= IFCCARTESIANPOINT((113.062495765902,-15.8935848306508,807.650519534171));
#1870= IFCCARTESIANPOINT((56.5312310824035,-15.8935848306507,807.65051959755));
#1872= IFCCARTESIANPOINT((76.3696393806177,-23.0002881479654,798.078224432243));
#1874= IFCCARTESIANPOINT((-518.039156020272,-15.8935848306506,807.650520241724));
#1876= IFCCARTESIANPOINT((297.204481302657,-23.0002881479654,798.078224184656));
#1878= IFCCARTESIANPOINT((-738.873933408261,-15.8935848306506,807.65052048931));
#1880= IFCCARTESIANPOINT((821.686957194389,-21.0293904346489,804.039223216667));
#1882= IFCCARTESIANPOINT((863.592169418829,-21.0293904265353,804.039223180614));
#1884= IFCCARTESIANPOINT((-821.686956920876,-21.0293902717738,804.0392252785));
#1886= IFCCARTESIANPOINT((-863.592169407734,-21.0293903478948,804.039225222951));
#1888= IFCCARTESIANPOINT((736.228826368196,-15.8935848306509,807.650518835515));
#1890= IFCCARTESIANPOINT((770.482959194149,-21.0293904335199,804.039223275594));
#1892= IFCCARTESIANPOINT((738.873967190489,-23.0002881479654,798.078223689483));
#1894= IFCCARTESIANPOINT((711.269567259215,-21.0930078479685,803.952565203286));
#1896= IFCCARTESIANPOINT((-766.478259656865,-20.906009215684,804.201914983911));
#1898= IFCCARTESIANPOINT((661.879398698258,-21.1217434694025,803.912772898223));
#1900= IFCCARTESIANPOINT((621.843743470552,-15.8935848306508,807.650518963757));
#1902= IFCCARTESIANPOINT((628.456546229469,-23.0002881479654,798.078223813277));
#1904= IFCCARTESIANPOINT((-717.705733934529,-20.9017915646799,804.207356072924));
#1906= IFCCARTESIANPOINT((600.852177323985,-21.1750104422575,803.837903992567));
#1908= IFCCARTESIANPOINT((552.080743242588,-21.1534043519521,803.868448088372));
#1910= IFCCARTESIANPOINT((508.781281326974,-15.8935848306508,807.650519090515));
#1912= IFCCARTESIANPOINT((518.039323224696,-23.0002881479654,798.07822393707));
#1914= IFCCARTESIANPOINT((490.434787388455,-21.2210844287339,803.771949331092));
#1916= IFCCARTESIANPOINT((442.130999622089,-21.1771113696543,803.83492116561));
#1918= IFCCARTESIANPOINT((395.718751959976,-15.8935848306508,807.650519217274));
#1920= IFCCARTESIANPOINT((407.62170430743,-23.0002881479654,798.078224060863));
#1922= IFCCARTESIANPOINT((324.80870248459,-21.2778311348428,803.689131575899));
#1924= IFCCARTESIANPOINT((375.092526074907,-21.0701828649087,803.98388233816));
#1926= IFCCARTESIANPOINT((276.961433998793,-21.1998687824749,803.802460175424));
#1928= IFCCARTESIANPOINT((103.97392261081,-21.3313086456959,803.609417533558));
#1930= IFCCARTESIANPOINT((169.593760449401,-15.8935848306508,807.650519470792));
#1932= IFCCARTESIANPOINT((186.786862385391,-23.0002881479654,798.07822430845));
#1934= IFCCARTESIANPOINT((153.244720872876,-21.1215752654079,803.913007594477));
#1936= IFCCARTESIANPOINT((56.3529027527806,-21.2101638222528,803.78768514837));
#1938= IFCCARTESIANPOINT((-545.643472410909,-20.7323966085098,804.4197153925));
#1940= IFCCARTESIANPOINT((-615.230891433471,-23.0002881479654,798.078225207623));
#1942= IFCCARTESIANPOINT((-595.64540281051,-20.9746433789506,804.112266837001));
#1944= IFCCARTESIANPOINT((-628.456511102557,-15.8935848306506,807.650520365517));
#1946= IFCCARTESIANPOINT((-497.996678501293,-20.8415208384772,804.284276146977));
#1948= IFCCARTESIANPOINT((-656.06086316161,-20.8064548726453,804.328326137905));
#1950= IFCCARTESIANPOINT((214.391312548089,-21.3076781745629,803.644845420169));
#1952= IFCCARTESIANPOINT((9.73116676484076,-21.0459256824364,804.016887375303));
#1954= IFCCARTESIANPOINT((-57.8537845918221,-15.8935848306507,807.650519725792));
#1956= IFCCARTESIANPOINT((-36.693070904646,-23.0002881479654,798.078224559002));
#1958= IFCCARTESIANPOINT((-86.7807014065422,-20.6572684192718,804.510226879213));
#1960= IFCCARTESIANPOINT((-152.400476645414,-23.0002881479654,798.078224688726));
#1962= IFCCARTESIANPOINT((-173.561421020112,-15.8935848306507,807.650519855516));
#1964= IFCCARTESIANPOINT((-135.683967568442,-20.973918306808,804.11322442889));
#1966= IFCCARTESIANPOINT((-39.5126289109798,-20.875434489742,804.241184086256));
#1968= IFCCARTESIANPOINT((-202.488310129318,-20.6572684163555,804.510227012409));
#1970= IFCCARTESIANPOINT((-268.108278298675,-23.0002881479654,798.07822481845));
#1972= IFCCARTESIANPOINT((-289.269057448403,-15.8935848306507,807.650519985241));
#1974= IFCCARTESIANPOINT((-251.391576204009,-20.9739183055064,804.113224560334));
#1976= IFCCARTESIANPOINT((-318.195918863563,-20.6572684078976,804.510227152202));
#1978= IFCCARTESIANPOINT((-383.815684039442,-23.0002881479654,798.078224948174));
#1980= IFCCARTESIANPOINT((-404.976626653275,-15.8935848306507,807.650520114965));
#1982= IFCCARTESIANPOINT((-367.099184854737,-20.973918297634,804.11322470046));
#1984= IFCCARTESIANPOINT((-433.90352762874,-20.6572683879973,804.510227305617));
#1986= IFCPOLYLOOP((#170,#172,#174,#178,#180));
#1988= IFCFACEOUTERBOUND(#1986,.T.);
#1989= IFCFACE((#1988));
#1991= IFCPOLYLOOP((#158,#160,#162,#166,#168,#146));
#1993= IFCFACEOUTERBOUND(#1991,.T.);
#1994= IFCFACE((#1993));
#1996= IFCPOLYLOOP((#140,#142,#144,#170,#134,#136));
#1998= IFCFACEOUTERBOUND(#1996,.T.);
#1999= IFCFACE((#1998));
#2001= IFCPOLYLOOP((#146,#148,#150,#154,#156));
#2003= IFCFACEOUTERBOUND(#2001,.T.);
#2004= IFCFACE((#2003));
#2006= IFCPOLYLOOP((#178,#174,#646));
#2008= IFCFACEOUTERBOUND(#2006,.T.);
#2009= IFCFACE((#2008));
#2011= IFCPOLYLOOP((#144,#168,#992));
#2013= IFCFACEOUTERBOUND(#2011,.T.);
#2014= IFCFACE((#2013));
#2016= IFCPOLYLOOP((#166,#162,#1240));
#2018= IFCFACEOUTERBOUND(#2016,.T.);
#2019= IFCFACE((#2018));
#2021= IFCPOLYLOOP((#170,#180,#498));
#2023= IFCFACEOUTERBOUND(#2021,.T.);
#2024= IFCFACE((#2023));
#2026= IFCPOLYLOOP((#136,#138,#362));
#2028= IFCFACEOUTERBOUND(#2026,.T.);
#2029= IFCFACE((#2028));
#2031= IFCPOLYLOOP((#168,#144,#1846));
#2033= IFCFACEOUTERBOUND(#2031,.T.);
#2034= IFCFACE((#2033));
#2036= IFCPOLYLOOP((#154,#150,#1524));
#2038= IFCFACEOUTERBOUND(#2036,.T.);
#2039= IFCFACE((#2038));
#2041= IFCPOLYLOOP((#146,#156,#1376));
#2043= IFCFACEOUTERBOUND(#2041,.T.);
#2044= IFCFACE((#2043));
#2046= IFCPOLYLOOP((#182,#184,#186,#322,#188,#190,#192,#428,#410,#440,#420,#460,#408,#434,#412,#456,#426,#194,#196,#198,#614,#200,#202,#204,#798,#786,#828,#774,#894,#804,#824,#750,#930,#768,#922,#764,#912,#772,#904,#748,#820,#818,#880,#754,#814,#812,#868,#752,#860,#782,#850,#780,#838,#792,#800,#206,#208,#210,#1208,#212,#214,#216,#1306,#1288,#1318,#1298,#1338,#1286,#1312,#1290,#1334,#1304,#218,#220,#222,#1492,#224,#226,#228,#1660,#1648,#1690,#1636,#1756,#1666,#1686,#1612,#1792,#1630,#1784,#1626,#1774,#1634,#1766,#1610,#1682,#1680,#1742,#1616,#1676,#1674,#1730,#1614,#1722,#1644,#1712,#1642,#1700,#1654,#1662));
#2048= IFCFACEOUTERBOUND(#2046,.T.);
#2049= IFCFACE((#2048));
#2051= IFCPOLYLOOP((#246,#248,#268));
#2053= IFCFACEOUTERBOUND(#2051,.T.);
#2054= IFCFACE((#2053));
#2056= IFCPOLYLOOP((#236,#238,#274));
#2058= IFCFACEOUTERBOUND(#2056,.T.);
#2059= IFCFACE((#2058));
#2061= IFCPOLYLOOP((#262,#242,#268));
#2063= IFCFACEOUTERBOUND(#2061,.T.);
#2064= IFCFACE((#2063));
#2066= IFCPOLYLOOP((#274,#276,#236));
#2068= IFCFACEOUTERBOUND(#2066,.T.);
#2069= IFCFACE((#2068));
#2071= IFCPOLYLOOP((#276,#274,#272));
#2073= IFCFACEOUTERBOUND(#2071,.T.);
#2074= IFCFACE((#2073));
#2076= IFCPOLYLOOP((#272,#262,#270));
#2078= IFCFACEOUTERBOUND(#2076,.T.);
#2079= IFCFACE((#2078));
#2081= IFCPOLYLOOP((#240,#242,#238));
#2083= IFCFACEOUTERBOUND(#2081,.T.);
#2084= IFCFACE((#2083));
#2086= IFCPOLYLOOP((#278,#276,#266));
#2088= IFCFACEOUTERBOUND(#2086,.T.);
#2089= IFCFACE((#2088));
#2091= IFCPOLYLOOP((#262,#272,#274));
#2093= IFCFACEOUTERBOUND(#2091,.T.);
#2094= IFCFACE((#2093));
#2096= IFCPOLYLOOP((#244,#268,#242));
#2098= IFCFACEOUTERBOUND(#2096,.T.);
#2099= IFCFACE((#2098));
#2101= IFCPOLYLOOP((#238,#242,#262));
#2103= IFCFACEOUTERBOUND(#2101,.T.);
#2104= IFCFACE((#2103));
#2106= IFCPOLYLOOP((#262,#268,#270));
#2108= IFCFACEOUTERBOUND(#2106,.T.);
#2109= IFCFACE((#2108));
#2111= IFCPOLYLOOP((#250,#252,#266));
#2113= IFCFACEOUTERBOUND(#2111,.T.);
#2114= IFCFACE((#2113));
#2116= IFCPOLYLOOP((#272,#266,#276));
#2118= IFCFACEOUTERBOUND(#2116,.T.);
#2119= IFCFACE((#2118));
#2121= IFCPOLYLOOP((#284,#264,#282));
#2123= IFCFACEOUTERBOUND(#2121,.T.);
#2124= IFCFACE((#2123));
#2126= IFCPOLYLOOP((#272,#250,#266));
#2128= IFCFACEOUTERBOUND(#2126,.T.);
#2129= IFCFACE((#2128));
#2131= IFCPOLYLOOP((#258,#286,#256));
#2133= IFCFACEOUTERBOUND(#2131,.T.);
#2134= IFCFACE((#2133));
#2136= IFCPOLYLOOP((#270,#268,#248));
#2138= IFCFACEOUTERBOUND(#2136,.T.);
#2139= IFCFACE((#2138));
#2141= IFCPOLYLOOP((#248,#250,#270));
#2143= IFCFACEOUTERBOUND(#2141,.T.);
#2144= IFCFACE((#2143));
#2146= IFCPOLYLOOP((#258,#260,#264));
#2148= IFCFACEOUTERBOUND(#2146,.T.);
#2149= IFCFACE((#2148));
#2151= IFCPOLYLOOP((#234,#278,#280));
#2153= IFCFACEOUTERBOUND(#2151,.T.);
#2154= IFCFACE((#2153));
#2156= IFCPOLYLOOP((#264,#284,#286));
#2158= IFCFACEOUTERBOUND(#2156,.T.);
#2159= IFCFACE((#2158));
#2161= IFCPOLYLOOP((#260,#230,#232));
#2163= IFCFACEOUTERBOUND(#2161,.T.);
#2164= IFCFACE((#2163));
#2166= IFCPOLYLOOP((#238,#262,#274));
#2168= IFCFACEOUTERBOUND(#2166,.T.);
#2169= IFCFACE((#2168));
#2171= IFCPOLYLOOP((#260,#232,#264));
#2173= IFCFACEOUTERBOUND(#2171,.T.);
#2174= IFCFACE((#2173));
#2176= IFCPOLYLOOP((#234,#280,#232));
#2178= IFCFACEOUTERBOUND(#2176,.T.);
#2179= IFCFACE((#2178));
#2181= IFCPOLYLOOP((#246,#268,#244));
#2183= IFCFACEOUTERBOUND(#2181,.T.);
#2184= IFCFACE((#2183));
#2186= IFCPOLYLOOP((#276,#278,#236));
#2188= IFCFACEOUTERBOUND(#2186,.T.);
#2189= IFCFACE((#2188));
#2191= IFCPOLYLOOP((#250,#272,#270));
#2193= IFCFACEOUTERBOUND(#2191,.T.);
#2194= IFCFACE((#2193));
#2196= IFCPOLYLOOP((#282,#264,#280));
#2198= IFCFACEOUTERBOUND(#2196,.T.);
#2199= IFCFACE((#2198));
#2201= IFCPOLYLOOP((#282,#280,#278));
#2203= IFCFACEOUTERBOUND(#2201,.T.);
#2204= IFCFACE((#2203));
#2206= IFCPOLYLOOP((#236,#278,#234));
#2208= IFCFACEOUTERBOUND(#2206,.T.);
#2209= IFCFACE((#2208));
#2211= IFCPOLYLOOP((#282,#278,#266));
#2213= IFCFACEOUTERBOUND(#2211,.T.);
#2214= IFCFACE((#2213));
#2216= IFCPOLYLOOP((#232,#280,#264));
#2218= IFCFACEOUTERBOUND(#2216,.T.);
#2219= IFCFACE((#2218));
#2221= IFCPOLYLOOP((#266,#252,#282));
#2223= IFCFACEOUTERBOUND(#2221,.T.);
#2224= IFCFACE((#2223));
#2226= IFCPOLYLOOP((#284,#252,#254));
#2228= IFCFACEOUTERBOUND(#2226,.T.);
#2229= IFCFACE((#2228));
#2231= IFCPOLYLOOP((#252,#284,#282));
#2233= IFCFACEOUTERBOUND(#2231,.T.);
#2234= IFCFACE((#2233));
#2236= IFCPOLYLOOP((#286,#284,#254));
#2238= IFCFACEOUTERBOUND(#2236,.T.);
#2239= IFCFACE((#2238));
#2241= IFCPOLYLOOP((#256,#286,#254));
#2243= IFCFACEOUTERBOUND(#2241,.T.);
#2244= IFCFACE((#2243));
#2246= IFCPOLYLOOP((#264,#286,#258));
#2248= IFCFACEOUTERBOUND(#2246,.T.);
#2249= IFCFACE((#2248));
#2251= IFCPOLYLOOP((#236,#234,#308));
#2253= IFCFACEOUTERBOUND(#2251,.T.);
#2254= IFCFACE((#2253));
#2256= IFCPOLYLOOP((#302,#240,#238));
#2258= IFCFACEOUTERBOUND(#2256,.T.);
#2259= IFCFACE((#2258));
#2261= IFCPOLYLOOP((#302,#304,#300));
#2263= IFCFACEOUTERBOUND(#2261,.T.);
#2264= IFCFACE((#2263));
#2266= IFCPOLYLOOP((#304,#302,#238));
#2268= IFCFACEOUTERBOUND(#2266,.T.);
#2269= IFCFACE((#2268));
#2271= IFCPOLYLOOP((#310,#312,#324));
#2273= IFCFACEOUTERBOUND(#2271,.T.);
#2274= IFCFACE((#2273));
#2276= IFCPOLYLOOP((#308,#324,#312));
#2278= IFCFACEOUTERBOUND(#2276,.T.);
#2279= IFCFACE((#2278));
#2281= IFCPOLYLOOP((#310,#324,#186));
#2283= IFCFACEOUTERBOUND(#2281,.T.);
#2284= IFCFACE((#2283));
#2286= IFCPOLYLOOP((#314,#316,#306));
#2288= IFCFACEOUTERBOUND(#2286,.T.);
#2289= IFCFACE((#2288));
#2291= IFCPOLYLOOP((#322,#324,#326));
#2293= IFCFACEOUTERBOUND(#2291,.T.);
#2294= IFCFACE((#2293));
#2296= IFCPOLYLOOP((#304,#318,#298));
#2298= IFCFACEOUTERBOUND(#2296,.T.);
#2299= IFCFACE((#2298));
#2301= IFCPOLYLOOP((#190,#188,#314));
#2303= IFCFACEOUTERBOUND(#2301,.T.);
#2304= IFCFACE((#2303));
#2306= IFCPOLYLOOP((#182,#296,#318));
#2308= IFCFACEOUTERBOUND(#2306,.T.);
#2309= IFCFACE((#2308));
#2311= IFCPOLYLOOP((#298,#300,#304));
#2313= IFCFACEOUTERBOUND(#2311,.T.);
#2314= IFCFACE((#2313));
#2316= IFCPOLYLOOP((#318,#184,#182));
#2318= IFCFACEOUTERBOUND(#2316,.T.);
#2319= IFCFACE((#2318));
#2321= IFCPOLYLOOP((#318,#310,#184));
#2323= IFCFACEOUTERBOUND(#2321,.T.);
#2324= IFCFACE((#2323));
#2326= IFCPOLYLOOP((#238,#312,#304));
#2328= IFCFACEOUTERBOUND(#2326,.T.);
#2329= IFCFACE((#2328));
#2331= IFCPOLYLOOP((#184,#310,#186));
#2333= IFCFACEOUTERBOUND(#2331,.T.);
#2334= IFCFACE((#2333));
#2336= IFCPOLYLOOP((#312,#310,#304));
#2338= IFCFACEOUTERBOUND(#2336,.T.);
#2339= IFCFACE((#2338));
#2341= IFCPOLYLOOP((#232,#306,#316));
#2343= IFCFACEOUTERBOUND(#2341,.T.);
#2344= IFCFACE((#2343));
#2346= IFCPOLYLOOP((#314,#320,#190));
#2348= IFCFACEOUTERBOUND(#2346,.T.);
#2349= IFCFACE((#2348));
#2351= IFCPOLYLOOP((#288,#290,#306));
#2353= IFCFACEOUTERBOUND(#2351,.T.);
#2354= IFCFACE((#2353));
#2356= IFCPOLYLOOP((#288,#232,#230));
#2358= IFCFACEOUTERBOUND(#2356,.T.);
#2359= IFCFACE((#2358));
#2361= IFCPOLYLOOP((#298,#318,#296));
#2363= IFCFACEOUTERBOUND(#2361,.T.);
#2364= IFCFACE((#2363));
#2366= IFCPOLYLOOP((#232,#316,#234));
#2368= IFCFACEOUTERBOUND(#2366,.T.);
#2369= IFCFACE((#2368));
#2371= IFCPOLYLOOP((#310,#318,#304));
#2373= IFCFACEOUTERBOUND(#2371,.T.);
#2374= IFCFACE((#2373));
#2376= IFCPOLYLOOP((#306,#290,#292));
#2378= IFCFACEOUTERBOUND(#2376,.T.);
#2379= IFCFACE((#2378));
#2381= IFCPOLYLOOP((#320,#292,#294));
#2383= IFCFACEOUTERBOUND(#2381,.T.);
#2384= IFCFACE((#2383));
#2386= IFCPOLYLOOP((#314,#306,#320));
#2388= IFCFACEOUTERBOUND(#2386,.T.);
#2389= IFCFACE((#2388));
#2391= IFCPOLYLOOP((#320,#192,#190));
#2393= IFCFACEOUTERBOUND(#2391,.T.);
#2394= IFCFACE((#2393));
#2396= IFCPOLYLOOP((#320,#294,#192));
#2398= IFCFACEOUTERBOUND(#2396,.T.);
#2399= IFCFACE((#2398));
#2401= IFCPOLYLOOP((#316,#308,#234));
#2403= IFCFACEOUTERBOUND(#2401,.T.);
#2404= IFCFACE((#2403));
#2406= IFCPOLYLOOP((#322,#326,#188));
#2408= IFCFACEOUTERBOUND(#2406,.T.);
#2409= IFCFACE((#2408));
#2411= IFCPOLYLOOP((#306,#232,#288));
#2413= IFCFACEOUTERBOUND(#2411,.T.);
#2414= IFCFACE((#2413));
#2416= IFCPOLYLOOP((#312,#238,#236));
#2418= IFCFACEOUTERBOUND(#2416,.T.);
#2419= IFCFACE((#2418));
#2421= IFCPOLYLOOP((#316,#314,#326));
#2423= IFCFACEOUTERBOUND(#2421,.T.);
#2424= IFCFACE((#2423));
#2426= IFCPOLYLOOP((#186,#324,#322));
#2428= IFCFACEOUTERBOUND(#2426,.T.);
#2429= IFCFACE((#2428));
#2431= IFCPOLYLOOP((#292,#320,#306));
#2433= IFCFACEOUTERBOUND(#2431,.T.);
#2434= IFCFACE((#2433));
#2436= IFCPOLYLOOP((#308,#312,#236));
#2438= IFCFACEOUTERBOUND(#2436,.T.);
#2439= IFCFACE((#2438));
#2441= IFCPOLYLOOP((#324,#308,#326));
#2443= IFCFACEOUTERBOUND(#2441,.T.);
#2444= IFCFACE((#2443));
#2446= IFCPOLYLOOP((#316,#326,#308));
#2448= IFCFACEOUTERBOUND(#2446,.T.);
#2449= IFCFACE((#2448));
#2451= IFCPOLYLOOP((#188,#326,#314));
#2453= IFCFACEOUTERBOUND(#2451,.T.);
#2454= IFCFACE((#2453));
#2456= IFCPOLYLOOP((#144,#358,#334));
#2458= IFCFACEOUTERBOUND(#2456,.T.);
#2459= IFCFACE((#2458));
#2461= IFCPOLYLOOP((#338,#360,#336));
#2463= IFCFACEOUTERBOUND(#2461,.T.);
#2464= IFCFACE((#2463));
#2466= IFCPOLYLOOP((#248,#328,#344));
#2468= IFCFACEOUTERBOUND(#2466,.T.);
#2469= IFCFACE((#2468));
#2471= IFCPOLYLOOP((#350,#358,#142));
#2473= IFCFACEOUTERBOUND(#2471,.T.);
#2474= IFCFACE((#2473));
#2476= IFCPOLYLOOP((#348,#356,#252));
#2478= IFCFACEOUTERBOUND(#2476,.T.);
#2479= IFCFACE((#2478));
#2481= IFCPOLYLOOP((#358,#144,#142));
#2483= IFCFACEOUTERBOUND(#2481,.T.);
#2484= IFCFACE((#2483));
#2486= IFCPOLYLOOP((#332,#358,#344));
#2488= IFCFACEOUTERBOUND(#2486,.T.);
#2489= IFCFACE((#2488));
#2491= IFCPOLYLOOP((#344,#358,#350));
#2493= IFCFACEOUTERBOUND(#2491,.T.);
#2494= IFCFACE((#2493));
#2496= IFCPOLYLOOP((#246,#328,#248));
#2498= IFCFACEOUTERBOUND(#2496,.T.);
#2499= IFCFACE((#2498));
#2501= IFCPOLYLOOP((#354,#364,#138));
#2503= IFCFACEOUTERBOUND(#2501,.T.);
#2504= IFCFACE((#2503));
#2506= IFCPOLYLOOP((#344,#330,#332));
#2508= IFCFACEOUTERBOUND(#2506,.T.);
#2509= IFCFACE((#2508));
#2511= IFCPOLYLOOP((#352,#248,#344));
#2513= IFCFACEOUTERBOUND(#2511,.T.);
#2514= IFCFACE((#2513));
#2516= IFCPOLYLOOP((#360,#136,#134));
#2518= IFCFACEOUTERBOUND(#2516,.T.);
#2519= IFCFACE((#2518));
#2521= IFCPOLYLOOP((#344,#328,#330));
#2523= IFCFACEOUTERBOUND(#2521,.T.);
#2524= IFCFACE((#2523));
#2526= IFCPOLYLOOP((#354,#356,#364));
#2528= IFCFACEOUTERBOUND(#2526,.T.);
#2529= IFCFACE((#2528));
#2531= IFCPOLYLOOP((#142,#140,#350));
#2533= IFCFACEOUTERBOUND(#2531,.T.);
#2534= IFCFACE((#2533));
#2536= IFCPOLYLOOP((#364,#362,#138));
#2538= IFCFACEOUTERBOUND(#2536,.T.);
#2539= IFCFACE((#2538));
#2541= IFCPOLYLOOP((#354,#360,#346));
#2543= IFCFACEOUTERBOUND(#2541,.T.);
#2544= IFCFACE((#2543));
#2546= IFCPOLYLOOP((#360,#354,#136));
#2548= IFCFACEOUTERBOUND(#2546,.T.);
#2549= IFCFACE((#2548));
#2551= IFCPOLYLOOP((#362,#364,#366));
#2553= IFCFACEOUTERBOUND(#2551,.T.);
#2554= IFCFACE((#2553));
#2556= IFCPOLYLOOP((#346,#360,#338));
#2558= IFCFACEOUTERBOUND(#2556,.T.);
#2559= IFCFACE((#2558));
#2561= IFCPOLYLOOP((#248,#352,#250));
#2563= IFCFACEOUTERBOUND(#2561,.T.);
#2564= IFCFACE((#2563));
#2566= IFCPOLYLOOP((#352,#350,#366));
#2568= IFCFACEOUTERBOUND(#2566,.T.);
#2569= IFCFACE((#2568));
#2571= IFCPOLYLOOP((#360,#134,#336));
#2573= IFCFACEOUTERBOUND(#2571,.T.);
#2574= IFCFACE((#2573));
#2576= IFCPOLYLOOP((#356,#354,#346));
#2578= IFCFACEOUTERBOUND(#2576,.T.);
#2579= IFCFACE((#2578));
#2581= IFCPOLYLOOP((#346,#338,#340));
#2583= IFCFACEOUTERBOUND(#2581,.T.);
#2584= IFCFACE((#2583));
#2586= IFCPOLYLOOP((#356,#254,#252));
#2588= IFCFACEOUTERBOUND(#2586,.T.);
#2589= IFCFACE((#2588));
#2591= IFCPOLYLOOP((#356,#348,#364));
#2593= IFCFACEOUTERBOUND(#2591,.T.);
#2594= IFCFACE((#2593));
#2596= IFCPOLYLOOP((#342,#256,#254));
#2598= IFCFACEOUTERBOUND(#2596,.T.);
#2599= IFCFACE((#2598));
#2601= IFCPOLYLOOP((#362,#366,#140));
#2603= IFCFACEOUTERBOUND(#2601,.T.);
#2604= IFCFACE((#2603));
#2606= IFCPOLYLOOP((#350,#352,#344));
#2608= IFCFACEOUTERBOUND(#2606,.T.);
#2609= IFCFACE((#2608));
#2611= IFCPOLYLOOP((#254,#346,#342));
#2613= IFCFACEOUTERBOUND(#2611,.T.);
#2614= IFCFACE((#2613));
#2616= IFCPOLYLOOP((#342,#346,#340));
#2618= IFCFACEOUTERBOUND(#2616,.T.);
#2619= IFCFACE((#2618));
#2621= IFCPOLYLOOP((#358,#332,#334));
#2623= IFCFACEOUTERBOUND(#2621,.T.);
#2624= IFCFACE((#2623));
#2626= IFCPOLYLOOP((#352,#348,#250));
#2628= IFCFACEOUTERBOUND(#2626,.T.);
#2629= IFCFACE((#2628));
#2631= IFCPOLYLOOP((#138,#136,#354));
#2633= IFCFACEOUTERBOUND(#2631,.T.);
#2634= IFCFACE((#2633));
#2636= IFCPOLYLOOP((#254,#356,#346));
#2638= IFCFACEOUTERBOUND(#2636,.T.);
#2639= IFCFACE((#2638));
#2641= IFCPOLYLOOP((#252,#250,#348));
#2643= IFCFACEOUTERBOUND(#2641,.T.);
#2644= IFCFACE((#2643));
#2646= IFCPOLYLOOP((#364,#348,#366));
#2648= IFCFACEOUTERBOUND(#2646,.T.);
#2649= IFCFACE((#2648));
#2651= IFCPOLYLOOP((#352,#366,#348));
#2653= IFCFACEOUTERBOUND(#2651,.T.);
#2654= IFCFACE((#2653));
#2656= IFCPOLYLOOP((#140,#366,#350));
#2658= IFCFACEOUTERBOUND(#2656,.T.);
#2659= IFCFACE((#2658));
#2661= IFCPOLYLOOP((#370,#372,#382));
#2663= IFCFACEOUTERBOUND(#2661,.T.);
#2664= IFCFACE((#2663));
#2666= IFCPOLYLOOP((#392,#390,#508,#488,#528,#378,#502,#388));
#2668= IFCFACEOUTERBOUND(#2666,.T.);
#2669= IFCFACE((#2668));
#2671= IFCPOLYLOOP((#392,#388,#382));
#2673= IFCFACEOUTERBOUND(#2671,.T.);
#2674= IFCFACE((#2673));
#2676= IFCPOLYLOOP((#370,#382,#388));
#2678= IFCFACEOUTERBOUND(#2676,.T.);
#2679= IFCFACE((#2678));
#2681= IFCPOLYLOOP((#372,#386,#382));
#2683= IFCFACEOUTERBOUND(#2681,.T.);
#2684= IFCFACE((#2683));
#2686= IFCPOLYLOOP((#372,#374,#430,#418,#386));
#2688= IFCFACEOUTERBOUND(#2686,.T.);
#2689= IFCFACE((#2688));
#2691= IFCPOLYLOOP((#260,#380,#424,#432,#230));
#2693= IFCFACEOUTERBOUND(#2691,.T.);
#2694= IFCFACE((#2693));
#2696= IFCPOLYLOOP((#258,#390,#384));
#2698= IFCFACEOUTERBOUND(#2696,.T.);
#2699= IFCFACE((#2698));
#2701= IFCPOLYLOOP((#370,#388,#524,#494,#368));
#2703= IFCFACEOUTERBOUND(#2701,.T.);
#2704= IFCFACE((#2703));
#2706= IFCPOLYLOOP((#258,#256,#496,#480,#390));
#2708= IFCFACEOUTERBOUND(#2706,.T.);
#2709= IFCFACE((#2708));
#2711= IFCPOLYLOOP((#260,#258,#384));
#2713= IFCFACEOUTERBOUND(#2711,.T.);
#2714= IFCFACE((#2713));
#2716= IFCPOLYLOOP((#396,#376,#422,#416,#458,#394));
#2718= IFCFACEOUTERBOUND(#2716,.T.);
#2719= IFCFACE((#2718));
#2721= IFCPOLYLOOP((#384,#394,#414,#438,#380));
#2723= IFCFACEOUTERBOUND(#2721,.T.);
#2724= IFCFACE((#2723));
#2726= IFCPOLYLOOP((#382,#386,#444,#406,#376));
#2728= IFCFACEOUTERBOUND(#2726,.T.);
#2729= IFCFACE((#2728));
#2731= IFCPOLYLOOP((#396,#384,#392));
#2733= IFCFACEOUTERBOUND(#2731,.T.);
#2734= IFCFACE((#2733));
#2736= IFCPOLYLOOP((#384,#380,#260));
#2738= IFCFACEOUTERBOUND(#2736,.T.);
#2739= IFCFACE((#2738));
#2741= IFCPOLYLOOP((#390,#392,#384));
#2743= IFCFACEOUTERBOUND(#2741,.T.);
#2744= IFCFACE((#2743));
#2746= IFCPOLYLOOP((#396,#382,#376));
#2748= IFCFACEOUTERBOUND(#2746,.T.);
#2749= IFCFACE((#2748));
#2751= IFCPOLYLOOP((#384,#396,#394));
#2753= IFCFACEOUTERBOUND(#2751,.T.);
#2754= IFCFACE((#2753));
#2756= IFCPOLYLOOP((#382,#396,#392));
#2758= IFCFACEOUTERBOUND(#2756,.T.);
#2759= IFCFACE((#2758));
#2761= IFCPOLYLOOP((#452,#430,#398));
#2763= IFCFACEOUTERBOUND(#2761,.T.);
#2764= IFCFACE((#2763));
#2766= IFCPOLYLOOP((#442,#446,#434));
#2768= IFCFACEOUTERBOUND(#2766,.T.);
#2769= IFCFACE((#2768));
#2771= IFCPOLYLOOP((#432,#290,#288));
#2773= IFCFACEOUTERBOUND(#2771,.T.);
#2774= IFCFACE((#2773));
#2776= IFCPOLYLOOP((#404,#426,#452));
#2778= IFCFACEOUTERBOUND(#2776,.T.);
#2779= IFCFACE((#2778));
#2781= IFCPOLYLOOP((#452,#398,#400));
#2783= IFCFACEOUTERBOUND(#2781,.T.);
#2784= IFCFACE((#2783));
#2786= IFCPOLYLOOP((#440,#448,#466));
#2788= IFCFACEOUTERBOUND(#2786,.T.);
#2789= IFCFACE((#2788));
#2791= IFCPOLYLOOP((#464,#408,#460));
#2793= IFCFACEOUTERBOUND(#2791,.T.);
#2794= IFCFACE((#2793));
#2796= IFCPOLYLOOP((#448,#424,#380,#438));
#2798= IFCFACEOUTERBOUND(#2796,.T.);
#2799= IFCFACE((#2798));
#2801= IFCPOLYLOOP((#430,#452,#450,#418));
#2803= IFCFACEOUTERBOUND(#2801,.T.);
#2804= IFCFACE((#2803));
#2806= IFCPOLYLOOP((#404,#194,#426));
#2808= IFCFACEOUTERBOUND(#2806,.T.);
#2809= IFCFACE((#2808));
#2811= IFCPOLYLOOP((#428,#192,#294));
#2813= IFCFACEOUTERBOUND(#2811,.T.);
#2814= IFCFACE((#2813));
#2816= IFCPOLYLOOP((#292,#428,#294));
#2818= IFCFACEOUTERBOUND(#2816,.T.);
#2819= IFCFACE((#2818));
#2821= IFCPOLYLOOP((#402,#452,#400));
#2823= IFCFACEOUTERBOUND(#2821,.T.);
#2824= IFCFACE((#2823));
#2826= IFCPOLYLOOP((#436,#432,#424));
#2828= IFCFACEOUTERBOUND(#2826,.T.);
#2829= IFCFACE((#2828));
#2831= IFCPOLYLOOP((#290,#436,#292));
#2833= IFCFACEOUTERBOUND(#2831,.T.);
#2834= IFCFACE((#2833));
#2836= IFCPOLYLOOP((#436,#290,#432));
#2838= IFCFACEOUTERBOUND(#2836,.T.);
#2839= IFCFACE((#2838));
#2841= IFCPOLYLOOP((#452,#426,#450));
#2843= IFCFACEOUTERBOUND(#2841,.T.);
#2844= IFCFACE((#2843));
#2846= IFCPOLYLOOP((#442,#468,#422));
#2848= IFCFACEOUTERBOUND(#2846,.T.);
#2849= IFCFACE((#2848));
#2851= IFCPOLYLOOP((#464,#468,#408));
#2853= IFCFACEOUTERBOUND(#2851,.T.);
#2854= IFCFACE((#2853));
#2856= IFCPOLYLOOP((#442,#422,#376,#406));
#2858= IFCFACEOUTERBOUND(#2856,.T.);
#2859= IFCFACE((#2858));
#2861= IFCPOLYLOOP((#430,#374,#398));
#2863= IFCFACEOUTERBOUND(#2861,.T.);
#2864= IFCFACE((#2863));
#2866= IFCPOLYLOOP((#288,#230,#432));
#2868= IFCFACEOUTERBOUND(#2866,.T.);
#2869= IFCFACE((#2868));
#2871= IFCPOLYLOOP((#446,#412,#434));
#2873= IFCFACEOUTERBOUND(#2871,.T.);
#2874= IFCFACE((#2873));
#2876= IFCPOLYLOOP((#428,#292,#436));
#2878= IFCFACEOUTERBOUND(#2876,.T.);
#2879= IFCFACE((#2878));
#2881= IFCPOLYLOOP((#448,#440,#410));
#2883= IFCFACEOUTERBOUND(#2881,.T.);
#2884= IFCFACE((#2883));
#2886= IFCPOLYLOOP((#420,#462,#460));
#2888= IFCFACEOUTERBOUND(#2886,.T.);
#2889= IFCFACE((#2888));
#2891= IFCPOLYLOOP((#410,#428,#436));
#2893= IFCFACEOUTERBOUND(#2891,.T.);
#2894= IFCFACE((#2893));
#2896= IFCPOLYLOOP((#436,#424,#448));
#2898= IFCFACEOUTERBOUND(#2896,.T.);
#2899= IFCFACE((#2898));
#2901= IFCPOLYLOOP((#462,#466,#414));
#2903= IFCFACEOUTERBOUND(#2901,.T.);
#2904= IFCFACE((#2903));
#2906= IFCPOLYLOOP((#444,#446,#406));
#2908= IFCFACEOUTERBOUND(#2906,.T.);
#2909= IFCFACE((#2908));
#2911= IFCPOLYLOOP((#468,#434,#408));
#2913= IFCFACEOUTERBOUND(#2911,.T.);
#2914= IFCFACE((#2913));
#2916= IFCPOLYLOOP((#454,#418,#450));
#2918= IFCFACEOUTERBOUND(#2916,.T.);
#2919= IFCFACE((#2918));
#2921= IFCPOLYLOOP((#406,#446,#442));
#2923= IFCFACEOUTERBOUND(#2921,.T.);
#2924= IFCFACE((#2923));
#2926= IFCPOLYLOOP((#454,#446,#444));
#2928= IFCFACEOUTERBOUND(#2926,.T.);
#2929= IFCFACE((#2928));
#2931= IFCPOLYLOOP((#436,#448,#410));
#2933= IFCFACEOUTERBOUND(#2931,.T.);
#2934= IFCFACE((#2933));
#2936= IFCPOLYLOOP((#466,#438,#414));
#2938= IFCFACEOUTERBOUND(#2936,.T.);
#2939= IFCFACE((#2938));
#2941= IFCPOLYLOOP((#454,#456,#412));
#2943= IFCFACEOUTERBOUND(#2941,.T.);
#2944= IFCFACE((#2943));
#2946= IFCPOLYLOOP((#456,#454,#450));
#2948= IFCFACEOUTERBOUND(#2946,.T.);
#2949= IFCFACE((#2948));
#2951= IFCPOLYLOOP((#452,#402,#404));
#2953= IFCFACEOUTERBOUND(#2951,.T.);
#2954= IFCFACE((#2953));
#2956= IFCPOLYLOOP((#446,#454,#412));
#2958= IFCFACEOUTERBOUND(#2956,.T.);
#2959= IFCFACE((#2958));
#2961= IFCPOLYLOOP((#454,#444,#386,#418));
#2963= IFCFACEOUTERBOUND(#2961,.T.);
#2964= IFCFACE((#2963));
#2966= IFCPOLYLOOP((#450,#426,#456));
#2968= IFCFACEOUTERBOUND(#2966,.T.);
#2969= IFCFACE((#2968));
#2971= IFCPOLYLOOP((#462,#414,#394,#458));
#2973= IFCFACEOUTERBOUND(#2971,.T.);
#2974= IFCFACE((#2973));
#2976= IFCPOLYLOOP((#458,#464,#462));
#2978= IFCFACEOUTERBOUND(#2976,.T.);
#2979= IFCFACE((#2978));
#2981= IFCPOLYLOOP((#458,#416,#464));
#2983= IFCFACEOUTERBOUND(#2981,.T.);
#2984= IFCFACE((#2983));
#2986= IFCPOLYLOOP((#420,#440,#466));
#2988= IFCFACEOUTERBOUND(#2986,.T.);
#2989= IFCFACE((#2988));
#2991= IFCPOLYLOOP((#462,#464,#460));
#2993= IFCFACEOUTERBOUND(#2991,.T.);
#2994= IFCFACE((#2993));
#2996= IFCPOLYLOOP((#416,#422,#468));
#2998= IFCFACEOUTERBOUND(#2996,.T.);
#2999= IFCFACE((#2998));
#3001= IFCPOLYLOOP((#466,#448,#438));
#3003= IFCFACEOUTERBOUND(#3001,.T.);
#3004= IFCFACE((#3003));
#3006= IFCPOLYLOOP((#420,#466,#462));
#3008= IFCFACEOUTERBOUND(#3006,.T.);
#3009= IFCFACE((#3008));
#3011= IFCPOLYLOOP((#468,#464,#416));
#3013= IFCFACEOUTERBOUND(#3011,.T.);
#3014= IFCFACE((#3013));
#3016= IFCPOLYLOOP((#434,#468,#442));
#3018= IFCFACEOUTERBOUND(#3016,.T.);
#3019= IFCFACE((#3018));
#3021= IFCPOLYLOOP((#520,#498,#470));
#3023= IFCFACEOUTERBOUND(#3021,.T.);
#3024= IFCFACE((#3023));
#3026= IFCPOLYLOOP((#510,#514,#502));
#3028= IFCFACEOUTERBOUND(#3026,.T.);
#3029= IFCFACE((#3028));
#3031= IFCPOLYLOOP((#500,#338,#336));
#3033= IFCFACEOUTERBOUND(#3031,.T.);
#3034= IFCFACE((#3033));
#3036= IFCPOLYLOOP((#476,#494,#520));
#3038= IFCFACEOUTERBOUND(#3036,.T.);
#3039= IFCFACE((#3038));
#3041= IFCPOLYLOOP((#474,#520,#472));
#3043= IFCFACEOUTERBOUND(#3041,.T.);
#3044= IFCFACE((#3043));
#3046= IFCPOLYLOOP((#520,#470,#472));
#3048= IFCFACEOUTERBOUND(#3046,.T.);
#3049= IFCFACE((#3048));
#3051= IFCPOLYLOOP((#534,#508,#516));
#3053= IFCFACEOUTERBOUND(#3051,.T.);
#3054= IFCFACE((#3053));
#3056= IFCPOLYLOOP((#532,#378,#528));
#3058= IFCFACEOUTERBOUND(#3056,.T.);
#3059= IFCFACE((#3058));
#3061= IFCPOLYLOOP((#498,#518,#486));
#3063= IFCFACEOUTERBOUND(#3061,.T.);
#3064= IFCFACE((#3063));
#3066= IFCPOLYLOOP((#476,#368,#494));
#3068= IFCFACEOUTERBOUND(#3066,.T.);
#3069= IFCFACE((#3068));
#3071= IFCPOLYLOOP((#496,#256,#342));
#3073= IFCFACEOUTERBOUND(#3071,.T.);
#3074= IFCFACE((#3073));
#3076= IFCPOLYLOOP((#340,#496,#342));
#3078= IFCFACEOUTERBOUND(#3076,.T.);
#3079= IFCFACE((#3078));
#3081= IFCPOLYLOOP((#516,#492,#506));
#3083= IFCFACEOUTERBOUND(#3081,.T.);
#3084= IFCFACE((#3083));
#3086= IFCPOLYLOOP((#504,#500,#492));
#3088= IFCFACEOUTERBOUND(#3086,.T.);
#3089= IFCFACE((#3088));
#3091= IFCPOLYLOOP((#338,#504,#340));
#3093= IFCFACEOUTERBOUND(#3091,.T.);
#3094= IFCFACE((#3093));
#3096= IFCPOLYLOOP((#504,#338,#500));
#3098= IFCFACEOUTERBOUND(#3096,.T.);
#3099= IFCFACE((#3098));
#3101= IFCPOLYLOOP((#520,#494,#524,#518));
#3103= IFCFACEOUTERBOUND(#3101,.T.);
#3104= IFCFACE((#3103));
#3106= IFCPOLYLOOP((#510,#536,#490));
#3108= IFCFACEOUTERBOUND(#3106,.T.);
#3109= IFCFACE((#3108));
#3111= IFCPOLYLOOP((#532,#536,#378));
#3113= IFCFACEOUTERBOUND(#3111,.T.);
#3114= IFCFACE((#3113));
#3116= IFCPOLYLOOP((#490,#478,#510));
#3118= IFCFACEOUTERBOUND(#3116,.T.);
#3119= IFCFACE((#3118));
#3121= IFCPOLYLOOP((#498,#180,#470));
#3123= IFCFACEOUTERBOUND(#3121,.T.);
#3124= IFCFACE((#3123));
#3126= IFCPOLYLOOP((#514,#388,#502));
#3128= IFCFACEOUTERBOUND(#3126,.T.);
#3129= IFCFACE((#3128));
#3131= IFCPOLYLOOP((#336,#134,#500));
#3133= IFCFACEOUTERBOUND(#3131,.T.);
#3134= IFCFACE((#3133));
#3136= IFCPOLYLOOP((#496,#340,#504));
#3138= IFCFACEOUTERBOUND(#3136,.T.);
#3139= IFCFACE((#3138));
#3141= IFCPOLYLOOP((#516,#508,#390,#480));
#3143= IFCFACEOUTERBOUND(#3141,.T.);
#3144= IFCFACE((#3143));
#3146= IFCPOLYLOOP((#488,#530,#528));
#3148= IFCFACEOUTERBOUND(#3146,.T.);
#3149= IFCFACE((#3148));
#3151= IFCPOLYLOOP((#480,#496,#504));
#3153= IFCFACEOUTERBOUND(#3151,.T.);
#3154= IFCFACE((#3153));
#3156= IFCPOLYLOOP((#504,#492,#516));
#3158= IFCFACEOUTERBOUND(#3156,.T.);
#3159= IFCFACE((#3158));
#3161= IFCPOLYLOOP((#530,#534,#482));
#3163= IFCFACEOUTERBOUND(#3161,.T.);
#3164= IFCFACE((#3163));
#3166= IFCPOLYLOOP((#512,#514,#478));
#3168= IFCFACEOUTERBOUND(#3166,.T.);
#3169= IFCFACE((#3168));
#3171= IFCPOLYLOOP((#536,#502,#378));
#3173= IFCFACEOUTERBOUND(#3171,.T.);
#3174= IFCFACE((#3173));
#3176= IFCPOLYLOOP((#522,#486,#518));
#3178= IFCFACEOUTERBOUND(#3176,.T.);
#3179= IFCFACE((#3178));
#3181= IFCPOLYLOOP((#478,#514,#510));
#3183= IFCFACEOUTERBOUND(#3181,.T.);
#3184= IFCFACE((#3183));
#3186= IFCPOLYLOOP((#522,#514,#512));
#3188= IFCFACEOUTERBOUND(#3186,.T.);
#3189= IFCFACE((#3188));
#3191= IFCPOLYLOOP((#504,#516,#480));
#3193= IFCFACEOUTERBOUND(#3191,.T.);
#3194= IFCFACE((#3193));
#3196= IFCPOLYLOOP((#534,#506,#482));
#3198= IFCFACEOUTERBOUND(#3196,.T.);
#3199= IFCFACE((#3198));
#3201= IFCPOLYLOOP((#522,#524,#388));
#3203= IFCFACEOUTERBOUND(#3201,.T.);
#3204= IFCFACE((#3203));
#3206= IFCPOLYLOOP((#524,#522,#518));
#3208= IFCFACEOUTERBOUND(#3206,.T.);
#3209= IFCFACE((#3208));
#3211= IFCPOLYLOOP((#520,#474,#476));
#3213= IFCFACEOUTERBOUND(#3211,.T.);
#3214= IFCFACE((#3213));
#3216= IFCPOLYLOOP((#498,#520,#518));
#3218= IFCFACEOUTERBOUND(#3216,.T.);
#3219= IFCFACE((#3218));
#3221= IFCPOLYLOOP((#514,#522,#388));
#3223= IFCFACEOUTERBOUND(#3221,.T.);
#3224= IFCFACE((#3223));
#3226= IFCPOLYLOOP((#512,#486,#522));
#3228= IFCFACEOUTERBOUND(#3226,.T.);
#3229= IFCFACE((#3228));
#3231= IFCPOLYLOOP((#482,#526,#530));
#3233= IFCFACEOUTERBOUND(#3231,.T.);
#3234= IFCFACE((#3233));
#3236= IFCPOLYLOOP((#526,#532,#530));
#3238= IFCFACEOUTERBOUND(#3236,.T.);
#3239= IFCFACE((#3238));
#3241= IFCPOLYLOOP((#526,#484,#532));
#3243= IFCFACEOUTERBOUND(#3241,.T.);
#3244= IFCFACE((#3243));
#3246= IFCPOLYLOOP((#488,#508,#534));
#3248= IFCFACEOUTERBOUND(#3246,.T.);
#3249= IFCFACE((#3248));
#3251= IFCPOLYLOOP((#530,#532,#528));
#3253= IFCFACEOUTERBOUND(#3251,.T.);
#3254= IFCFACE((#3253));
#3256= IFCPOLYLOOP((#484,#490,#536));
#3258= IFCFACEOUTERBOUND(#3256,.T.);
#3259= IFCFACE((#3258));
#3261= IFCPOLYLOOP((#534,#516,#506));
#3263= IFCFACEOUTERBOUND(#3261,.T.);
#3264= IFCFACE((#3263));
#3266= IFCPOLYLOOP((#488,#534,#530));
#3268= IFCFACEOUTERBOUND(#3266,.T.);
#3269= IFCFACE((#3268));
#3271= IFCPOLYLOOP((#536,#532,#484));
#3273= IFCFACEOUTERBOUND(#3271,.T.);
#3274= IFCFACE((#3273));
#3276= IFCPOLYLOOP((#502,#536,#510));
#3278= IFCFACEOUTERBOUND(#3276,.T.);
#3279= IFCFACE((#3278));
#3281= IFCPOLYLOOP((#368,#538,#568));
#3283= IFCFACEOUTERBOUND(#3281,.T.);
#3284= IFCFACE((#3283));
#3286= IFCPOLYLOOP((#558,#560,#574));
#3288= IFCFACEOUTERBOUND(#3286,.T.);
#3289= IFCFACE((#3288));
#3291= IFCPOLYLOOP((#562,#372,#568));
#3293= IFCFACEOUTERBOUND(#3291,.T.);
#3294= IFCFACE((#3293));
#3296= IFCPOLYLOOP((#574,#576,#558));
#3298= IFCFACEOUTERBOUND(#3296,.T.);
#3299= IFCFACE((#3298));
#3301= IFCPOLYLOOP((#576,#574,#572));
#3303= IFCFACEOUTERBOUND(#3301,.T.);
#3304= IFCFACE((#3303));
#3306= IFCPOLYLOOP((#572,#562,#570));
#3308= IFCFACEOUTERBOUND(#3306,.T.);
#3309= IFCFACE((#3308));
#3311= IFCPOLYLOOP((#374,#372,#560));
#3313= IFCFACEOUTERBOUND(#3311,.T.);
#3314= IFCFACE((#3313));
#3316= IFCPOLYLOOP((#578,#576,#566));
#3318= IFCFACEOUTERBOUND(#3316,.T.);
#3319= IFCFACE((#3318));
#3321= IFCPOLYLOOP((#562,#572,#574));
#3323= IFCFACEOUTERBOUND(#3321,.T.);
#3324= IFCFACE((#3323));
#3326= IFCPOLYLOOP((#370,#568,#372));
#3328= IFCFACEOUTERBOUND(#3326,.T.);
#3329= IFCFACE((#3328));
#3331= IFCPOLYLOOP((#560,#372,#562));
#3333= IFCFACEOUTERBOUND(#3331,.T.);
#3334= IFCFACE((#3333));
#3336= IFCPOLYLOOP((#562,#568,#570));
#3338= IFCFACEOUTERBOUND(#3336,.T.);
#3339= IFCFACE((#3338));
#3341= IFCPOLYLOOP((#540,#542,#566));
#3343= IFCFACEOUTERBOUND(#3341,.T.);
#3344= IFCFACE((#3343));
#3346= IFCPOLYLOOP((#572,#566,#576));
#3348= IFCFACEOUTERBOUND(#3346,.T.);
#3349= IFCFACE((#3348));
#3351= IFCPOLYLOOP((#584,#564,#582));
#3353= IFCFACEOUTERBOUND(#3351,.T.);
#3354= IFCFACE((#3353));
#3356= IFCPOLYLOOP((#572,#540,#566));
#3358= IFCFACEOUTERBOUND(#3356,.T.);
#3359= IFCFACE((#3358));
#3361= IFCPOLYLOOP((#548,#586,#546));
#3363= IFCFACEOUTERBOUND(#3361,.T.);
#3364= IFCFACE((#3363));
#3366= IFCPOLYLOOP((#570,#568,#538));
#3368= IFCFACEOUTERBOUND(#3366,.T.);
#3369= IFCFACE((#3368));
#3371= IFCPOLYLOOP((#538,#540,#570));
#3373= IFCFACEOUTERBOUND(#3371,.T.);
#3374= IFCFACE((#3373));
#3376= IFCPOLYLOOP((#548,#550,#564));
#3378= IFCFACEOUTERBOUND(#3376,.T.);
#3379= IFCFACE((#3378));
#3381= IFCPOLYLOOP((#556,#578,#580));
#3383= IFCFACEOUTERBOUND(#3381,.T.);
#3384= IFCFACE((#3383));
#3386= IFCPOLYLOOP((#564,#584,#586));
#3388= IFCFACEOUTERBOUND(#3386,.T.);
#3389= IFCFACE((#3388));
#3391= IFCPOLYLOOP((#550,#552,#554));
#3393= IFCFACEOUTERBOUND(#3391,.T.);
#3394= IFCFACE((#3393));
#3396= IFCPOLYLOOP((#560,#562,#574));
#3398= IFCFACEOUTERBOUND(#3396,.T.);
#3399= IFCFACE((#3398));
#3401= IFCPOLYLOOP((#550,#554,#564));
#3403= IFCFACEOUTERBOUND(#3401,.T.);
#3404= IFCFACE((#3403));
#3406= IFCPOLYLOOP((#556,#580,#554));
#3408= IFCFACEOUTERBOUND(#3406,.T.);
#3409= IFCFACE((#3408));
#3411= IFCPOLYLOOP((#368,#568,#370));
#3413= IFCFACEOUTERBOUND(#3411,.T.);
#3414= IFCFACE((#3413));
#3416= IFCPOLYLOOP((#576,#578,#558));
#3418= IFCFACEOUTERBOUND(#3416,.T.);
#3419= IFCFACE((#3418));
#3421= IFCPOLYLOOP((#540,#572,#570));
#3423= IFCFACEOUTERBOUND(#3421,.T.);
#3424= IFCFACE((#3423));
#3426= IFCPOLYLOOP((#582,#564,#580));
#3428= IFCFACEOUTERBOUND(#3426,.T.);
#3429= IFCFACE((#3428));
#3431= IFCPOLYLOOP((#582,#580,#578));
#3433= IFCFACEOUTERBOUND(#3431,.T.);
#3434= IFCFACE((#3433));
#3436= IFCPOLYLOOP((#558,#578,#556));
#3438= IFCFACEOUTERBOUND(#3436,.T.);
#3439= IFCFACE((#3438));
#3441= IFCPOLYLOOP((#582,#578,#566));
#3443= IFCFACEOUTERBOUND(#3441,.T.);
#3444= IFCFACE((#3443));
#3446= IFCPOLYLOOP((#554,#580,#564));
#3448= IFCFACEOUTERBOUND(#3446,.T.);
#3449= IFCFACE((#3448));
#3451= IFCPOLYLOOP((#566,#542,#582));
#3453= IFCFACEOUTERBOUND(#3451,.T.);
#3454= IFCFACE((#3453));
#3456= IFCPOLYLOOP((#584,#542,#544));
#3458= IFCFACEOUTERBOUND(#3456,.T.);
#3459= IFCFACE((#3458));
#3461= IFCPOLYLOOP((#542,#584,#582));
#3463= IFCFACEOUTERBOUND(#3461,.T.);
#3464= IFCFACE((#3463));
#3466= IFCPOLYLOOP((#586,#584,#544));
#3468= IFCFACEOUTERBOUND(#3466,.T.);
#3469= IFCFACE((#3468));
#3471= IFCPOLYLOOP((#546,#586,#544));
#3473= IFCFACEOUTERBOUND(#3471,.T.);
#3474= IFCFACE((#3473));
#3476= IFCPOLYLOOP((#564,#586,#548));
#3478= IFCFACEOUTERBOUND(#3476,.T.);
#3479= IFCFACE((#3478));
#3481= IFCPOLYLOOP((#558,#556,#600));
#3483= IFCFACEOUTERBOUND(#3481,.T.);
#3484= IFCFACE((#3483));
#3486= IFCPOLYLOOP((#398,#374,#560));
#3488= IFCFACEOUTERBOUND(#3486,.T.);
#3489= IFCFACE((#3488));
#3491= IFCPOLYLOOP((#398,#596,#400));
#3493= IFCFACEOUTERBOUND(#3491,.T.);
#3494= IFCFACE((#3493));
#3496= IFCPOLYLOOP((#596,#398,#560));
#3498= IFCFACEOUTERBOUND(#3496,.T.);
#3499= IFCFACE((#3498));
#3501= IFCPOLYLOOP((#602,#604,#616));
#3503= IFCFACEOUTERBOUND(#3501,.T.);
#3504= IFCFACE((#3503));
#3506= IFCPOLYLOOP((#600,#616,#604));
#3508= IFCFACEOUTERBOUND(#3506,.T.);
#3509= IFCFACE((#3508));
#3511= IFCPOLYLOOP((#602,#616,#198));
#3513= IFCFACEOUTERBOUND(#3511,.T.);
#3514= IFCFACE((#3513));
#3516= IFCPOLYLOOP((#606,#608,#598));
#3518= IFCFACEOUTERBOUND(#3516,.T.);
#3519= IFCFACE((#3518));
#3521= IFCPOLYLOOP((#614,#616,#618));
#3523= IFCFACEOUTERBOUND(#3521,.T.);
#3524= IFCFACE((#3523));
#3526= IFCPOLYLOOP((#596,#610,#402));
#3528= IFCFACEOUTERBOUND(#3526,.T.);
#3529= IFCFACE((#3528));
#3531= IFCPOLYLOOP((#202,#200,#606));
#3533= IFCFACEOUTERBOUND(#3531,.T.);
#3534= IFCFACE((#3533));
#3536= IFCPOLYLOOP((#194,#404,#610));
#3538= IFCFACEOUTERBOUND(#3536,.T.);
#3539= IFCFACE((#3538));
#3541= IFCPOLYLOOP((#402,#400,#596));
#3543= IFCFACEOUTERBOUND(#3541,.T.);
#3544= IFCFACE((#3543));
#3546= IFCPOLYLOOP((#610,#196,#194));
#3548= IFCFACEOUTERBOUND(#3546,.T.);
#3549= IFCFACE((#3548));
#3551= IFCPOLYLOOP((#610,#602,#196));
#3553= IFCFACEOUTERBOUND(#3551,.T.);
#3554= IFCFACE((#3553));
#3556= IFCPOLYLOOP((#560,#604,#596));
#3558= IFCFACEOUTERBOUND(#3556,.T.);
#3559= IFCFACE((#3558));
#3561= IFCPOLYLOOP((#196,#602,#198));
#3563= IFCFACEOUTERBOUND(#3561,.T.);
#3564= IFCFACE((#3563));
#3566= IFCPOLYLOOP((#604,#602,#596));
#3568= IFCFACEOUTERBOUND(#3566,.T.);
#3569= IFCFACE((#3568));
#3571= IFCPOLYLOOP((#554,#598,#608));
#3573= IFCFACEOUTERBOUND(#3571,.T.);
#3574= IFCFACE((#3573));
#3576= IFCPOLYLOOP((#606,#612,#202));
#3578= IFCFACEOUTERBOUND(#3576,.T.);
#3579= IFCFACE((#3578));
#3581= IFCPOLYLOOP((#588,#590,#598));
#3583= IFCFACEOUTERBOUND(#3581,.T.);
#3584= IFCFACE((#3583));
#3586= IFCPOLYLOOP((#588,#554,#552));
#3588= IFCFACEOUTERBOUND(#3586,.T.);
#3589= IFCFACE((#3588));
#3591= IFCPOLYLOOP((#402,#610,#404));
#3593= IFCFACEOUTERBOUND(#3591,.T.);
#3594= IFCFACE((#3593));
#3596= IFCPOLYLOOP((#554,#608,#556));
#3598= IFCFACEOUTERBOUND(#3596,.T.);
#3599= IFCFACE((#3598));
#3601= IFCPOLYLOOP((#602,#610,#596));
#3603= IFCFACEOUTERBOUND(#3601,.T.);
#3604= IFCFACE((#3603));
#3606= IFCPOLYLOOP((#598,#590,#592));
#3608= IFCFACEOUTERBOUND(#3606,.T.);
#3609= IFCFACE((#3608));
#3611= IFCPOLYLOOP((#612,#592,#594));
#3613= IFCFACEOUTERBOUND(#3611,.T.);
#3614= IFCFACE((#3613));
#3616= IFCPOLYLOOP((#606,#598,#612));
#3618= IFCFACEOUTERBOUND(#3616,.T.);
#3619= IFCFACE((#3618));
#3621= IFCPOLYLOOP((#612,#204,#202));
#3623= IFCFACEOUTERBOUND(#3621,.T.);
#3624= IFCFACE((#3623));
#3626= IFCPOLYLOOP((#612,#594,#204));
#3628= IFCFACEOUTERBOUND(#3626,.T.);
#3629= IFCFACE((#3628));
#3631= IFCPOLYLOOP((#608,#600,#556));
#3633= IFCFACEOUTERBOUND(#3631,.T.);
#3634= IFCFACE((#3633));
#3636= IFCPOLYLOOP((#614,#618,#200));
#3638= IFCFACEOUTERBOUND(#3636,.T.);
#3639= IFCFACE((#3638));
#3641= IFCPOLYLOOP((#598,#554,#588));
#3643= IFCFACEOUTERBOUND(#3641,.T.);
#3644= IFCFACE((#3643));
#3646= IFCPOLYLOOP((#604,#560,#558));
#3648= IFCFACEOUTERBOUND(#3646,.T.);
#3649= IFCFACE((#3648));
#3651= IFCPOLYLOOP((#608,#606,#618));
#3653= IFCFACEOUTERBOUND(#3651,.T.);
#3654= IFCFACE((#3653));
#3656= IFCPOLYLOOP((#198,#616,#614));
#3658= IFCFACEOUTERBOUND(#3656,.T.);
#3659= IFCFACE((#3658));
#3661= IFCPOLYLOOP((#592,#612,#598));
#3663= IFCFACEOUTERBOUND(#3661,.T.);
#3664= IFCFACE((#3663));
#3666= IFCPOLYLOOP((#600,#604,#558));
#3668= IFCFACEOUTERBOUND(#3666,.T.);
#3669= IFCFACE((#3668));
#3671= IFCPOLYLOOP((#616,#600,#618));
#3673= IFCFACEOUTERBOUND(#3671,.T.);
#3674= IFCFACE((#3673));
#3676= IFCPOLYLOOP((#608,#618,#600));
#3678= IFCFACEOUTERBOUND(#3676,.T.);
#3679= IFCFACE((#3678));
#3681= IFCPOLYLOOP((#200,#618,#606));
#3683= IFCFACEOUTERBOUND(#3681,.T.);
#3684= IFCFACE((#3683));
#3686= IFCPOLYLOOP((#180,#642,#470));
#3688= IFCFACEOUTERBOUND(#3686,.T.);
#3689= IFCFACE((#3688));
#3691= IFCPOLYLOOP((#622,#644,#620));
#3693= IFCFACEOUTERBOUND(#3691,.T.);
#3694= IFCFACE((#3693));
#3696= IFCPOLYLOOP((#538,#476,#628));
#3698= IFCFACEOUTERBOUND(#3696,.T.);
#3699= IFCFACE((#3698));
#3701= IFCPOLYLOOP((#634,#642,#178));
#3703= IFCFACEOUTERBOUND(#3701,.T.);
#3704= IFCFACE((#3703));
#3706= IFCPOLYLOOP((#632,#640,#542));
#3708= IFCFACEOUTERBOUND(#3706,.T.);
#3709= IFCFACE((#3708));
#3711= IFCPOLYLOOP((#642,#180,#178));
#3713= IFCFACEOUTERBOUND(#3711,.T.);
#3714= IFCFACE((#3713));
#3716= IFCPOLYLOOP((#472,#642,#628));
#3718= IFCFACEOUTERBOUND(#3716,.T.);
#3719= IFCFACE((#3718));
#3721= IFCPOLYLOOP((#628,#642,#634));
#3723= IFCFACEOUTERBOUND(#3721,.T.);
#3724= IFCFACE((#3723));
#3726= IFCPOLYLOOP((#368,#476,#538));
#3728= IFCFACEOUTERBOUND(#3726,.T.);
#3729= IFCFACE((#3728));
#3731= IFCPOLYLOOP((#638,#648,#174));
#3733= IFCFACEOUTERBOUND(#3731,.T.);
#3734= IFCFACE((#3733));
#3736= IFCPOLYLOOP((#628,#474,#472));
#3738= IFCFACEOUTERBOUND(#3736,.T.);
#3739= IFCFACE((#3738));
#3741= IFCPOLYLOOP((#636,#538,#628));
#3743= IFCFACEOUTERBOUND(#3741,.T.);
#3744= IFCFACE((#3743));
#3746= IFCPOLYLOOP((#644,#172,#170));
#3748= IFCFACEOUTERBOUND(#3746,.T.);
#3749= IFCFACE((#3748));
#3751= IFCPOLYLOOP((#628,#476,#474));
#3753= IFCFACEOUTERBOUND(#3751,.T.);
#3754= IFCFACE((#3753));
#3756= IFCPOLYLOOP((#638,#640,#648));
#3758= IFCFACEOUTERBOUND(#3756,.T.);
#3759= IFCFACE((#3758));
#3761= IFCPOLYLOOP((#178,#176,#634));
#3763= IFCFACEOUTERBOUND(#3761,.T.);
#3764= IFCFACE((#3763));
#3766= IFCPOLYLOOP((#648,#646,#174));
#3768= IFCFACEOUTERBOUND(#3766,.T.);
#3769= IFCFACE((#3768));
#3771= IFCPOLYLOOP((#638,#644,#630));
#3773= IFCFACEOUTERBOUND(#3771,.T.);
#3774= IFCFACE((#3773));
#3776= IFCPOLYLOOP((#644,#638,#172));
#3778= IFCFACEOUTERBOUND(#3776,.T.);
#3779= IFCFACE((#3778));
#3781= IFCPOLYLOOP((#646,#648,#650));
#3783= IFCFACEOUTERBOUND(#3781,.T.);
#3784= IFCFACE((#3783));
#3786= IFCPOLYLOOP((#630,#644,#622));
#3788= IFCFACEOUTERBOUND(#3786,.T.);
#3789= IFCFACE((#3788));
#3791= IFCPOLYLOOP((#538,#636,#540));
#3793= IFCFACEOUTERBOUND(#3791,.T.);
#3794= IFCFACE((#3793));
#3796= IFCPOLYLOOP((#636,#634,#650));
#3798= IFCFACEOUTERBOUND(#3796,.T.);
#3799= IFCFACE((#3798));
#3801= IFCPOLYLOOP((#644,#170,#620));
#3803= IFCFACEOUTERBOUND(#3801,.T.);
#3804= IFCFACE((#3803));
#3806= IFCPOLYLOOP((#640,#638,#630));
#3808= IFCFACEOUTERBOUND(#3806,.T.);
#3809= IFCFACE((#3808));
#3811= IFCPOLYLOOP((#630,#622,#624));
#3813= IFCFACEOUTERBOUND(#3811,.T.);
#3814= IFCFACE((#3813));
#3816= IFCPOLYLOOP((#640,#544,#542));
#3818= IFCFACEOUTERBOUND(#3816,.T.);
#3819= IFCFACE((#3818));
#3821= IFCPOLYLOOP((#640,#632,#648));
#3823= IFCFACEOUTERBOUND(#3821,.T.);
#3824= IFCFACE((#3823));
#3826= IFCPOLYLOOP((#626,#546,#544));
#3828= IFCFACEOUTERBOUND(#3826,.T.);
#3829= IFCFACE((#3828));
#3831= IFCPOLYLOOP((#646,#650,#176));
#3833= IFCFACEOUTERBOUND(#3831,.T.);
#3834= IFCFACE((#3833));
#3836= IFCPOLYLOOP((#634,#636,#628));
#3838= IFCFACEOUTERBOUND(#3836,.T.);
#3839= IFCFACE((#3838));
#3841= IFCPOLYLOOP((#544,#630,#626));
#3843= IFCFACEOUTERBOUND(#3841,.T.);
#3844= IFCFACE((#3843));
#3846= IFCPOLYLOOP((#626,#630,#624));
#3848= IFCFACEOUTERBOUND(#3846,.T.);
#3849= IFCFACE((#3848));
#3851= IFCPOLYLOOP((#642,#472,#470));
#3853= IFCFACEOUTERBOUND(#3851,.T.);
#3854= IFCFACE((#3853));
#3856= IFCPOLYLOOP((#636,#632,#540));
#3858= IFCFACEOUTERBOUND(#3856,.T.);
#3859= IFCFACE((#3858));
#3861= IFCPOLYLOOP((#174,#172,#638));
#3863= IFCFACEOUTERBOUND(#3861,.T.);
#3864= IFCFACE((#3863));
#3866= IFCPOLYLOOP((#544,#640,#630));
#3868= IFCFACEOUTERBOUND(#3866,.T.);
#3869= IFCFACE((#3868));
#3871= IFCPOLYLOOP((#542,#540,#632));
#3873= IFCFACEOUTERBOUND(#3871,.T.);
#3874= IFCFACE((#3873));
#3876= IFCPOLYLOOP((#648,#632,#650));
#3878= IFCFACEOUTERBOUND(#3876,.T.);
#3879= IFCFACE((#3878));
#3881= IFCPOLYLOOP((#636,#650,#632));
#3883= IFCFACEOUTERBOUND(#3881,.T.);
#3884= IFCFACE((#3883));
#3886= IFCPOLYLOOP((#176,#650,#634));
#3888= IFCFACEOUTERBOUND(#3886,.T.);
#3889= IFCFACE((#3888));
#3891= IFCPOLYLOOP((#714,#682,#706));
#3893= IFCFACEOUTERBOUND(#3891,.T.);
#3894= IFCFACE((#3893));
#3896= IFCPOLYLOOP((#690,#692,#704));
#3898= IFCFACEOUTERBOUND(#3896,.T.);
#3899= IFCFACE((#3898));
#3901= IFCPOLYLOOP((#728,#660,#692));
#3903= IFCFACEOUTERBOUND(#3901,.T.);
#3904= IFCFACE((#3903));
#3906= IFCPOLYLOOP((#682,#708,#654));
#3908= IFCFACEOUTERBOUND(#3906,.T.);
#3909= IFCFACE((#3908));
#3911= IFCPOLYLOOP((#698,#728,#730));
#3913= IFCFACEOUTERBOUND(#3911,.T.);
#3914= IFCFACE((#3913));
#3916= IFCPOLYLOOP((#656,#706,#682));
#3918= IFCFACEOUTERBOUND(#3916,.T.);
#3919= IFCFACE((#3918));
#3921= IFCPOLYLOOP((#690,#704,#920,#776,#928,#668));
#3923= IFCFACEOUTERBOUND(#3921,.T.);
#3924= IFCFACE((#3923));
#3926= IFCPOLYLOOP((#712,#550,#684));
#3928= IFCFACEOUTERBOUND(#3926,.T.);
#3929= IFCFACE((#3928));
#3931= IFCPOLYLOOP((#682,#714,#716));
#3933= IFCFACEOUTERBOUND(#3931,.T.);
#3934= IFCFACE((#3933));
#3936= IFCPOLYLOOP((#684,#550,#548));
#3938= IFCFACEOUTERBOUND(#3936,.T.);
#3939= IFCFACE((#3938));
#3941= IFCPOLYLOOP((#682,#676,#976));
#3943= IFCFACEOUTERBOUND(#3941,.T.);
#3944= IFCFACE((#3943));
#3946= IFCPOLYLOOP((#688,#684,#680));
#3948= IFCFACEOUTERBOUND(#3946,.T.);
#3949= IFCFACE((#3948));
#3951= IFCPOLYLOOP((#690,#688,#670));
#3953= IFCFACEOUTERBOUND(#3951,.T.);
#3954= IFCFACE((#3953));
#3956= IFCPOLYLOOP((#684,#678,#766));
#3958= IFCFACEOUTERBOUND(#3956,.T.);
#3959= IFCFACE((#3958));
#3961= IFCPOLYLOOP((#682,#654,#656));
#3963= IFCFACEOUTERBOUND(#3961,.T.);
#3964= IFCFACE((#3963));
#3966= IFCPOLYLOOP((#714,#706,#842,#778,#674,#852,#784,#862,#720));
#3968= IFCFACEOUTERBOUND(#3966,.T.);
#3969= IFCFACE((#3968));
#3971= IFCPOLYLOOP((#678,#684,#688));
#3973= IFCFACEOUTERBOUND(#3971,.T.);
#3974= IFCFACE((#3973));
#3976= IFCPOLYLOOP((#548,#710,#684));
#3978= IFCFACEOUTERBOUND(#3976,.T.);
#3979= IFCFACE((#3978));
#3981= IFCPOLYLOOP((#654,#708,#988,#996,#652));
#3983= IFCFACEOUTERBOUND(#3981,.T.);
#3984= IFCFACE((#3983));
#3986= IFCPOLYLOOP((#548,#546,#994,#982,#710));
#3988= IFCFACEOUTERBOUND(#3986,.T.);
#3989= IFCFACE((#3988));
#3991= IFCPOLYLOOP((#688,#680,#1090,#1000,#1020,#946,#670));
#3993= IFCFACEOUTERBOUND(#3991,.T.);
#3994= IFCFACE((#3993));
#3996= IFCPOLYLOOP((#550,#712,#788,#802,#552));
#3998= IFCFACEOUTERBOUND(#3996,.T.);
#3999= IFCFACE((#3998));
#4001= IFCPOLYLOOP((#656,#658,#796,#794,#706));
#4003= IFCFACEOUTERBOUND(#4001,.T.);
#4004= IFCFACE((#4003));
#4006= IFCPOLYLOOP((#736,#702,#734));
#4008= IFCFACEOUTERBOUND(#4006,.T.);
#4009= IFCFACE((#4008));
#4011= IFCPOLYLOOP((#686,#718,#716));
#4013= IFCFACEOUTERBOUND(#4011,.T.);
#4014= IFCFACE((#4013));
#4016= IFCPOLYLOOP((#690,#670,#1126,#964,#724,#1118,#960,#672));
#4018= IFCFACEOUTERBOUND(#4016,.T.);
#4019= IFCFACE((#4018));
#4021= IFCPOLYLOOP((#688,#668,#756,#808,#722,#806,#890,#678));
#4023= IFCFACEOUTERBOUND(#4021,.T.);
#4024= IFCFACE((#4023));
#4026= IFCPOLYLOOP((#690,#672,#692));
#4028= IFCFACEOUTERBOUND(#4026,.T.);
#4029= IFCFACE((#4028));
#4031= IFCPOLYLOOP((#668,#688,#690));
#4033= IFCFACEOUTERBOUND(#4031,.T.);
#4034= IFCFACE((#4033));
#4036= IFCPOLYLOOP((#730,#726,#1100,#662));
#4038= IFCFACEOUTERBOUND(#4036,.T.);
#4039= IFCFACE((#4038));
#4041= IFCPOLYLOOP((#698,#700,#702));
#4043= IFCFACEOUTERBOUND(#4041,.T.);
#4044= IFCFACE((#4043));
#4046= IFCPOLYLOOP((#694,#698,#702));
#4048= IFCFACEOUTERBOUND(#4046,.T.);
#4049= IFCFACE((#4048));
#4051= IFCPOLYLOOP((#698,#694,#822,#746,#696));
#4053= IFCFACEOUTERBOUND(#4051,.T.);
#4054= IFCFACE((#4053));
#4056= IFCPOLYLOOP((#728,#698,#696));
#4058= IFCFACEOUTERBOUND(#4056,.T.);
#4059= IFCFACE((#4058));
#4061= IFCPOLYLOOP((#734,#700,#950,#1010,#1008,#664,#1064,#948,#1056,#718));
#4063= IFCFACEOUTERBOUND(#4061,.T.);
#4064= IFCFACE((#4063));
#4066= IFCPOLYLOOP((#702,#666,#810,#826,#732,#770,#882,#816,#694));
#4068= IFCFACEOUTERBOUND(#4066,.T.);
#4069= IFCFACE((#4068));
#4071= IFCPOLYLOOP((#698,#662,#1016,#1014,#1076,#700));
#4073= IFCFACEOUTERBOUND(#4071,.T.);
#4074= IFCFACE((#4073));
#4076= IFCPOLYLOOP((#692,#660,#910,#758,#704));
#4078= IFCFACEOUTERBOUND(#4076,.T.);
#4079= IFCFACE((#4078));
#4081= IFCPOLYLOOP((#684,#710,#1024));
#4083= IFCFACEOUTERBOUND(#4081,.T.);
#4084= IFCFACE((#4083));
#4086= IFCPOLYLOOP((#714,#720,#686));
#4088= IFCFACEOUTERBOUND(#4086,.T.);
#4089= IFCFACE((#4088));
#4091= IFCPOLYLOOP((#716,#714,#686));
#4093= IFCFACEOUTERBOUND(#4091,.T.);
#4094= IFCFACE((#4093));
#4096= IFCPOLYLOOP((#692,#672,#1108,#968,#726));
#4098= IFCFACEOUTERBOUND(#4096,.T.);
#4099= IFCFACE((#4098));
#4101= IFCPOLYLOOP((#682,#716,#676));
#4103= IFCFACEOUTERBOUND(#4101,.T.);
#4104= IFCFACE((#4103));
#4106= IFCPOLYLOOP((#686,#734,#718));
#4108= IFCFACEOUTERBOUND(#4106,.T.);
#4109= IFCFACE((#4108));
#4111= IFCPOLYLOOP((#716,#718,#978,#1046,#676));
#4113= IFCFACEOUTERBOUND(#4111,.T.);
#4114= IFCFACE((#4113));
#4116= IFCPOLYLOOP((#736,#720,#760,#870,#666));
#4118= IFCFACEOUTERBOUND(#4116,.T.);
#4119= IFCFACE((#4118));
#4121= IFCPOLYLOOP((#728,#696,#906,#762,#660));
#4123= IFCFACEOUTERBOUND(#4121,.T.);
#4124= IFCFACE((#4123));
#4126= IFCPOLYLOOP((#730,#728,#692));
#4128= IFCFACEOUTERBOUND(#4126,.T.);
#4129= IFCFACE((#4128));
#4131= IFCPOLYLOOP((#726,#730,#692));
#4133= IFCFACEOUTERBOUND(#4131,.T.);
#4134= IFCFACE((#4133));
#4136= IFCPOLYLOOP((#698,#730,#662));
#4138= IFCFACEOUTERBOUND(#4136,.T.);
#4139= IFCFACE((#4138));
#4141= IFCPOLYLOOP((#736,#734,#686));
#4143= IFCFACEOUTERBOUND(#4141,.T.);
#4144= IFCFACE((#4143));
#4146= IFCPOLYLOOP((#700,#734,#702));
#4148= IFCFACEOUTERBOUND(#4146,.T.);
#4149= IFCFACE((#4148));
#4151= IFCPOLYLOOP((#720,#736,#686));
#4153= IFCFACEOUTERBOUND(#4151,.T.);
#4154= IFCFACE((#4153));
#4156= IFCPOLYLOOP((#702,#736,#666));
#4158= IFCFACEOUTERBOUND(#4156,.T.);
#4159= IFCFACE((#4158));
#4161= IFCPOLYLOOP((#886,#902,#746));
#4163= IFCFACEOUTERBOUND(#4161,.T.);
#4164= IFCFACE((#4163));
#4166= IFCPOLYLOOP((#742,#832,#740));
#4168= IFCFACEOUTERBOUND(#4166,.T.);
#4169= IFCFACE((#4168));
#4171= IFCPOLYLOOP((#832,#800,#830));
#4173= IFCFACEOUTERBOUND(#4171,.T.);
#4174= IFCFACE((#4173));
#4176= IFCPOLYLOOP((#830,#800,#792,#838,#840));
#4178= IFCFACEOUTERBOUND(#4176,.T.);
#4179= IFCFACE((#4178));
#4181= IFCPOLYLOOP((#744,#206,#800));
#4183= IFCFACEOUTERBOUND(#4181,.T.);
#4184= IFCFACE((#4183));
#4186= IFCPOLYLOOP((#798,#204,#594));
#4188= IFCFACEOUTERBOUND(#4186,.T.);
#4189= IFCFACE((#4188));
#4191= IFCPOLYLOOP((#924,#918,#764));
#4193= IFCFACEOUTERBOUND(#4191,.T.);
#4194= IFCFACE((#4193));
#4196= IFCPOLYLOOP((#588,#552,#802));
#4198= IFCFACEOUTERBOUND(#4196,.T.);
#4199= IFCFACE((#4198));
#4201= IFCPOLYLOOP((#658,#738,#796));
#4203= IFCFACEOUTERBOUND(#4201,.T.);
#4204= IFCFACE((#4203));
#4206= IFCPOLYLOOP((#858,#864,#862));
#4208= IFCFACEOUTERBOUND(#4206,.T.);
#4209= IFCFACE((#4208));
#4211= IFCPOLYLOOP((#764,#922,#924));
#4213= IFCFACEOUTERBOUND(#4211,.T.);
#4214= IFCFACE((#4213));
#4216= IFCPOLYLOOP((#772,#912,#914));
#4218= IFCFACEOUTERBOUND(#4216,.T.);
#4219= IFCFACE((#4218));
#4221= IFCPOLYLOOP((#932,#934,#928));
#4223= IFCFACEOUTERBOUND(#4221,.T.);
#4224= IFCFACE((#4223));
#4226= IFCPOLYLOOP((#872,#810,#874));
#4228= IFCFACEOUTERBOUND(#4226,.T.);
#4229= IFCFACE((#4228));
#4231= IFCPOLYLOOP((#796,#830,#794));
#4233= IFCFACEOUTERBOUND(#4231,.T.);
#4234= IFCFACE((#4233));
#4236= IFCPOLYLOOP((#840,#842,#706,#794));
#4238= IFCFACEOUTERBOUND(#4236,.T.);
#4239= IFCFACE((#4238));
#4241= IFCPOLYLOOP((#854,#828,#846));
#4243= IFCFACEOUTERBOUND(#4241,.T.);
#4244= IFCFACE((#4243));
#4246= IFCPOLYLOOP((#766,#898,#854));
#4248= IFCFACEOUTERBOUND(#4246,.T.);
#4249= IFCFACE((#4248));
#4251= IFCPOLYLOOP((#932,#926,#768));
#4253= IFCFACEOUTERBOUND(#4251,.T.);
#4254= IFCFACE((#4253));
#4256= IFCPOLYLOOP((#884,#900,#880));
#4258= IFCFACEOUTERBOUND(#4256,.T.);
#4259= IFCFACE((#4258));
#4261= IFCPOLYLOOP((#902,#886,#820));
#4263= IFCFACEOUTERBOUND(#4261,.T.);
#4264= IFCFACE((#4263));
#4266= IFCPOLYLOOP((#836,#594,#592));
#4268= IFCFACEOUTERBOUND(#4266,.T.);
#4269= IFCFACE((#4268));
#4271= IFCPOLYLOOP((#914,#908,#772));
#4273= IFCFACEOUTERBOUND(#4271,.T.);
#4274= IFCFACE((#4273));
#4276= IFCPOLYLOOP((#816,#882,#884));
#4278= IFCFACEOUTERBOUND(#4276,.T.);
#4279= IFCFACE((#4278));
#4281= IFCPOLYLOOP((#908,#916,#904));
#4283= IFCFACEOUTERBOUND(#4281,.T.);
#4284= IFCFACE((#4283));
#4286= IFCPOLYLOOP((#804,#892,#888));
#4288= IFCFACEOUTERBOUND(#4286,.T.);
#4289= IFCFACE((#4288));
#4291= IFCPOLYLOOP((#768,#930,#932));
#4293= IFCFACEOUTERBOUND(#4291,.T.);
#4294= IFCFACE((#4293));
#4296= IFCPOLYLOOP((#766,#854,#790));
#4298= IFCFACEOUTERBOUND(#4296,.T.);
#4299= IFCFACE((#4298));
#4301= IFCPOLYLOOP((#800,#832,#744));
#4303= IFCFACEOUTERBOUND(#4301,.T.);
#4304= IFCFACE((#4303));
#4306= IFCPOLYLOOP((#848,#778,#844));
#4308= IFCFACEOUTERBOUND(#4306,.T.);
#4309= IFCFACE((#4308));
#4311= IFCPOLYLOOP((#858,#784,#856));
#4313= IFCFACEOUTERBOUND(#4311,.T.);
#4314= IFCFACE((#4313));
#4316= IFCPOLYLOOP((#836,#592,#590));
#4318= IFCFACEOUTERBOUND(#4316,.T.);
#4319= IFCFACE((#4318));
#4321= IFCPOLYLOOP((#898,#894,#774));
#4323= IFCFACEOUTERBOUND(#4321,.T.);
#4324= IFCFACE((#4323));
#4326= IFCPOLYLOOP((#790,#854,#846));
#4328= IFCFACEOUTERBOUND(#4326,.T.);
#4329= IFCFACE((#4328));
#4331= IFCPOLYLOOP((#832,#738,#740));
#4333= IFCFACEOUTERBOUND(#4331,.T.);
#4334= IFCFACE((#4333));
#4336= IFCPOLYLOOP((#788,#846,#834));
#4338= IFCFACEOUTERBOUND(#4336,.T.);
#4339= IFCFACE((#4338));
#4341= IFCPOLYLOOP((#802,#834,#836));
#4343= IFCFACEOUTERBOUND(#4341,.T.);
#4344= IFCFACE((#4343));
#4346= IFCPOLYLOOP((#786,#798,#834));
#4348= IFCFACEOUTERBOUND(#4346,.T.);
#4349= IFCFACE((#4348));
#4351= IFCPOLYLOOP((#802,#836,#588));
#4353= IFCFACEOUTERBOUND(#4351,.T.);
#4354= IFCFACE((#4353));
#4356= IFCPOLYLOOP((#896,#824,#888));
#4358= IFCFACEOUTERBOUND(#4356,.T.);
#4359= IFCFACE((#4358));
#4361= IFCPOLYLOOP((#808,#896,#888));
#4363= IFCFACEOUTERBOUND(#4361,.T.);
#4364= IFCFACE((#4363));
#4366= IFCPOLYLOOP((#876,#826,#872));
#4368= IFCFACEOUTERBOUND(#4366,.T.);
#4369= IFCFACE((#4368));
#4371= IFCPOLYLOOP((#760,#864,#866));
#4373= IFCFACEOUTERBOUND(#4371,.T.);
#4374= IFCFACE((#4373));
#4376= IFCPOLYLOOP((#814,#876,#872));
#4378= IFCFACEOUTERBOUND(#4376,.T.);
#4379= IFCFACE((#4378));
#4381= IFCPOLYLOOP((#884,#878,#816));
#4383= IFCFACEOUTERBOUND(#4381,.T.);
#4384= IFCFACE((#4383));
#4386= IFCPOLYLOOP((#886,#822,#878));
#4388= IFCFACEOUTERBOUND(#4386,.T.);
#4389= IFCFACE((#4388));
#4391= IFCPOLYLOOP((#820,#886,#878));
#4393= IFCFACEOUTERBOUND(#4391,.T.);
#4394= IFCFACE((#4393));
#4396= IFCPOLYLOOP((#738,#832,#796));
#4398= IFCFACEOUTERBOUND(#4396,.T.);
#4399= IFCFACE((#4398));
#4401= IFCPOLYLOOP((#878,#822,#694,#816));
#4403= IFCFACEOUTERBOUND(#4401,.T.);
#4404= IFCFACE((#4403));
#4406= IFCPOLYLOOP((#804,#888,#824));
#4408= IFCFACEOUTERBOUND(#4406,.T.);
#4409= IFCFACE((#4408));
#4411= IFCPOLYLOOP((#810,#872,#826));
#4413= IFCFACEOUTERBOUND(#4411,.T.);
#4414= IFCFACE((#4413));
#4416= IFCPOLYLOOP((#786,#846,#828));
#4418= IFCFACEOUTERBOUND(#4416,.T.);
#4419= IFCFACE((#4418));
#4421= IFCPOLYLOOP((#844,#840,#838));
#4423= IFCFACEOUTERBOUND(#4421,.T.);
#4424= IFCFACE((#4423));
#4426= IFCPOLYLOOP((#832,#742,#744));
#4428= IFCFACEOUTERBOUND(#4426,.T.);
#4429= IFCFACE((#4428));
#4431= IFCPOLYLOOP((#796,#832,#830));
#4433= IFCFACEOUTERBOUND(#4431,.T.);
#4434= IFCFACE((#4433));
#4436= IFCPOLYLOOP((#594,#836,#798));
#4438= IFCFACEOUTERBOUND(#4436,.T.);
#4439= IFCFACE((#4438));
#4441= IFCPOLYLOOP((#788,#834,#802));
#4443= IFCFACEOUTERBOUND(#4441,.T.);
#4444= IFCFACE((#4443));
#4446= IFCPOLYLOOP((#836,#590,#588));
#4448= IFCFACEOUTERBOUND(#4446,.T.);
#4449= IFCFACE((#4448));
#4451= IFCPOLYLOOP((#798,#836,#834));
#4453= IFCFACEOUTERBOUND(#4451,.T.);
#4454= IFCFACE((#4453));
#4456= IFCPOLYLOOP((#780,#848,#844));
#4458= IFCFACEOUTERBOUND(#4456,.T.);
#4459= IFCFACE((#4458));
#4461= IFCPOLYLOOP((#830,#840,#794));
#4463= IFCFACEOUTERBOUND(#4461,.T.);
#4464= IFCFACE((#4463));
#4466= IFCPOLYLOOP((#840,#844,#842));
#4468= IFCFACEOUTERBOUND(#4466,.T.);
#4469= IFCFACE((#4468));
#4471= IFCPOLYLOOP((#842,#844,#778));
#4473= IFCFACEOUTERBOUND(#4471,.T.);
#4474= IFCFACE((#4473));
#4476= IFCPOLYLOOP((#780,#844,#838));
#4478= IFCFACEOUTERBOUND(#4476,.T.);
#4479= IFCFACE((#4478));
#4481= IFCPOLYLOOP((#834,#846,#786));
#4483= IFCFACEOUTERBOUND(#4481,.T.);
#4484= IFCFACE((#4483));
#4486= IFCPOLYLOOP((#846,#788,#712,#790));
#4488= IFCFACEOUTERBOUND(#4486,.T.);
#4489= IFCFACE((#4488));
#4491= IFCPOLYLOOP((#858,#856,#782));
#4493= IFCFACEOUTERBOUND(#4491,.T.);
#4494= IFCFACE((#4493));
#4496= IFCPOLYLOOP((#856,#848,#850));
#4498= IFCFACEOUTERBOUND(#4496,.T.);
#4499= IFCFACE((#4498));
#4501= IFCPOLYLOOP((#848,#780,#850));
#4503= IFCFACEOUTERBOUND(#4501,.T.);
#4504= IFCFACE((#4503));
#4506= IFCPOLYLOOP((#852,#856,#784));
#4508= IFCFACEOUTERBOUND(#4506,.T.);
#4509= IFCFACE((#4508));
#4511= IFCPOLYLOOP((#848,#852,#674,#778));
#4513= IFCFACEOUTERBOUND(#4511,.T.);
#4514= IFCFACE((#4513));
#4516= IFCPOLYLOOP((#774,#828,#854));
#4518= IFCFACEOUTERBOUND(#4516,.T.);
#4519= IFCFACE((#4518));
#4521= IFCPOLYLOOP((#848,#856,#852));
#4523= IFCFACEOUTERBOUND(#4521,.T.);
#4524= IFCFACE((#4523));
#4526= IFCPOLYLOOP((#782,#856,#850));
#4528= IFCFACEOUTERBOUND(#4526,.T.);
#4529= IFCFACE((#4528));
#4531= IFCPOLYLOOP((#866,#864,#752));
#4533= IFCFACEOUTERBOUND(#4531,.T.);
#4534= IFCFACE((#4533));
#4536= IFCPOLYLOOP((#864,#858,#860));
#4538= IFCFACEOUTERBOUND(#4536,.T.);
#4539= IFCFACE((#4538));
#4541= IFCPOLYLOOP((#858,#782,#860));
#4543= IFCFACEOUTERBOUND(#4541,.T.);
#4544= IFCFACE((#4543));
#4546= IFCPOLYLOOP((#864,#760,#720,#862));
#4548= IFCFACEOUTERBOUND(#4546,.T.);
#4549= IFCFACE((#4548));
#4551= IFCPOLYLOOP((#862,#784,#858));
#4553= IFCFACEOUTERBOUND(#4551,.T.);
#4554= IFCFACE((#4553));
#4556= IFCPOLYLOOP((#752,#864,#860));
#4558= IFCFACEOUTERBOUND(#4556,.T.);
#4559= IFCFACE((#4558));
#4561= IFCPOLYLOOP((#872,#874,#812));
#4563= IFCFACEOUTERBOUND(#4561,.T.);
#4564= IFCFACE((#4563));
#4566= IFCPOLYLOOP((#874,#866,#868));
#4568= IFCFACEOUTERBOUND(#4566,.T.);
#4569= IFCFACE((#4568));
#4571= IFCPOLYLOOP((#866,#752,#868));
#4573= IFCFACEOUTERBOUND(#4571,.T.);
#4574= IFCFACE((#4573));
#4576= IFCPOLYLOOP((#812,#874,#868));
#4578= IFCFACEOUTERBOUND(#4576,.T.);
#4579= IFCFACE((#4578));
#4581= IFCPOLYLOOP((#870,#760,#866));
#4583= IFCFACEOUTERBOUND(#4581,.T.);
#4584= IFCFACE((#4583));
#4586= IFCPOLYLOOP((#814,#872,#812));
#4588= IFCFACEOUTERBOUND(#4586,.T.);
#4589= IFCFACE((#4588));
#4591= IFCPOLYLOOP((#874,#810,#666,#870));
#4593= IFCFACEOUTERBOUND(#4591,.T.);
#4594= IFCFACE((#4593));
#4596= IFCPOLYLOOP((#866,#874,#870));
#4598= IFCFACEOUTERBOUND(#4596,.T.);
#4599= IFCFACE((#4598));
#4601= IFCPOLYLOOP((#754,#876,#814));
#4603= IFCFACEOUTERBOUND(#4601,.T.);
#4604= IFCFACE((#4603));
#4606= IFCPOLYLOOP((#876,#770,#732,#826));
#4608= IFCFACEOUTERBOUND(#4606,.T.);
#4609= IFCFACE((#4608));
#4611= IFCPOLYLOOP((#876,#754,#900));
#4613= IFCFACEOUTERBOUND(#4611,.T.);
#4614= IFCFACE((#4613));
#4616= IFCPOLYLOOP((#820,#878,#818));
#4618= IFCFACEOUTERBOUND(#4616,.T.);
#4619= IFCFACE((#4618));
#4621= IFCPOLYLOOP((#884,#880,#818));
#4623= IFCFACEOUTERBOUND(#4621,.T.);
#4624= IFCFACE((#4623));
#4626= IFCPOLYLOOP((#878,#884,#818));
#4628= IFCFACEOUTERBOUND(#4626,.T.);
#4629= IFCFACE((#4628));
#4631= IFCPOLYLOOP((#770,#900,#882));
#4633= IFCFACEOUTERBOUND(#4631,.T.);
#4634= IFCFACE((#4633));
#4636= IFCPOLYLOOP((#884,#882,#900));
#4638= IFCFACEOUTERBOUND(#4636,.T.);
#4639= IFCFACE((#4638));
#4641= IFCPOLYLOOP((#902,#820,#748));
#4643= IFCFACEOUTERBOUND(#4641,.T.);
#4644= IFCFACE((#4643));
#4646= IFCPOLYLOOP((#746,#822,#886));
#4648= IFCFACEOUTERBOUND(#4646,.T.);
#4649= IFCFACE((#4648));
#4651= IFCPOLYLOOP((#806,#892,#890));
#4653= IFCFACEOUTERBOUND(#4651,.T.);
#4654= IFCFACE((#4653));
#4656= IFCPOLYLOOP((#888,#806,#722,#808));
#4658= IFCFACEOUTERBOUND(#4656,.T.);
#4659= IFCFACE((#4658));
#4661= IFCPOLYLOOP((#898,#890,#892));
#4663= IFCFACEOUTERBOUND(#4661,.T.);
#4664= IFCFACE((#4663));
#4666= IFCPOLYLOOP((#888,#892,#806));
#4668= IFCFACEOUTERBOUND(#4666,.T.);
#4669= IFCFACE((#4668));
#4671= IFCPOLYLOOP((#898,#892,#894));
#4673= IFCFACEOUTERBOUND(#4671,.T.);
#4674= IFCFACE((#4673));
#4676= IFCPOLYLOOP((#892,#804,#894));
#4678= IFCFACEOUTERBOUND(#4676,.T.);
#4679= IFCFACE((#4678));
#4681= IFCPOLYLOOP((#756,#896,#808));
#4683= IFCFACEOUTERBOUND(#4681,.T.);
#4684= IFCFACE((#4683));
#4686= IFCPOLYLOOP((#750,#824,#896));
#4688= IFCFACEOUTERBOUND(#4686,.T.);
#4689= IFCFACE((#4688));
#4691= IFCPOLYLOOP((#854,#898,#774));
#4693= IFCFACEOUTERBOUND(#4691,.T.);
#4694= IFCFACE((#4693));
#4696= IFCPOLYLOOP((#898,#766,#678,#890));
#4698= IFCFACEOUTERBOUND(#4696,.T.);
#4699= IFCFACE((#4698));
#4701= IFCPOLYLOOP((#876,#900,#770));
#4703= IFCFACEOUTERBOUND(#4701,.T.);
#4704= IFCFACE((#4703));
#4706= IFCPOLYLOOP((#900,#754,#880));
#4708= IFCFACEOUTERBOUND(#4706,.T.);
#4709= IFCFACE((#4708));
#4711= IFCPOLYLOOP((#910,#914,#918));
#4713= IFCFACEOUTERBOUND(#4711,.T.);
#4714= IFCFACE((#4713));
#4716= IFCPOLYLOOP((#916,#748,#904));
#4718= IFCFACEOUTERBOUND(#4716,.T.);
#4719= IFCFACE((#4718));
#4721= IFCPOLYLOOP((#908,#906,#916));
#4723= IFCFACEOUTERBOUND(#4721,.T.);
#4724= IFCFACE((#4723));
#4726= IFCPOLYLOOP((#772,#908,#904));
#4728= IFCFACEOUTERBOUND(#4726,.T.);
#4729= IFCFACE((#4728));
#4731= IFCPOLYLOOP((#764,#918,#912));
#4733= IFCFACEOUTERBOUND(#4731,.T.);
#4734= IFCFACE((#4733));
#4736= IFCPOLYLOOP((#902,#906,#696,#746));
#4738= IFCFACEOUTERBOUND(#4736,.T.);
#4739= IFCFACE((#4738));
#4741= IFCPOLYLOOP((#906,#908,#762));
#4743= IFCFACEOUTERBOUND(#4741,.T.);
#4744= IFCFACE((#4743));
#4746= IFCPOLYLOOP((#918,#758,#910));
#4748= IFCFACEOUTERBOUND(#4746,.T.);
#4749= IFCFACE((#4748));
#4751= IFCPOLYLOOP((#914,#910,#660,#762));
#4753= IFCFACEOUTERBOUND(#4751,.T.);
#4754= IFCFACE((#4753));
#4756= IFCPOLYLOOP((#924,#920,#704,#758));
#4758= IFCFACEOUTERBOUND(#4756,.T.);
#4759= IFCFACE((#4758));
#4761= IFCPOLYLOOP((#908,#914,#762));
#4763= IFCFACEOUTERBOUND(#4761,.T.);
#4764= IFCFACE((#4763));
#4766= IFCPOLYLOOP((#914,#912,#918));
#4768= IFCFACEOUTERBOUND(#4766,.T.);
#4769= IFCFACE((#4768));
#4771= IFCPOLYLOOP((#906,#902,#916));
#4773= IFCFACEOUTERBOUND(#4771,.T.);
#4774= IFCFACE((#4773));
#4776= IFCPOLYLOOP((#748,#916,#902));
#4778= IFCFACEOUTERBOUND(#4776,.T.);
#4779= IFCFACE((#4778));
#4781= IFCPOLYLOOP((#920,#924,#926));
#4783= IFCFACEOUTERBOUND(#4781,.T.);
#4784= IFCFACE((#4783));
#4786= IFCPOLYLOOP((#918,#924,#758));
#4788= IFCFACEOUTERBOUND(#4786,.T.);
#4789= IFCFACE((#4788));
#4791= IFCPOLYLOOP((#768,#926,#922));
#4793= IFCFACEOUTERBOUND(#4791,.T.);
#4794= IFCFACE((#4793));
#4796= IFCPOLYLOOP((#924,#922,#926));
#4798= IFCFACEOUTERBOUND(#4796,.T.);
#4799= IFCFACE((#4798));
#4801= IFCPOLYLOOP((#896,#756,#934));
#4803= IFCFACEOUTERBOUND(#4801,.T.);
#4804= IFCFACE((#4803));
#4806= IFCPOLYLOOP((#926,#776,#920));
#4808= IFCFACEOUTERBOUND(#4806,.T.);
#4809= IFCFACE((#4808));
#4811= IFCPOLYLOOP((#932,#928,#776));
#4813= IFCFACEOUTERBOUND(#4811,.T.);
#4814= IFCFACE((#4813));
#4816= IFCPOLYLOOP((#926,#932,#776));
#4818= IFCFACEOUTERBOUND(#4816,.T.);
#4819= IFCFACE((#4818));
#4821= IFCPOLYLOOP((#750,#934,#930));
#4823= IFCFACEOUTERBOUND(#4821,.T.);
#4824= IFCFACE((#4823));
#4826= IFCPOLYLOOP((#932,#930,#934));
#4828= IFCFACEOUTERBOUND(#4826,.T.);
#4829= IFCFACE((#4828));
#4831= IFCPOLYLOOP((#896,#934,#750));
#4833= IFCFACEOUTERBOUND(#4831,.T.);
#4834= IFCFACE((#4833));
#4836= IFCPOLYLOOP((#934,#756,#668,#928));
#4838= IFCFACEOUTERBOUND(#4836,.T.);
#4839= IFCFACE((#4838));
#4841= IFCPOLYLOOP((#1082,#1098,#944));
#4843= IFCFACEOUTERBOUND(#4841,.T.);
#4844= IFCFACE((#4843));
#4846= IFCPOLYLOOP((#940,#1028,#938));
#4848= IFCFACEOUTERBOUND(#4846,.T.);
#4849= IFCFACE((#4848));
#4851= IFCPOLYLOOP((#1028,#996,#1026));
#4853= IFCFACEOUTERBOUND(#4851,.T.);
#4854= IFCFACE((#4853));
#4856= IFCPOLYLOOP((#1026,#996,#988,#708,#1034,#1036));
#4858= IFCFACEOUTERBOUND(#4856,.T.);
#4859= IFCFACE((#4858));
#4861= IFCPOLYLOOP((#942,#652,#996));
#4863= IFCFACEOUTERBOUND(#4861,.T.);
#4864= IFCFACE((#4863));
#4866= IFCPOLYLOOP((#994,#546,#626));
#4868= IFCFACEOUTERBOUND(#4866,.T.);
#4869= IFCFACE((#4868));
#4871= IFCPOLYLOOP((#1120,#1114,#960));
#4873= IFCFACEOUTERBOUND(#4871,.T.);
#4874= IFCFACE((#4873));
#4876= IFCPOLYLOOP((#620,#170,#998));
#4878= IFCFACEOUTERBOUND(#4876,.T.);
#4879= IFCFACE((#4878));
#4881= IFCPOLYLOOP((#1054,#1060,#1058));
#4883= IFCFACEOUTERBOUND(#4881,.T.);
#4884= IFCFACE((#4883));
#4886= IFCPOLYLOOP((#960,#1118,#1120));
#4888= IFCFACEOUTERBOUND(#4886,.T.);
#4889= IFCFACE((#4888));
#4891= IFCPOLYLOOP((#968,#1108,#1110));
#4893= IFCFACEOUTERBOUND(#4891,.T.);
#4894= IFCFACE((#4893));
#4896= IFCPOLYLOOP((#1128,#1130,#1124));
#4898= IFCFACEOUTERBOUND(#4896,.T.);
#4899= IFCFACE((#4898));
#4901= IFCPOLYLOOP((#1068,#1006,#1070));
#4903= IFCFACEOUTERBOUND(#4901,.T.);
#4904= IFCFACE((#4903));
#4906= IFCPOLYLOOP((#992,#1026,#1036,#1038,#990));
#4908= IFCFACEOUTERBOUND(#4906,.T.);
#4909= IFCFACE((#4908));
#4911= IFCPOLYLOOP((#1128,#1122,#964));
#4913= IFCFACEOUTERBOUND(#4911,.T.);
#4914= IFCFACE((#4913));
#4916= IFCPOLYLOOP((#1050,#1024,#1042));
#4918= IFCFACEOUTERBOUND(#4916,.T.);
#4919= IFCFACE((#4918));
#4921= IFCPOLYLOOP((#1050,#962,#1094));
#4923= IFCFACEOUTERBOUND(#4921,.T.);
#4924= IFCFACE((#4923));
#4926= IFCPOLYLOOP((#1080,#1096,#1076));
#4928= IFCFACEOUTERBOUND(#4926,.T.);
#4929= IFCFACE((#4928));
#4931= IFCPOLYLOOP((#1098,#1082,#1016));
#4933= IFCFACEOUTERBOUND(#4931,.T.);
#4934= IFCFACE((#4933));
#4936= IFCPOLYLOOP((#1032,#626,#624));
#4938= IFCFACEOUTERBOUND(#4936,.T.);
#4939= IFCFACE((#4938));
#4941= IFCPOLYLOOP((#1110,#1104,#968));
#4943= IFCFACEOUTERBOUND(#4941,.T.);
#4944= IFCFACE((#4943));
#4946= IFCPOLYLOOP((#1012,#1078,#1080));
#4948= IFCFACEOUTERBOUND(#4946,.T.);
#4949= IFCFACE((#4948));
#4951= IFCPOLYLOOP((#1104,#1112,#1100));
#4953= IFCFACEOUTERBOUND(#4951,.T.);
#4954= IFCFACE((#4953));
#4956= IFCPOLYLOOP((#1000,#1088,#1084));
#4958= IFCFACEOUTERBOUND(#4956,.T.);
#4959= IFCFACE((#4958));
#4961= IFCPOLYLOOP((#964,#1126,#1128));
#4963= IFCFACEOUTERBOUND(#4961,.T.);
#4964= IFCFACE((#4963));
#4966= IFCPOLYLOOP((#962,#1050,#986));
#4968= IFCFACEOUTERBOUND(#4966,.T.);
#4969= IFCFACE((#4968));
#4971= IFCPOLYLOOP((#996,#1028,#942));
#4973= IFCFACEOUTERBOUND(#4971,.T.);
#4974= IFCFACE((#4973));
#4976= IFCPOLYLOOP((#1044,#974,#1040));
#4978= IFCFACEOUTERBOUND(#4976,.T.);
#4979= IFCFACE((#4978));
#4981= IFCPOLYLOOP((#1054,#980,#1052));
#4983= IFCFACEOUTERBOUND(#4981,.T.);
#4984= IFCFACE((#4983));
#4986= IFCPOLYLOOP((#1032,#624,#622));
#4988= IFCFACEOUTERBOUND(#4986,.T.);
#4989= IFCFACE((#4988));
#4991= IFCPOLYLOOP((#1094,#1090,#680,#970));
#4993= IFCFACEOUTERBOUND(#4991,.T.);
#4994= IFCFACE((#4993));
#4996= IFCPOLYLOOP((#986,#1050,#1042));
#4998= IFCFACEOUTERBOUND(#4996,.T.);
#4999= IFCFACE((#4998));
#5001= IFCPOLYLOOP((#168,#936,#992));
#5003= IFCFACEOUTERBOUND(#5001,.T.);
#5004= IFCFACE((#5003));
#5006= IFCPOLYLOOP((#1028,#936,#938));
#5008= IFCFACEOUTERBOUND(#5006,.T.);
#5009= IFCFACE((#5008));
#5011= IFCPOLYLOOP((#984,#1042,#1030));
#5013= IFCFACEOUTERBOUND(#5011,.T.);
#5014= IFCFACE((#5013));
#5016= IFCPOLYLOOP((#998,#1030,#1032));
#5018= IFCFACEOUTERBOUND(#5016,.T.);
#5019= IFCFACE((#5018));
#5021= IFCPOLYLOOP((#982,#994,#1030));
#5023= IFCFACEOUTERBOUND(#5021,.T.);
#5024= IFCFACE((#5023));
#5026= IFCPOLYLOOP((#998,#1032,#620));
#5028= IFCFACEOUTERBOUND(#5026,.T.);
#5029= IFCFACE((#5028));
#5031= IFCPOLYLOOP((#1092,#1020,#1084));
#5033= IFCFACEOUTERBOUND(#5031,.T.);
#5034= IFCFACE((#5033));
#5036= IFCPOLYLOOP((#1004,#1092,#1084));
#5038= IFCFACEOUTERBOUND(#5036,.T.);
#5039= IFCFACE((#5038));
#5041= IFCPOLYLOOP((#1072,#1022,#1068));
#5043= IFCFACEOUTERBOUND(#5041,.T.);
#5044= IFCFACE((#5043));
#5046= IFCPOLYLOOP((#956,#1060,#1062));
#5048= IFCFACEOUTERBOUND(#5046,.T.);
#5049= IFCFACE((#5048));
#5051= IFCPOLYLOOP((#1010,#1072,#1068));
#5053= IFCFACEOUTERBOUND(#5051,.T.);
#5054= IFCFACE((#5053));
#5056= IFCPOLYLOOP((#1080,#1074,#1012));
#5058= IFCFACEOUTERBOUND(#5056,.T.);
#5059= IFCFACE((#5058));
#5061= IFCPOLYLOOP((#1082,#1018,#1074));
#5063= IFCFACEOUTERBOUND(#5061,.T.);
#5064= IFCFACE((#5063));
#5066= IFCPOLYLOOP((#1016,#1082,#1074));
#5068= IFCFACEOUTERBOUND(#5066,.T.);
#5069= IFCFACE((#5068));
#5071= IFCPOLYLOOP((#936,#1028,#992));
#5073= IFCFACEOUTERBOUND(#5071,.T.);
#5074= IFCFACE((#5073));
#5076= IFCPOLYLOOP((#1012,#1074,#1018));
#5078= IFCFACEOUTERBOUND(#5076,.T.);
#5079= IFCFACE((#5078));
#5081= IFCPOLYLOOP((#1000,#1084,#1020));
#5083= IFCFACEOUTERBOUND(#5081,.T.);
#5084= IFCFACE((#5083));
#5086= IFCPOLYLOOP((#1006,#1068,#1022));
#5088= IFCFACEOUTERBOUND(#5086,.T.);
#5089= IFCFACE((#5088));
#5091= IFCPOLYLOOP((#1042,#1024,#710,#982));
#5093= IFCFACEOUTERBOUND(#5091,.T.);
#5094= IFCFACE((#5093));
#5096= IFCPOLYLOOP((#1040,#1036,#1034));
#5098= IFCFACEOUTERBOUND(#5096,.T.);
#5099= IFCFACE((#5098));
#5101= IFCPOLYLOOP((#1028,#940,#942));
#5103= IFCFACEOUTERBOUND(#5101,.T.);
#5104= IFCFACE((#5103));
#5106= IFCPOLYLOOP((#992,#1028,#1026));
#5108= IFCFACEOUTERBOUND(#5106,.T.);
#5109= IFCFACE((#5108));
#5111= IFCPOLYLOOP((#626,#1032,#994));
#5113= IFCFACEOUTERBOUND(#5111,.T.);
#5114= IFCFACE((#5113));
#5116= IFCPOLYLOOP((#984,#1030,#998));
#5118= IFCFACEOUTERBOUND(#5116,.T.);
#5119= IFCFACE((#5118));
#5121= IFCPOLYLOOP((#1032,#622,#620));
#5123= IFCFACEOUTERBOUND(#5121,.T.);
#5124= IFCFACE((#5123));
#5126= IFCPOLYLOOP((#994,#1032,#1030));
#5128= IFCFACEOUTERBOUND(#5126,.T.);
#5129= IFCFACE((#5128));
#5131= IFCPOLYLOOP((#976,#1044,#1040));
#5133= IFCFACEOUTERBOUND(#5131,.T.);
#5134= IFCFACE((#5133));
#5136= IFCPOLYLOOP((#1036,#1040,#1038));
#5138= IFCFACEOUTERBOUND(#5136,.T.);
#5139= IFCFACE((#5138));
#5141= IFCPOLYLOOP((#1038,#1040,#974));
#5143= IFCFACEOUTERBOUND(#5141,.T.);
#5144= IFCFACE((#5143));
#5146= IFCPOLYLOOP((#976,#1040,#1034));
#5148= IFCFACEOUTERBOUND(#5146,.T.);
#5149= IFCFACE((#5148));
#5151= IFCPOLYLOOP((#1030,#1042,#982));
#5153= IFCFACEOUTERBOUND(#5151,.T.);
#5154= IFCFACE((#5153));
#5156= IFCPOLYLOOP((#986,#1042,#984));
#5158= IFCFACEOUTERBOUND(#5156,.T.);
#5159= IFCFACE((#5158));
#5161= IFCPOLYLOOP((#1054,#1052,#978));
#5163= IFCFACEOUTERBOUND(#5161,.T.);
#5164= IFCFACE((#5163));
#5166= IFCPOLYLOOP((#1052,#1044,#1046));
#5168= IFCFACEOUTERBOUND(#5166,.T.);
#5169= IFCFACE((#5168));
#5171= IFCPOLYLOOP((#1044,#976,#676,#1046));
#5173= IFCFACEOUTERBOUND(#5171,.T.);
#5174= IFCFACE((#5173));
#5176= IFCPOLYLOOP((#1048,#1052,#980));
#5178= IFCFACEOUTERBOUND(#5176,.T.);
#5179= IFCFACE((#5178));
#5181= IFCPOLYLOOP((#1048,#974,#1044));
#5183= IFCFACEOUTERBOUND(#5181,.T.);
#5184= IFCFACE((#5183));
#5186= IFCPOLYLOOP((#970,#1024,#1050));
#5188= IFCFACEOUTERBOUND(#5186,.T.);
#5189= IFCFACE((#5188));
#5191= IFCPOLYLOOP((#1044,#1052,#1048));
#5193= IFCFACEOUTERBOUND(#5191,.T.);
#5194= IFCFACE((#5193));
#5196= IFCPOLYLOOP((#978,#1052,#1046));
#5198= IFCFACEOUTERBOUND(#5196,.T.);
#5199= IFCFACE((#5198));
#5201= IFCPOLYLOOP((#1062,#1060,#948));
#5203= IFCFACEOUTERBOUND(#5201,.T.);
#5204= IFCFACE((#5203));
#5206= IFCPOLYLOOP((#1060,#1054,#1056));
#5208= IFCFACEOUTERBOUND(#5206,.T.);
#5209= IFCFACE((#5208));
#5211= IFCPOLYLOOP((#1054,#978,#718,#1056));
#5213= IFCFACEOUTERBOUND(#5211,.T.);
#5214= IFCFACE((#5213));
#5216= IFCPOLYLOOP((#1058,#1060,#956));
#5218= IFCFACEOUTERBOUND(#5216,.T.);
#5219= IFCFACE((#5218));
#5221= IFCPOLYLOOP((#1058,#980,#1054));
#5223= IFCFACEOUTERBOUND(#5221,.T.);
#5224= IFCFACE((#5223));
#5226= IFCPOLYLOOP((#948,#1060,#1056));
#5228= IFCFACEOUTERBOUND(#5226,.T.);
#5229= IFCFACE((#5228));
#5231= IFCPOLYLOOP((#1068,#1070,#1008));
#5233= IFCFACEOUTERBOUND(#5231,.T.);
#5234= IFCFACE((#5233));
#5236= IFCPOLYLOOP((#1070,#1062,#1064));
#5238= IFCFACEOUTERBOUND(#5236,.T.);
#5239= IFCFACE((#5238));
#5241= IFCPOLYLOOP((#1062,#948,#1064));
#5243= IFCFACEOUTERBOUND(#5241,.T.);
#5244= IFCFACE((#5243));
#5246= IFCPOLYLOOP((#1070,#1064,#664,#1008));
#5248= IFCFACEOUTERBOUND(#5246,.T.);
#5249= IFCFACE((#5248));
#5251= IFCPOLYLOOP((#1066,#956,#1062));
#5253= IFCFACEOUTERBOUND(#5251,.T.);
#5254= IFCFACE((#5253));
#5256= IFCPOLYLOOP((#1010,#1068,#1008));
#5258= IFCFACEOUTERBOUND(#5256,.T.);
#5259= IFCFACE((#5258));
#5261= IFCPOLYLOOP((#1006,#1066,#1070));
#5263= IFCFACEOUTERBOUND(#5261,.T.);
#5264= IFCFACE((#5263));
#5266= IFCPOLYLOOP((#1062,#1070,#1066));
#5268= IFCFACEOUTERBOUND(#5266,.T.);
#5269= IFCFACE((#5268));
#5271= IFCPOLYLOOP((#950,#1072,#1010));
#5273= IFCFACEOUTERBOUND(#5271,.T.);
#5274= IFCFACE((#5273));
#5276= IFCPOLYLOOP((#966,#1022,#1072));
#5278= IFCFACEOUTERBOUND(#5276,.T.);
#5279= IFCFACE((#5278));
#5281= IFCPOLYLOOP((#1072,#950,#1096));
#5283= IFCFACEOUTERBOUND(#5281,.T.);
#5284= IFCFACE((#5283));
#5286= IFCPOLYLOOP((#1016,#1074,#1014));
#5288= IFCFACEOUTERBOUND(#5286,.T.);
#5289= IFCFACE((#5288));
#5291= IFCPOLYLOOP((#1080,#1076,#1014));
#5293= IFCFACEOUTERBOUND(#5291,.T.);
#5294= IFCFACE((#5293));
#5296= IFCPOLYLOOP((#1074,#1080,#1014));
#5298= IFCFACEOUTERBOUND(#5296,.T.);
#5299= IFCFACE((#5298));
#5301= IFCPOLYLOOP((#966,#1096,#1078));
#5303= IFCFACEOUTERBOUND(#5301,.T.);
#5304= IFCFACE((#5303));
#5306= IFCPOLYLOOP((#1080,#1078,#1096));
#5308= IFCFACEOUTERBOUND(#5306,.T.);
#5309= IFCFACE((#5308));
#5311= IFCPOLYLOOP((#1098,#1016,#662));
#5313= IFCFACEOUTERBOUND(#5311,.T.);
#5314= IFCFACE((#5313));
#5316= IFCPOLYLOOP((#944,#1018,#1082));
#5318= IFCFACEOUTERBOUND(#5316,.T.);
#5319= IFCFACE((#5318));
#5321= IFCPOLYLOOP((#1002,#1088,#1086));
#5323= IFCFACEOUTERBOUND(#5321,.T.);
#5324= IFCFACE((#5323));
#5326= IFCPOLYLOOP((#1004,#1084,#1002));
#5328= IFCFACEOUTERBOUND(#5326,.T.);
#5329= IFCFACE((#5328));
#5331= IFCPOLYLOOP((#1094,#1086,#1088));
#5333= IFCFACEOUTERBOUND(#5331,.T.);
#5334= IFCFACE((#5333));
#5336= IFCPOLYLOOP((#1084,#1088,#1002));
#5338= IFCFACEOUTERBOUND(#5336,.T.);
#5339= IFCFACE((#5338));
#5341= IFCPOLYLOOP((#1094,#1088,#1090));
#5343= IFCFACEOUTERBOUND(#5341,.T.);
#5344= IFCFACE((#5343));
#5346= IFCPOLYLOOP((#1088,#1000,#1090));
#5348= IFCFACEOUTERBOUND(#5346,.T.);
#5349= IFCFACE((#5348));
#5351= IFCPOLYLOOP((#952,#1092,#1004));
#5353= IFCFACEOUTERBOUND(#5351,.T.);
#5354= IFCFACE((#5353));
#5356= IFCPOLYLOOP((#946,#1020,#1092));
#5358= IFCFACEOUTERBOUND(#5356,.T.);
#5359= IFCFACE((#5358));
#5361= IFCPOLYLOOP((#1050,#1094,#970));
#5363= IFCFACEOUTERBOUND(#5361,.T.);
#5364= IFCFACE((#5363));
#5366= IFCPOLYLOOP((#1094,#962,#1086));
#5368= IFCFACEOUTERBOUND(#5366,.T.);
#5369= IFCFACE((#5368));
#5371= IFCPOLYLOOP((#1072,#1096,#966));
#5373= IFCFACEOUTERBOUND(#5371,.T.);
#5374= IFCFACE((#5373));
#5376= IFCPOLYLOOP((#1096,#950,#700,#1076));
#5378= IFCFACEOUTERBOUND(#5376,.T.);
#5379= IFCFACE((#5378));
#5381= IFCPOLYLOOP((#1106,#1110,#1114));
#5383= IFCFACEOUTERBOUND(#5381,.T.);
#5384= IFCFACE((#5383));
#5386= IFCPOLYLOOP((#1112,#662,#1100));
#5388= IFCFACEOUTERBOUND(#5386,.T.);
#5389= IFCFACE((#5388));
#5391= IFCPOLYLOOP((#1104,#1102,#1112));
#5393= IFCFACEOUTERBOUND(#5391,.T.);
#5394= IFCFACE((#5393));
#5396= IFCPOLYLOOP((#1104,#1100,#726,#968));
#5398= IFCFACEOUTERBOUND(#5396,.T.);
#5399= IFCFACE((#5398));
#5401= IFCPOLYLOOP((#1114,#1108,#672,#960));
#5403= IFCFACEOUTERBOUND(#5401,.T.);
#5404= IFCFACE((#5403));
#5406= IFCPOLYLOOP((#1102,#944,#1098));
#5408= IFCFACEOUTERBOUND(#5406,.T.);
#5409= IFCFACE((#5408));
#5411= IFCPOLYLOOP((#1102,#1104,#958));
#5413= IFCFACEOUTERBOUND(#5411,.T.);
#5414= IFCFACE((#5413));
#5416= IFCPOLYLOOP((#1114,#954,#1106));
#5418= IFCFACEOUTERBOUND(#5416,.T.);
#5419= IFCFACE((#5418));
#5421= IFCPOLYLOOP((#1122,#972,#1116));
#5423= IFCFACEOUTERBOUND(#5421,.T.);
#5424= IFCFACE((#5423));
#5426= IFCPOLYLOOP((#1110,#1106,#958));
#5428= IFCFACEOUTERBOUND(#5426,.T.);
#5429= IFCFACE((#5428));
#5431= IFCPOLYLOOP((#1120,#1116,#954));
#5433= IFCFACEOUTERBOUND(#5431,.T.);
#5434= IFCFACE((#5433));
#5436= IFCPOLYLOOP((#1128,#1124,#972));
#5438= IFCFACEOUTERBOUND(#5436,.T.);
#5439= IFCFACE((#5438));
#5441= IFCPOLYLOOP((#1104,#1110,#958));
#5443= IFCFACEOUTERBOUND(#5441,.T.);
#5444= IFCFACE((#5443));
#5446= IFCPOLYLOOP((#1110,#1108,#1114));
#5448= IFCFACEOUTERBOUND(#5446,.T.);
#5449= IFCFACE((#5448));
#5451= IFCPOLYLOOP((#1102,#1098,#1112));
#5453= IFCFACEOUTERBOUND(#5451,.T.);
#5454= IFCFACE((#5453));
#5456= IFCPOLYLOOP((#662,#1112,#1098));
#5458= IFCFACEOUTERBOUND(#5456,.T.);
#5459= IFCFACE((#5458));
#5461= IFCPOLYLOOP((#1116,#1120,#1122));
#5463= IFCFACEOUTERBOUND(#5461,.T.);
#5464= IFCFACE((#5463));
#5466= IFCPOLYLOOP((#1114,#1120,#954));
#5468= IFCFACEOUTERBOUND(#5466,.T.);
#5469= IFCFACE((#5468));
#5471= IFCPOLYLOOP((#1122,#1118,#724,#964));
#5473= IFCFACEOUTERBOUND(#5471,.T.);
#5474= IFCFACE((#5473));
#5476= IFCPOLYLOOP((#1120,#1118,#1122));
#5478= IFCFACEOUTERBOUND(#5476,.T.);
#5479= IFCFACE((#5478));
#5481= IFCPOLYLOOP((#1092,#952,#1130));
#5483= IFCFACEOUTERBOUND(#5481,.T.);
#5484= IFCFACE((#5483));
#5486= IFCPOLYLOOP((#1122,#1128,#972));
#5488= IFCFACEOUTERBOUND(#5486,.T.);
#5489= IFCFACE((#5488));
#5491= IFCPOLYLOOP((#1130,#1126,#670,#946));
#5493= IFCFACEOUTERBOUND(#5491,.T.);
#5494= IFCFACE((#5493));
#5496= IFCPOLYLOOP((#1128,#1126,#1130));
#5498= IFCFACEOUTERBOUND(#5496,.T.);
#5499= IFCFACE((#5498));
#5501= IFCPOLYLOOP((#1092,#1130,#946));
#5503= IFCFACEOUTERBOUND(#5501,.T.);
#5504= IFCFACE((#5503));
#5506= IFCPOLYLOOP((#1130,#952,#1124));
#5508= IFCFACEOUTERBOUND(#5506,.T.);
#5509= IFCFACE((#5508));
#5511= IFCPOLYLOOP((#652,#1132,#1162));
#5513= IFCFACEOUTERBOUND(#5511,.T.);
#5514= IFCFACE((#5513));
#5516= IFCPOLYLOOP((#1152,#1154,#1168));
#5518= IFCFACEOUTERBOUND(#5516,.T.);
#5519= IFCFACE((#5518));
#5521= IFCPOLYLOOP((#1156,#656,#1162));
#5523= IFCFACEOUTERBOUND(#5521,.T.);
#5524= IFCFACE((#5523));
#5526= IFCPOLYLOOP((#1168,#1170,#1152));
#5528= IFCFACEOUTERBOUND(#5526,.T.);
#5529= IFCFACE((#5528));
#5531= IFCPOLYLOOP((#1170,#1168,#1166));
#5533= IFCFACEOUTERBOUND(#5531,.T.);
#5534= IFCFACE((#5533));
#5536= IFCPOLYLOOP((#1166,#1156,#1164));
#5538= IFCFACEOUTERBOUND(#5536,.T.);
#5539= IFCFACE((#5538));
#5541= IFCPOLYLOOP((#658,#656,#1154));
#5543= IFCFACEOUTERBOUND(#5541,.T.);
#5544= IFCFACE((#5543));
#5546= IFCPOLYLOOP((#1172,#1170,#1160));
#5548= IFCFACEOUTERBOUND(#5546,.T.);
#5549= IFCFACE((#5548));
#5551= IFCPOLYLOOP((#1156,#1166,#1168));
#5553= IFCFACEOUTERBOUND(#5551,.T.);
#5554= IFCFACE((#5553));
#5556= IFCPOLYLOOP((#654,#1162,#656));
#5558= IFCFACEOUTERBOUND(#5556,.T.);
#5559= IFCFACE((#5558));
#5561= IFCPOLYLOOP((#1154,#656,#1156));
#5563= IFCFACEOUTERBOUND(#5561,.T.);
#5564= IFCFACE((#5563));
#5566= IFCPOLYLOOP((#1156,#1162,#1164));
#5568= IFCFACEOUTERBOUND(#5566,.T.);
#5569= IFCFACE((#5568));
#5571= IFCPOLYLOOP((#1134,#1136,#1160));
#5573= IFCFACEOUTERBOUND(#5571,.T.);
#5574= IFCFACE((#5573));
#5576= IFCPOLYLOOP((#1166,#1160,#1170));
#5578= IFCFACEOUTERBOUND(#5576,.T.);
#5579= IFCFACE((#5578));
#5581= IFCPOLYLOOP((#1178,#1158,#1176));
#5583= IFCFACEOUTERBOUND(#5581,.T.);
#5584= IFCFACE((#5583));
#5586= IFCPOLYLOOP((#1166,#1134,#1160));
#5588= IFCFACEOUTERBOUND(#5586,.T.);
#5589= IFCFACE((#5588));
#5591= IFCPOLYLOOP((#1142,#1180,#1140));
#5593= IFCFACEOUTERBOUND(#5591,.T.);
#5594= IFCFACE((#5593));
#5596= IFCPOLYLOOP((#1164,#1162,#1132));
#5598= IFCFACEOUTERBOUND(#5596,.T.);
#5599= IFCFACE((#5598));
#5601= IFCPOLYLOOP((#1132,#1134,#1164));
#5603= IFCFACEOUTERBOUND(#5601,.T.);
#5604= IFCFACE((#5603));
#5606= IFCPOLYLOOP((#1142,#1144,#1158));
#5608= IFCFACEOUTERBOUND(#5606,.T.);
#5609= IFCFACE((#5608));
#5611= IFCPOLYLOOP((#1150,#1172,#1174));
#5613= IFCFACEOUTERBOUND(#5611,.T.);
#5614= IFCFACE((#5613));
#5616= IFCPOLYLOOP((#1158,#1178,#1180));
#5618= IFCFACEOUTERBOUND(#5616,.T.);
#5619= IFCFACE((#5618));
#5621= IFCPOLYLOOP((#1144,#1146,#1148));
#5623= IFCFACEOUTERBOUND(#5621,.T.);
#5624= IFCFACE((#5623));
#5626= IFCPOLYLOOP((#1154,#1156,#1168));
#5628= IFCFACEOUTERBOUND(#5626,.T.);
#5629= IFCFACE((#5628));
#5631= IFCPOLYLOOP((#1144,#1148,#1158));
#5633= IFCFACEOUTERBOUND(#5631,.T.);
#5634= IFCFACE((#5633));
#5636= IFCPOLYLOOP((#1150,#1174,#1148));
#5638= IFCFACEOUTERBOUND(#5636,.T.);
#5639= IFCFACE((#5638));
#5641= IFCPOLYLOOP((#652,#1162,#654));
#5643= IFCFACEOUTERBOUND(#5641,.T.);
#5644= IFCFACE((#5643));
#5646= IFCPOLYLOOP((#1170,#1172,#1152));
#5648= IFCFACEOUTERBOUND(#5646,.T.);
#5649= IFCFACE((#5648));
#5651= IFCPOLYLOOP((#1134,#1166,#1164));
#5653= IFCFACEOUTERBOUND(#5651,.T.);
#5654= IFCFACE((#5653));
#5656= IFCPOLYLOOP((#1176,#1158,#1174));
#5658= IFCFACEOUTERBOUND(#5656,.T.);
#5659= IFCFACE((#5658));
#5661= IFCPOLYLOOP((#1176,#1174,#1172));
#5663= IFCFACEOUTERBOUND(#5661,.T.);
#5664= IFCFACE((#5663));
#5666= IFCPOLYLOOP((#1152,#1172,#1150));
#5668= IFCFACEOUTERBOUND(#5666,.T.);
#5669= IFCFACE((#5668));
#5671= IFCPOLYLOOP((#1176,#1172,#1160));
#5673= IFCFACEOUTERBOUND(#5671,.T.);
#5674= IFCFACE((#5673));
#5676= IFCPOLYLOOP((#1148,#1174,#1158));
#5678= IFCFACEOUTERBOUND(#5676,.T.);
#5679= IFCFACE((#5678));
#5681= IFCPOLYLOOP((#1160,#1136,#1176));
#5683= IFCFACEOUTERBOUND(#5681,.T.);
#5684= IFCFACE((#5683));
#5686= IFCPOLYLOOP((#1178,#1136,#1138));
#5688= IFCFACEOUTERBOUND(#5686,.T.);
#5689= IFCFACE((#5688));
#5691= IFCPOLYLOOP((#1136,#1178,#1176));
#5693= IFCFACEOUTERBOUND(#5691,.T.);
#5694= IFCFACE((#5693));
#5696= IFCPOLYLOOP((#1180,#1178,#1138));
#5698= IFCFACEOUTERBOUND(#5696,.T.);
#5699= IFCFACE((#5698));
#5701= IFCPOLYLOOP((#1140,#1180,#1138));
#5703= IFCFACEOUTERBOUND(#5701,.T.);
#5704= IFCFACE((#5703));
#5706= IFCPOLYLOOP((#1158,#1180,#1142));
#5708= IFCFACEOUTERBOUND(#5706,.T.);
#5709= IFCFACE((#5708));
#5711= IFCPOLYLOOP((#1152,#1150,#1194));
#5713= IFCFACEOUTERBOUND(#5711,.T.);
#5714= IFCFACE((#5713));
#5716= IFCPOLYLOOP((#738,#658,#1154));
#5718= IFCFACEOUTERBOUND(#5716,.T.);
#5719= IFCFACE((#5718));
#5721= IFCPOLYLOOP((#738,#1190,#740));
#5723= IFCFACEOUTERBOUND(#5721,.T.);
#5724= IFCFACE((#5723));
#5726= IFCPOLYLOOP((#1190,#738,#1154));
#5728= IFCFACEOUTERBOUND(#5726,.T.);
#5729= IFCFACE((#5728));
#5731= IFCPOLYLOOP((#1196,#1198,#1210));
#5733= IFCFACEOUTERBOUND(#5731,.T.);
#5734= IFCFACE((#5733));
#5736= IFCPOLYLOOP((#1194,#1210,#1198));
#5738= IFCFACEOUTERBOUND(#5736,.T.);
#5739= IFCFACE((#5738));
#5741= IFCPOLYLOOP((#1196,#1210,#210));
#5743= IFCFACEOUTERBOUND(#5741,.T.);
#5744= IFCFACE((#5743));
#5746= IFCPOLYLOOP((#1200,#1202,#1192));
#5748= IFCFACEOUTERBOUND(#5746,.T.);
#5749= IFCFACE((#5748));
#5751= IFCPOLYLOOP((#1208,#1210,#1212));
#5753= IFCFACEOUTERBOUND(#5751,.T.);
#5754= IFCFACE((#5753));
#5756= IFCPOLYLOOP((#1190,#1204,#742));
#5758= IFCFACEOUTERBOUND(#5756,.T.);
#5759= IFCFACE((#5758));
#5761= IFCPOLYLOOP((#214,#212,#1200));
#5763= IFCFACEOUTERBOUND(#5761,.T.);
#5764= IFCFACE((#5763));
#5766= IFCPOLYLOOP((#206,#744,#1204));
#5768= IFCFACEOUTERBOUND(#5766,.T.);
#5769= IFCFACE((#5768));
#5771= IFCPOLYLOOP((#742,#740,#1190));
#5773= IFCFACEOUTERBOUND(#5771,.T.);
#5774= IFCFACE((#5773));
#5776= IFCPOLYLOOP((#1204,#208,#206));
#5778= IFCFACEOUTERBOUND(#5776,.T.);
#5779= IFCFACE((#5778));
#5781= IFCPOLYLOOP((#1204,#1196,#208));
#5783= IFCFACEOUTERBOUND(#5781,.T.);
#5784= IFCFACE((#5783));
#5786= IFCPOLYLOOP((#1154,#1198,#1190));
#5788= IFCFACEOUTERBOUND(#5786,.T.);
#5789= IFCFACE((#5788));
#5791= IFCPOLYLOOP((#208,#1196,#210));
#5793= IFCFACEOUTERBOUND(#5791,.T.);
#5794= IFCFACE((#5793));
#5796= IFCPOLYLOOP((#1198,#1196,#1190));
#5798= IFCFACEOUTERBOUND(#5796,.T.);
#5799= IFCFACE((#5798));
#5801= IFCPOLYLOOP((#1148,#1192,#1202));
#5803= IFCFACEOUTERBOUND(#5801,.T.);
#5804= IFCFACE((#5803));
#5806= IFCPOLYLOOP((#1200,#1206,#214));
#5808= IFCFACEOUTERBOUND(#5806,.T.);
#5809= IFCFACE((#5808));
#5811= IFCPOLYLOOP((#1182,#1184,#1192));
#5813= IFCFACEOUTERBOUND(#5811,.T.);
#5814= IFCFACE((#5813));
#5816= IFCPOLYLOOP((#1182,#1148,#1146));
#5818= IFCFACEOUTERBOUND(#5816,.T.);
#5819= IFCFACE((#5818));
#5821= IFCPOLYLOOP((#742,#1204,#744));
#5823= IFCFACEOUTERBOUND(#5821,.T.);
#5824= IFCFACE((#5823));
#5826= IFCPOLYLOOP((#1148,#1202,#1150));
#5828= IFCFACEOUTERBOUND(#5826,.T.);
#5829= IFCFACE((#5828));
#5831= IFCPOLYLOOP((#1196,#1204,#1190));
#5833= IFCFACEOUTERBOUND(#5831,.T.);
#5834= IFCFACE((#5833));
#5836= IFCPOLYLOOP((#1192,#1184,#1186));
#5838= IFCFACEOUTERBOUND(#5836,.T.);
#5839= IFCFACE((#5838));
#5841= IFCPOLYLOOP((#1206,#1186,#1188));
#5843= IFCFACEOUTERBOUND(#5841,.T.);
#5844= IFCFACE((#5843));
#5846= IFCPOLYLOOP((#1200,#1192,#1206));
#5848= IFCFACEOUTERBOUND(#5846,.T.);
#5849= IFCFACE((#5848));
#5851= IFCPOLYLOOP((#1206,#216,#214));
#5853= IFCFACEOUTERBOUND(#5851,.T.);
#5854= IFCFACE((#5853));
#5856= IFCPOLYLOOP((#1206,#1188,#216));
#5858= IFCFACEOUTERBOUND(#5856,.T.);
#5859= IFCFACE((#5858));
#5861= IFCPOLYLOOP((#1202,#1194,#1150));
#5863= IFCFACEOUTERBOUND(#5861,.T.);
#5864= IFCFACE((#5863));
#5866= IFCPOLYLOOP((#1208,#1212,#212));
#5868= IFCFACEOUTERBOUND(#5866,.T.);
#5869= IFCFACE((#5868));
#5871= IFCPOLYLOOP((#1192,#1148,#1182));
#5873= IFCFACEOUTERBOUND(#5871,.T.);
#5874= IFCFACE((#5873));
#5876= IFCPOLYLOOP((#1198,#1154,#1152));
#5878= IFCFACEOUTERBOUND(#5876,.T.);
#5879= IFCFACE((#5878));
#5881= IFCPOLYLOOP((#1202,#1200,#1212));
#5883= IFCFACEOUTERBOUND(#5881,.T.);
#5884= IFCFACE((#5883));
#5886= IFCPOLYLOOP((#210,#1210,#1208));
#5888= IFCFACEOUTERBOUND(#5886,.T.);
#5889= IFCFACE((#5888));
#5891= IFCPOLYLOOP((#1186,#1206,#1192));
#5893= IFCFACEOUTERBOUND(#5891,.T.);
#5894= IFCFACE((#5893));
#5896= IFCPOLYLOOP((#1194,#1198,#1152));
#5898= IFCFACEOUTERBOUND(#5896,.T.);
#5899= IFCFACE((#5898));
#5901= IFCPOLYLOOP((#1210,#1194,#1212));
#5903= IFCFACEOUTERBOUND(#5901,.T.);
#5904= IFCFACE((#5903));
#5906= IFCPOLYLOOP((#1202,#1212,#1194));
#5908= IFCFACEOUTERBOUND(#5906,.T.);
#5909= IFCFACE((#5908));
#5911= IFCPOLYLOOP((#212,#1212,#1200));
#5913= IFCFACEOUTERBOUND(#5911,.T.);
#5914= IFCFACE((#5913));
#5916= IFCPOLYLOOP((#168,#1236,#936));
#5918= IFCFACEOUTERBOUND(#5916,.T.);
#5919= IFCFACE((#5918));
#5921= IFCPOLYLOOP((#1216,#1238,#1214));
#5923= IFCFACEOUTERBOUND(#5921,.T.);
#5924= IFCFACE((#5923));
#5926= IFCPOLYLOOP((#1132,#942,#1222));
#5928= IFCFACEOUTERBOUND(#5926,.T.);
#5929= IFCFACE((#5928));
#5931= IFCPOLYLOOP((#1228,#1236,#166));
#5933= IFCFACEOUTERBOUND(#5931,.T.);
#5934= IFCFACE((#5933));
#5936= IFCPOLYLOOP((#1226,#1234,#1136));
#5938= IFCFACEOUTERBOUND(#5936,.T.);
#5939= IFCFACE((#5938));
#5941= IFCPOLYLOOP((#1236,#168,#166));
#5943= IFCFACEOUTERBOUND(#5941,.T.);
#5944= IFCFACE((#5943));
#5946= IFCPOLYLOOP((#938,#1236,#1222));
#5948= IFCFACEOUTERBOUND(#5946,.T.);
#5949= IFCFACE((#5948));
#5951= IFCPOLYLOOP((#1222,#1236,#1228));
#5953= IFCFACEOUTERBOUND(#5951,.T.);
#5954= IFCFACE((#5953));
#5956= IFCPOLYLOOP((#652,#942,#1132));
#5958= IFCFACEOUTERBOUND(#5956,.T.);
#5959= IFCFACE((#5958));
#5961= IFCPOLYLOOP((#162,#1232,#1242));
#5963= IFCFACEOUTERBOUND(#5961,.T.);
#5964= IFCFACE((#5963));
#5966= IFCPOLYLOOP((#1222,#940,#938));
#5968= IFCFACEOUTERBOUND(#5966,.T.);
#5969= IFCFACE((#5968));
#5971= IFCPOLYLOOP((#1230,#1132,#1222));
#5973= IFCFACEOUTERBOUND(#5971,.T.);
#5974= IFCFACE((#5973));
#5976= IFCPOLYLOOP((#1238,#160,#158));
#5978= IFCFACEOUTERBOUND(#5976,.T.);
#5979= IFCFACE((#5978));
#5981= IFCPOLYLOOP((#1222,#942,#940));
#5983= IFCFACEOUTERBOUND(#5981,.T.);
#5984= IFCFACE((#5983));
#5986= IFCPOLYLOOP((#1226,#1244,#1242));
#5988= IFCFACEOUTERBOUND(#5986,.T.);
#5989= IFCFACE((#5988));
#5991= IFCPOLYLOOP((#166,#164,#1228));
#5993= IFCFACEOUTERBOUND(#5991,.T.);
#5994= IFCFACE((#5993));
#5996= IFCPOLYLOOP((#1240,#162,#1242));
#5998= IFCFACEOUTERBOUND(#5996,.T.);
#5999= IFCFACE((#5998));
#6001= IFCPOLYLOOP((#1232,#1238,#1224));
#6003= IFCFACEOUTERBOUND(#6001,.T.);
#6004= IFCFACE((#6003));
#6006= IFCPOLYLOOP((#1238,#1232,#160));
#6008= IFCFACEOUTERBOUND(#6006,.T.);
#6009= IFCFACE((#6008));
#6011= IFCPOLYLOOP((#1240,#1242,#1244));
#6013= IFCFACEOUTERBOUND(#6011,.T.);
#6014= IFCFACE((#6013));
#6016= IFCPOLYLOOP((#1224,#1238,#1216));
#6018= IFCFACEOUTERBOUND(#6016,.T.);
#6019= IFCFACE((#6018));
#6021= IFCPOLYLOOP((#1132,#1230,#1134));
#6023= IFCFACEOUTERBOUND(#6021,.T.);
#6024= IFCFACE((#6023));
#6026= IFCPOLYLOOP((#1230,#1228,#1244));
#6028= IFCFACEOUTERBOUND(#6026,.T.);
#6029= IFCFACE((#6028));
#6031= IFCPOLYLOOP((#1238,#158,#1214));
#6033= IFCFACEOUTERBOUND(#6031,.T.);
#6034= IFCFACE((#6033));
#6036= IFCPOLYLOOP((#1234,#1232,#1224));
#6038= IFCFACEOUTERBOUND(#6036,.T.);
#6039= IFCFACE((#6038));
#6041= IFCPOLYLOOP((#1224,#1216,#1218));
#6043= IFCFACEOUTERBOUND(#6041,.T.);
#6044= IFCFACE((#6043));
#6046= IFCPOLYLOOP((#1234,#1138,#1136));
#6048= IFCFACEOUTERBOUND(#6046,.T.);
#6049= IFCFACE((#6048));
#6051= IFCPOLYLOOP((#1234,#1226,#1242));
#6053= IFCFACEOUTERBOUND(#6051,.T.);
#6054= IFCFACE((#6053));
#6056= IFCPOLYLOOP((#1220,#1140,#1138));
#6058= IFCFACEOUTERBOUND(#6056,.T.);
#6059= IFCFACE((#6058));
#6061= IFCPOLYLOOP((#1240,#1244,#164));
#6063= IFCFACEOUTERBOUND(#6061,.T.);
#6064= IFCFACE((#6063));
#6066= IFCPOLYLOOP((#1228,#1230,#1222));
#6068= IFCFACEOUTERBOUND(#6066,.T.);
#6069= IFCFACE((#6068));
#6071= IFCPOLYLOOP((#1138,#1224,#1220));
#6073= IFCFACEOUTERBOUND(#6071,.T.);
#6074= IFCFACE((#6073));
#6076= IFCPOLYLOOP((#1220,#1224,#1218));
#6078= IFCFACEOUTERBOUND(#6076,.T.);
#6079= IFCFACE((#6078));
#6081= IFCPOLYLOOP((#1236,#938,#936));
#6083= IFCFACEOUTERBOUND(#6081,.T.);
#6084= IFCFACE((#6083));
#6086= IFCPOLYLOOP((#1230,#1226,#1134));
#6088= IFCFACEOUTERBOUND(#6086,.T.);
#6089= IFCFACE((#6088));
#6091= IFCPOLYLOOP((#162,#160,#1232));
#6093= IFCFACEOUTERBOUND(#6091,.T.);
#6094= IFCFACE((#6093));
#6096= IFCPOLYLOOP((#1138,#1234,#1224));
#6098= IFCFACEOUTERBOUND(#6096,.T.);
#6099= IFCFACE((#6098));
#6101= IFCPOLYLOOP((#1136,#1134,#1226));
#6103= IFCFACEOUTERBOUND(#6101,.T.);
#6104= IFCFACE((#6103));
#6106= IFCPOLYLOOP((#1234,#1242,#1232));
#6108= IFCFACEOUTERBOUND(#6106,.T.);
#6109= IFCFACE((#6108));
#6111= IFCPOLYLOOP((#1230,#1244,#1226));
#6113= IFCFACEOUTERBOUND(#6111,.T.);
#6114= IFCFACE((#6113));
#6116= IFCPOLYLOOP((#164,#1244,#1228));
#6118= IFCFACEOUTERBOUND(#6116,.T.);
#6119= IFCFACE((#6118));
#6121= IFCPOLYLOOP((#1248,#1250,#1260));
#6123= IFCFACEOUTERBOUND(#6121,.T.);
#6124= IFCFACE((#6123));
#6126= IFCPOLYLOOP((#1270,#1268,#1386,#1366,#1406,#1256,#1380,#1266));
#6128= IFCFACEOUTERBOUND(#6126,.T.);
#6129= IFCFACE((#6128));
#6131= IFCPOLYLOOP((#1270,#1266,#1260));
#6133= IFCFACEOUTERBOUND(#6131,.T.);
#6134= IFCFACE((#6133));
#6136= IFCPOLYLOOP((#1248,#1260,#1266));
#6138= IFCFACEOUTERBOUND(#6136,.T.);
#6139= IFCFACE((#6138));
#6141= IFCPOLYLOOP((#1250,#1264,#1260));
#6143= IFCFACEOUTERBOUND(#6141,.T.);
#6144= IFCFACE((#6143));
#6146= IFCPOLYLOOP((#1250,#1252,#1308,#1296,#1264));
#6148= IFCFACEOUTERBOUND(#6146,.T.);
#6149= IFCFACE((#6148));
#6151= IFCPOLYLOOP((#1144,#1258,#1302,#1310,#1146));
#6153= IFCFACEOUTERBOUND(#6151,.T.);
#6154= IFCFACE((#6153));
#6156= IFCPOLYLOOP((#1142,#1268,#1262));
#6158= IFCFACEOUTERBOUND(#6156,.T.);
#6159= IFCFACE((#6158));
#6161= IFCPOLYLOOP((#1248,#1266,#1402,#1372,#1246));
#6163= IFCFACEOUTERBOUND(#6161,.T.);
#6164= IFCFACE((#6163));
#6166= IFCPOLYLOOP((#1142,#1140,#1374,#1358,#1268));
#6168= IFCFACEOUTERBOUND(#6166,.T.);
#6169= IFCFACE((#6168));
#6171= IFCPOLYLOOP((#1144,#1142,#1262));
#6173= IFCFACEOUTERBOUND(#6171,.T.);
#6174= IFCFACE((#6173));
#6176= IFCPOLYLOOP((#1274,#1254,#1300,#1294,#1336,#1272));
#6178= IFCFACEOUTERBOUND(#6176,.T.);
#6179= IFCFACE((#6178));
#6181= IFCPOLYLOOP((#1262,#1272,#1292,#1316,#1258));
#6183= IFCFACEOUTERBOUND(#6181,.T.);
#6184= IFCFACE((#6183));
#6186= IFCPOLYLOOP((#1260,#1264,#1322,#1284,#1254));
#6188= IFCFACEOUTERBOUND(#6186,.T.);
#6189= IFCFACE((#6188));
#6191= IFCPOLYLOOP((#1274,#1262,#1270));
#6193= IFCFACEOUTERBOUND(#6191,.T.);
#6194= IFCFACE((#6193));
#6196= IFCPOLYLOOP((#1262,#1258,#1144));
#6198= IFCFACEOUTERBOUND(#6196,.T.);
#6199= IFCFACE((#6198));
#6201= IFCPOLYLOOP((#1268,#1270,#1262));
#6203= IFCFACEOUTERBOUND(#6201,.T.);
#6204= IFCFACE((#6203));
#6206= IFCPOLYLOOP((#1274,#1260,#1254));
#6208= IFCFACEOUTERBOUND(#6206,.T.);
#6209= IFCFACE((#6208));
#6211= IFCPOLYLOOP((#1262,#1274,#1272));
#6213= IFCFACEOUTERBOUND(#6211,.T.);
#6214= IFCFACE((#6213));
#6216= IFCPOLYLOOP((#1260,#1274,#1270));
#6218= IFCFACEOUTERBOUND(#6216,.T.);
#6219= IFCFACE((#6218));
#6221= IFCPOLYLOOP((#1330,#1308,#1276));
#6223= IFCFACEOUTERBOUND(#6221,.T.);
#6224= IFCFACE((#6223));
#6226= IFCPOLYLOOP((#1320,#1324,#1312));
#6228= IFCFACEOUTERBOUND(#6226,.T.);
#6229= IFCFACE((#6228));
#6231= IFCPOLYLOOP((#1310,#1184,#1182));
#6233= IFCFACEOUTERBOUND(#6231,.T.);
#6234= IFCFACE((#6233));
#6236= IFCPOLYLOOP((#1282,#1304,#1330));
#6238= IFCFACEOUTERBOUND(#6236,.T.);
#6239= IFCFACE((#6238));
#6241= IFCPOLYLOOP((#1330,#1276,#1278));
#6243= IFCFACEOUTERBOUND(#6241,.T.);
#6244= IFCFACE((#6243));
#6246= IFCPOLYLOOP((#1318,#1326,#1344));
#6248= IFCFACEOUTERBOUND(#6246,.T.);
#6249= IFCFACE((#6248));
#6251= IFCPOLYLOOP((#1342,#1286,#1338));
#6253= IFCFACEOUTERBOUND(#6251,.T.);
#6254= IFCFACE((#6253));
#6256= IFCPOLYLOOP((#1326,#1302,#1258,#1316));
#6258= IFCFACEOUTERBOUND(#6256,.T.);
#6259= IFCFACE((#6258));
#6261= IFCPOLYLOOP((#1308,#1330,#1328,#1296));
#6263= IFCFACEOUTERBOUND(#6261,.T.);
#6264= IFCFACE((#6263));
#6266= IFCPOLYLOOP((#1282,#218,#1304));
#6268= IFCFACEOUTERBOUND(#6266,.T.);
#6269= IFCFACE((#6268));
#6271= IFCPOLYLOOP((#1306,#216,#1188));
#6273= IFCFACEOUTERBOUND(#6271,.T.);
#6274= IFCFACE((#6273));
#6276= IFCPOLYLOOP((#1186,#1306,#1188));
#6278= IFCFACEOUTERBOUND(#6276,.T.);
#6279= IFCFACE((#6278));
#6281= IFCPOLYLOOP((#1280,#1330,#1278));
#6283= IFCFACEOUTERBOUND(#6281,.T.);
#6284= IFCFACE((#6283));
#6286= IFCPOLYLOOP((#1314,#1310,#1302));
#6288= IFCFACEOUTERBOUND(#6286,.T.);
#6289= IFCFACE((#6288));
#6291= IFCPOLYLOOP((#1184,#1314,#1186));
#6293= IFCFACEOUTERBOUND(#6291,.T.);
#6294= IFCFACE((#6293));
#6296= IFCPOLYLOOP((#1314,#1184,#1310));
#6298= IFCFACEOUTERBOUND(#6296,.T.);
#6299= IFCFACE((#6298));
#6301= IFCPOLYLOOP((#1330,#1304,#1328));
#6303= IFCFACEOUTERBOUND(#6301,.T.);
#6304= IFCFACE((#6303));
#6306= IFCPOLYLOOP((#1320,#1346,#1300));
#6308= IFCFACEOUTERBOUND(#6306,.T.);
#6309= IFCFACE((#6308));
#6311= IFCPOLYLOOP((#1342,#1346,#1286));
#6313= IFCFACEOUTERBOUND(#6311,.T.);
#6314= IFCFACE((#6313));
#6316= IFCPOLYLOOP((#1320,#1300,#1254,#1284));
#6318= IFCFACEOUTERBOUND(#6316,.T.);
#6319= IFCFACE((#6318));
#6321= IFCPOLYLOOP((#1308,#1252,#1276));
#6323= IFCFACEOUTERBOUND(#6321,.T.);
#6324= IFCFACE((#6323));
#6326= IFCPOLYLOOP((#1182,#1146,#1310));
#6328= IFCFACEOUTERBOUND(#6326,.T.);
#6329= IFCFACE((#6328));
#6331= IFCPOLYLOOP((#1324,#1290,#1312));
#6333= IFCFACEOUTERBOUND(#6331,.T.);
#6334= IFCFACE((#6333));
#6336= IFCPOLYLOOP((#1306,#1186,#1314));
#6338= IFCFACEOUTERBOUND(#6336,.T.);
#6339= IFCFACE((#6338));
#6341= IFCPOLYLOOP((#1326,#1318,#1288));
#6343= IFCFACEOUTERBOUND(#6341,.T.);
#6344= IFCFACE((#6343));
#6346= IFCPOLYLOOP((#1298,#1340,#1338));
#6348= IFCFACEOUTERBOUND(#6346,.T.);
#6349= IFCFACE((#6348));
#6351= IFCPOLYLOOP((#1288,#1306,#1314));
#6353= IFCFACEOUTERBOUND(#6351,.T.);
#6354= IFCFACE((#6353));
#6356= IFCPOLYLOOP((#1314,#1302,#1326));
#6358= IFCFACEOUTERBOUND(#6356,.T.);
#6359= IFCFACE((#6358));
#6361= IFCPOLYLOOP((#1340,#1344,#1292));
#6363= IFCFACEOUTERBOUND(#6361,.T.);
#6364= IFCFACE((#6363));
#6366= IFCPOLYLOOP((#1322,#1324,#1284));
#6368= IFCFACEOUTERBOUND(#6366,.T.);
#6369= IFCFACE((#6368));
#6371= IFCPOLYLOOP((#1346,#1312,#1286));
#6373= IFCFACEOUTERBOUND(#6371,.T.);
#6374= IFCFACE((#6373));
#6376= IFCPOLYLOOP((#1332,#1296,#1328));
#6378= IFCFACEOUTERBOUND(#6376,.T.);
#6379= IFCFACE((#6378));
#6381= IFCPOLYLOOP((#1284,#1324,#1320));
#6383= IFCFACEOUTERBOUND(#6381,.T.);
#6384= IFCFACE((#6383));
#6386= IFCPOLYLOOP((#1332,#1324,#1322));
#6388= IFCFACEOUTERBOUND(#6386,.T.);
#6389= IFCFACE((#6388));
#6391= IFCPOLYLOOP((#1314,#1326,#1288));
#6393= IFCFACEOUTERBOUND(#6391,.T.);
#6394= IFCFACE((#6393));
#6396= IFCPOLYLOOP((#1344,#1316,#1292));
#6398= IFCFACEOUTERBOUND(#6396,.T.);
#6399= IFCFACE((#6398));
#6401= IFCPOLYLOOP((#1332,#1334,#1290));
#6403= IFCFACEOUTERBOUND(#6401,.T.);
#6404= IFCFACE((#6403));
#6406= IFCPOLYLOOP((#1334,#1332,#1328));
#6408= IFCFACEOUTERBOUND(#6406,.T.);
#6409= IFCFACE((#6408));
#6411= IFCPOLYLOOP((#1330,#1280,#1282));
#6413= IFCFACEOUTERBOUND(#6411,.T.);
#6414= IFCFACE((#6413));
#6416= IFCPOLYLOOP((#1324,#1332,#1290));
#6418= IFCFACEOUTERBOUND(#6416,.T.);
#6419= IFCFACE((#6418));
#6421= IFCPOLYLOOP((#1332,#1322,#1264,#1296));
#6423= IFCFACEOUTERBOUND(#6421,.T.);
#6424= IFCFACE((#6423));
#6426= IFCPOLYLOOP((#1328,#1304,#1334));
#6428= IFCFACEOUTERBOUND(#6426,.T.);
#6429= IFCFACE((#6428));
#6431= IFCPOLYLOOP((#1340,#1292,#1272,#1336));
#6433= IFCFACEOUTERBOUND(#6431,.T.);
#6434= IFCFACE((#6433));
#6436= IFCPOLYLOOP((#1336,#1342,#1340));
#6438= IFCFACEOUTERBOUND(#6436,.T.);
#6439= IFCFACE((#6438));
#6441= IFCPOLYLOOP((#1336,#1294,#1342));
#6443= IFCFACEOUTERBOUND(#6441,.T.);
#6444= IFCFACE((#6443));
#6446= IFCPOLYLOOP((#1298,#1318,#1344));
#6448= IFCFACEOUTERBOUND(#6446,.T.);
#6449= IFCFACE((#6448));
#6451= IFCPOLYLOOP((#1340,#1342,#1338));
#6453= IFCFACEOUTERBOUND(#6451,.T.);
#6454= IFCFACE((#6453));
#6456= IFCPOLYLOOP((#1294,#1300,#1346));
#6458= IFCFACEOUTERBOUND(#6456,.T.);
#6459= IFCFACE((#6458));
#6461= IFCPOLYLOOP((#1344,#1326,#1316));
#6463= IFCFACEOUTERBOUND(#6461,.T.);
#6464= IFCFACE((#6463));
#6466= IFCPOLYLOOP((#1298,#1344,#1340));
#6468= IFCFACEOUTERBOUND(#6466,.T.);
#6469= IFCFACE((#6468));
#6471= IFCPOLYLOOP((#1346,#1342,#1294));
#6473= IFCFACEOUTERBOUND(#6471,.T.);
#6474= IFCFACE((#6473));
#6476= IFCPOLYLOOP((#1312,#1346,#1320));
#6478= IFCFACEOUTERBOUND(#6476,.T.);
#6479= IFCFACE((#6478));
#6481= IFCPOLYLOOP((#1398,#1376,#1348));
#6483= IFCFACEOUTERBOUND(#6481,.T.);
#6484= IFCFACE((#6483));
#6486= IFCPOLYLOOP((#1388,#1392,#1380));
#6488= IFCFACEOUTERBOUND(#6486,.T.);
#6489= IFCFACE((#6488));
#6491= IFCPOLYLOOP((#1378,#1216,#1214));
#6493= IFCFACEOUTERBOUND(#6491,.T.);
#6494= IFCFACE((#6493));
#6496= IFCPOLYLOOP((#1354,#1372,#1398));
#6498= IFCFACEOUTERBOUND(#6496,.T.);
#6499= IFCFACE((#6498));
#6501= IFCPOLYLOOP((#1352,#1398,#1350));
#6503= IFCFACEOUTERBOUND(#6501,.T.);
#6504= IFCFACE((#6503));
#6506= IFCPOLYLOOP((#1398,#1348,#1350));
#6508= IFCFACEOUTERBOUND(#6506,.T.);
#6509= IFCFACE((#6508));
#6511= IFCPOLYLOOP((#1412,#1386,#1394));
#6513= IFCFACEOUTERBOUND(#6511,.T.);
#6514= IFCFACE((#6513));
#6516= IFCPOLYLOOP((#1410,#1256,#1406));
#6518= IFCFACEOUTERBOUND(#6516,.T.);
#6519= IFCFACE((#6518));
#6521= IFCPOLYLOOP((#1376,#1396,#1364));
#6523= IFCFACEOUTERBOUND(#6521,.T.);
#6524= IFCFACE((#6523));
#6526= IFCPOLYLOOP((#1354,#1246,#1372));
#6528= IFCFACEOUTERBOUND(#6526,.T.);
#6529= IFCFACE((#6528));
#6531= IFCPOLYLOOP((#1374,#1140,#1220));
#6533= IFCFACEOUTERBOUND(#6531,.T.);
#6534= IFCFACE((#6533));
#6536= IFCPOLYLOOP((#1218,#1374,#1220));
#6538= IFCFACEOUTERBOUND(#6536,.T.);
#6539= IFCFACE((#6538));
#6541= IFCPOLYLOOP((#1394,#1370,#1384));
#6543= IFCFACEOUTERBOUND(#6541,.T.);
#6544= IFCFACE((#6543));
#6546= IFCPOLYLOOP((#1382,#1378,#1370));
#6548= IFCFACEOUTERBOUND(#6546,.T.);
#6549= IFCFACE((#6548));
#6551= IFCPOLYLOOP((#1216,#1382,#1218));
#6553= IFCFACEOUTERBOUND(#6551,.T.);
#6554= IFCFACE((#6553));
#6556= IFCPOLYLOOP((#1382,#1216,#1378));
#6558= IFCFACEOUTERBOUND(#6556,.T.);
#6559= IFCFACE((#6558));
#6561= IFCPOLYLOOP((#1398,#1372,#1402,#1396));
#6563= IFCFACEOUTERBOUND(#6561,.T.);
#6564= IFCFACE((#6563));
#6566= IFCPOLYLOOP((#1388,#1414,#1368));
#6568= IFCFACEOUTERBOUND(#6566,.T.);
#6569= IFCFACE((#6568));
#6571= IFCPOLYLOOP((#1410,#1414,#1256));
#6573= IFCFACEOUTERBOUND(#6571,.T.);
#6574= IFCFACE((#6573));
#6576= IFCPOLYLOOP((#1368,#1356,#1388));
#6578= IFCFACEOUTERBOUND(#6576,.T.);
#6579= IFCFACE((#6578));
#6581= IFCPOLYLOOP((#1376,#156,#1348));
#6583= IFCFACEOUTERBOUND(#6581,.T.);
#6584= IFCFACE((#6583));
#6586= IFCPOLYLOOP((#1392,#1266,#1380));
#6588= IFCFACEOUTERBOUND(#6586,.T.);
#6589= IFCFACE((#6588));
#6591= IFCPOLYLOOP((#1214,#158,#1378));
#6593= IFCFACEOUTERBOUND(#6591,.T.);
#6594= IFCFACE((#6593));
#6596= IFCPOLYLOOP((#1374,#1218,#1382));
#6598= IFCFACEOUTERBOUND(#6596,.T.);
#6599= IFCFACE((#6598));
#6601= IFCPOLYLOOP((#1394,#1386,#1268,#1358));
#6603= IFCFACEOUTERBOUND(#6601,.T.);
#6604= IFCFACE((#6603));
#6606= IFCPOLYLOOP((#1366,#1408,#1406));
#6608= IFCFACEOUTERBOUND(#6606,.T.);
#6609= IFCFACE((#6608));
#6611= IFCPOLYLOOP((#1358,#1374,#1382));
#6613= IFCFACEOUTERBOUND(#6611,.T.);
#6614= IFCFACE((#6613));
#6616= IFCPOLYLOOP((#1382,#1370,#1394));
#6618= IFCFACEOUTERBOUND(#6616,.T.);
#6619= IFCFACE((#6618));
#6621= IFCPOLYLOOP((#1408,#1412,#1360));
#6623= IFCFACEOUTERBOUND(#6621,.T.);
#6624= IFCFACE((#6623));
#6626= IFCPOLYLOOP((#1390,#1392,#1356));
#6628= IFCFACEOUTERBOUND(#6626,.T.);
#6629= IFCFACE((#6628));
#6631= IFCPOLYLOOP((#1414,#1380,#1256));
#6633= IFCFACEOUTERBOUND(#6631,.T.);
#6634= IFCFACE((#6633));
#6636= IFCPOLYLOOP((#1400,#1364,#1396));
#6638= IFCFACEOUTERBOUND(#6636,.T.);
#6639= IFCFACE((#6638));
#6641= IFCPOLYLOOP((#1356,#1392,#1388));
#6643= IFCFACEOUTERBOUND(#6641,.T.);
#6644= IFCFACE((#6643));
#6646= IFCPOLYLOOP((#1400,#1392,#1390));
#6648= IFCFACEOUTERBOUND(#6646,.T.);
#6649= IFCFACE((#6648));
#6651= IFCPOLYLOOP((#1382,#1394,#1358));
#6653= IFCFACEOUTERBOUND(#6651,.T.);
#6654= IFCFACE((#6653));
#6656= IFCPOLYLOOP((#1412,#1384,#1360));
#6658= IFCFACEOUTERBOUND(#6656,.T.);
#6659= IFCFACE((#6658));
#6661= IFCPOLYLOOP((#1400,#1402,#1266));
#6663= IFCFACEOUTERBOUND(#6661,.T.);
#6664= IFCFACE((#6663));
#6666= IFCPOLYLOOP((#1402,#1400,#1396));
#6668= IFCFACEOUTERBOUND(#6666,.T.);
#6669= IFCFACE((#6668));
#6671= IFCPOLYLOOP((#1398,#1352,#1354));
#6673= IFCFACEOUTERBOUND(#6671,.T.);
#6674= IFCFACE((#6673));
#6676= IFCPOLYLOOP((#1376,#1398,#1396));
#6678= IFCFACEOUTERBOUND(#6676,.T.);
#6679= IFCFACE((#6678));
#6681= IFCPOLYLOOP((#1392,#1400,#1266));
#6683= IFCFACEOUTERBOUND(#6681,.T.);
#6684= IFCFACE((#6683));
#6686= IFCPOLYLOOP((#1390,#1364,#1400));
#6688= IFCFACEOUTERBOUND(#6686,.T.);
#6689= IFCFACE((#6688));
#6691= IFCPOLYLOOP((#1360,#1404,#1408));
#6693= IFCFACEOUTERBOUND(#6691,.T.);
#6694= IFCFACE((#6693));
#6696= IFCPOLYLOOP((#1404,#1410,#1408));
#6698= IFCFACEOUTERBOUND(#6696,.T.);
#6699= IFCFACE((#6698));
#6701= IFCPOLYLOOP((#1404,#1362,#1410));
#6703= IFCFACEOUTERBOUND(#6701,.T.);
#6704= IFCFACE((#6703));
#6706= IFCPOLYLOOP((#1366,#1386,#1412));
#6708= IFCFACEOUTERBOUND(#6706,.T.);
#6709= IFCFACE((#6708));
#6711= IFCPOLYLOOP((#1408,#1410,#1406));
#6713= IFCFACEOUTERBOUND(#6711,.T.);
#6714= IFCFACE((#6713));
#6716= IFCPOLYLOOP((#1362,#1368,#1414));
#6718= IFCFACEOUTERBOUND(#6716,.T.);
#6719= IFCFACE((#6718));
#6721= IFCPOLYLOOP((#1412,#1394,#1384));
#6723= IFCFACEOUTERBOUND(#6721,.T.);
#6724= IFCFACE((#6723));
#6726= IFCPOLYLOOP((#1366,#1412,#1408));
#6728= IFCFACEOUTERBOUND(#6726,.T.);
#6729= IFCFACE((#6728));
#6731= IFCPOLYLOOP((#1414,#1410,#1362));
#6733= IFCFACEOUTERBOUND(#6731,.T.);
#6734= IFCFACE((#6733));
#6736= IFCPOLYLOOP((#1380,#1414,#1388));
#6738= IFCFACEOUTERBOUND(#6736,.T.);
#6739= IFCFACE((#6738));
#6741= IFCPOLYLOOP((#1246,#1416,#1446));
#6743= IFCFACEOUTERBOUND(#6741,.T.);
#6744= IFCFACE((#6743));
#6746= IFCPOLYLOOP((#1436,#1438,#1452));
#6748= IFCFACEOUTERBOUND(#6746,.T.);
#6749= IFCFACE((#6748));
#6751= IFCPOLYLOOP((#1440,#1250,#1446));
#6753= IFCFACEOUTERBOUND(#6751,.T.);
#6754= IFCFACE((#6753));
#6756= IFCPOLYLOOP((#1452,#1454,#1436));
#6758= IFCFACEOUTERBOUND(#6756,.T.);
#6759= IFCFACE((#6758));
#6761= IFCPOLYLOOP((#1454,#1452,#1450));
#6763= IFCFACEOUTERBOUND(#6761,.T.);
#6764= IFCFACE((#6763));
#6766= IFCPOLYLOOP((#1450,#1440,#1448));
#6768= IFCFACEOUTERBOUND(#6766,.T.);
#6769= IFCFACE((#6768));
#6771= IFCPOLYLOOP((#1252,#1250,#1438));
#6773= IFCFACEOUTERBOUND(#6771,.T.);
#6774= IFCFACE((#6773));
#6776= IFCPOLYLOOP((#1456,#1454,#1444));
#6778= IFCFACEOUTERBOUND(#6776,.T.);
#6779= IFCFACE((#6778));
#6781= IFCPOLYLOOP((#1440,#1450,#1452));
#6783= IFCFACEOUTERBOUND(#6781,.T.);
#6784= IFCFACE((#6783));
#6786= IFCPOLYLOOP((#1248,#1446,#1250));
#6788= IFCFACEOUTERBOUND(#6786,.T.);
#6789= IFCFACE((#6788));
#6791= IFCPOLYLOOP((#1438,#1250,#1440));
#6793= IFCFACEOUTERBOUND(#6791,.T.);
#6794= IFCFACE((#6793));
#6796= IFCPOLYLOOP((#1440,#1446,#1448));
#6798= IFCFACEOUTERBOUND(#6796,.T.);
#6799= IFCFACE((#6798));
#6801= IFCPOLYLOOP((#1418,#1420,#1444));
#6803= IFCFACEOUTERBOUND(#6801,.T.);
#6804= IFCFACE((#6803));
#6806= IFCPOLYLOOP((#1450,#1444,#1454));
#6808= IFCFACEOUTERBOUND(#6806,.T.);
#6809= IFCFACE((#6808));
#6811= IFCPOLYLOOP((#1462,#1442,#1460));
#6813= IFCFACEOUTERBOUND(#6811,.T.);
#6814= IFCFACE((#6813));
#6816= IFCPOLYLOOP((#1450,#1418,#1444));
#6818= IFCFACEOUTERBOUND(#6816,.T.);
#6819= IFCFACE((#6818));
#6821= IFCPOLYLOOP((#1426,#1464,#1424));
#6823= IFCFACEOUTERBOUND(#6821,.T.);
#6824= IFCFACE((#6823));
#6826= IFCPOLYLOOP((#1448,#1446,#1416));
#6828= IFCFACEOUTERBOUND(#6826,.T.);
#6829= IFCFACE((#6828));
#6831= IFCPOLYLOOP((#1416,#1418,#1448));
#6833= IFCFACEOUTERBOUND(#6831,.T.);
#6834= IFCFACE((#6833));
#6836= IFCPOLYLOOP((#1426,#1428,#1442));
#6838= IFCFACEOUTERBOUND(#6836,.T.);
#6839= IFCFACE((#6838));
#6841= IFCPOLYLOOP((#1434,#1456,#1458));
#6843= IFCFACEOUTERBOUND(#6841,.T.);
#6844= IFCFACE((#6843));
#6846= IFCPOLYLOOP((#1442,#1462,#1464));
#6848= IFCFACEOUTERBOUND(#6846,.T.);
#6849= IFCFACE((#6848));
#6851= IFCPOLYLOOP((#1428,#1430,#1432));
#6853= IFCFACEOUTERBOUND(#6851,.T.);
#6854= IFCFACE((#6853));
#6856= IFCPOLYLOOP((#1438,#1440,#1452));
#6858= IFCFACEOUTERBOUND(#6856,.T.);
#6859= IFCFACE((#6858));
#6861= IFCPOLYLOOP((#1428,#1432,#1442));
#6863= IFCFACEOUTERBOUND(#6861,.T.);
#6864= IFCFACE((#6863));
#6866= IFCPOLYLOOP((#1434,#1458,#1432));
#6868= IFCFACEOUTERBOUND(#6866,.T.);
#6869= IFCFACE((#6868));
#6871= IFCPOLYLOOP((#1246,#1446,#1248));
#6873= IFCFACEOUTERBOUND(#6871,.T.);
#6874= IFCFACE((#6873));
#6876= IFCPOLYLOOP((#1454,#1456,#1436));
#6878= IFCFACEOUTERBOUND(#6876,.T.);
#6879= IFCFACE((#6878));
#6881= IFCPOLYLOOP((#1418,#1450,#1448));
#6883= IFCFACEOUTERBOUND(#6881,.T.);
#6884= IFCFACE((#6883));
#6886= IFCPOLYLOOP((#1460,#1442,#1458));
#6888= IFCFACEOUTERBOUND(#6886,.T.);
#6889= IFCFACE((#6888));
#6891= IFCPOLYLOOP((#1460,#1458,#1456));
#6893= IFCFACEOUTERBOUND(#6891,.T.);
#6894= IFCFACE((#6893));
#6896= IFCPOLYLOOP((#1436,#1456,#1434));
#6898= IFCFACEOUTERBOUND(#6896,.T.);
#6899= IFCFACE((#6898));
#6901= IFCPOLYLOOP((#1460,#1456,#1444));
#6903= IFCFACEOUTERBOUND(#6901,.T.);
#6904= IFCFACE((#6903));
#6906= IFCPOLYLOOP((#1432,#1458,#1442));
#6908= IFCFACEOUTERBOUND(#6906,.T.);
#6909= IFCFACE((#6908));
#6911= IFCPOLYLOOP((#1444,#1420,#1460));
#6913= IFCFACEOUTERBOUND(#6911,.T.);
#6914= IFCFACE((#6913));
#6916= IFCPOLYLOOP((#1462,#1420,#1422));
#6918= IFCFACEOUTERBOUND(#6916,.T.);
#6919= IFCFACE((#6918));
#6921= IFCPOLYLOOP((#1420,#1462,#1460));
#6923= IFCFACEOUTERBOUND(#6921,.T.);
#6924= IFCFACE((#6923));
#6926= IFCPOLYLOOP((#1464,#1462,#1422));
#6928= IFCFACEOUTERBOUND(#6926,.T.);
#6929= IFCFACE((#6928));
#6931= IFCPOLYLOOP((#1424,#1464,#1422));
#6933= IFCFACEOUTERBOUND(#6931,.T.);
#6934= IFCFACE((#6933));
#6936= IFCPOLYLOOP((#1442,#1464,#1426));
#6938= IFCFACEOUTERBOUND(#6936,.T.);
#6939= IFCFACE((#6938));
#6941= IFCPOLYLOOP((#1436,#1434,#1478));
#6943= IFCFACEOUTERBOUND(#6941,.T.);
#6944= IFCFACE((#6943));
#6946= IFCPOLYLOOP((#1276,#1252,#1438));
#6948= IFCFACEOUTERBOUND(#6946,.T.);
#6949= IFCFACE((#6948));
#6951= IFCPOLYLOOP((#1276,#1474,#1278));
#6953= IFCFACEOUTERBOUND(#6951,.T.);
#6954= IFCFACE((#6953));
#6956= IFCPOLYLOOP((#1474,#1276,#1438));
#6958= IFCFACEOUTERBOUND(#6956,.T.);
#6959= IFCFACE((#6958));
#6961= IFCPOLYLOOP((#1480,#1482,#1494));
#6963= IFCFACEOUTERBOUND(#6961,.T.);
#6964= IFCFACE((#6963));
#6966= IFCPOLYLOOP((#1478,#1494,#1482));
#6968= IFCFACEOUTERBOUND(#6966,.T.);
#6969= IFCFACE((#6968));
#6971= IFCPOLYLOOP((#1480,#1494,#222));
#6973= IFCFACEOUTERBOUND(#6971,.T.);
#6974= IFCFACE((#6973));
#6976= IFCPOLYLOOP((#1484,#1486,#1476));
#6978= IFCFACEOUTERBOUND(#6976,.T.);
#6979= IFCFACE((#6978));
#6981= IFCPOLYLOOP((#1492,#1494,#1496));
#6983= IFCFACEOUTERBOUND(#6981,.T.);
#6984= IFCFACE((#6983));
#6986= IFCPOLYLOOP((#1474,#1488,#1280));
#6988= IFCFACEOUTERBOUND(#6986,.T.);
#6989= IFCFACE((#6988));
#6991= IFCPOLYLOOP((#226,#224,#1484));
#6993= IFCFACEOUTERBOUND(#6991,.T.);
#6994= IFCFACE((#6993));
#6996= IFCPOLYLOOP((#218,#1282,#1488));
#6998= IFCFACEOUTERBOUND(#6996,.T.);
#6999= IFCFACE((#6998));
#7001= IFCPOLYLOOP((#1280,#1278,#1474));
#7003= IFCFACEOUTERBOUND(#7001,.T.);
#7004= IFCFACE((#7003));
#7006= IFCPOLYLOOP((#1488,#220,#218));
#7008= IFCFACEOUTERBOUND(#7006,.T.);
#7009= IFCFACE((#7008));
#7011= IFCPOLYLOOP((#1488,#1480,#220));
#7013= IFCFACEOUTERBOUND(#7011,.T.);
#7014= IFCFACE((#7013));
#7016= IFCPOLYLOOP((#1438,#1482,#1474));
#7018= IFCFACEOUTERBOUND(#7016,.T.);
#7019= IFCFACE((#7018));
#7021= IFCPOLYLOOP((#220,#1480,#222));
#7023= IFCFACEOUTERBOUND(#7021,.T.);
#7024= IFCFACE((#7023));
#7026= IFCPOLYLOOP((#1482,#1480,#1474));
#7028= IFCFACEOUTERBOUND(#7026,.T.);
#7029= IFCFACE((#7028));
#7031= IFCPOLYLOOP((#1432,#1476,#1486));
#7033= IFCFACEOUTERBOUND(#7031,.T.);
#7034= IFCFACE((#7033));
#7036= IFCPOLYLOOP((#1484,#1490,#226));
#7038= IFCFACEOUTERBOUND(#7036,.T.);
#7039= IFCFACE((#7038));
#7041= IFCPOLYLOOP((#1466,#1468,#1476));
#7043= IFCFACEOUTERBOUND(#7041,.T.);
#7044= IFCFACE((#7043));
#7046= IFCPOLYLOOP((#1466,#1432,#1430));
#7048= IFCFACEOUTERBOUND(#7046,.T.);
#7049= IFCFACE((#7048));
#7051= IFCPOLYLOOP((#1280,#1488,#1282));
#7053= IFCFACEOUTERBOUND(#7051,.T.);
#7054= IFCFACE((#7053));
#7056= IFCPOLYLOOP((#1432,#1486,#1434));
#7058= IFCFACEOUTERBOUND(#7056,.T.);
#7059= IFCFACE((#7058));
#7061= IFCPOLYLOOP((#1480,#1488,#1474));
#7063= IFCFACEOUTERBOUND(#7061,.T.);
#7064= IFCFACE((#7063));
#7066= IFCPOLYLOOP((#1476,#1468,#1470));
#7068= IFCFACEOUTERBOUND(#7066,.T.);
#7069= IFCFACE((#7068));
#7071= IFCPOLYLOOP((#1490,#1470,#1472));
#7073= IFCFACEOUTERBOUND(#7071,.T.);
#7074= IFCFACE((#7073));
#7076= IFCPOLYLOOP((#1484,#1476,#1490));
#7078= IFCFACEOUTERBOUND(#7076,.T.);
#7079= IFCFACE((#7078));
#7081= IFCPOLYLOOP((#1490,#228,#226));
#7083= IFCFACEOUTERBOUND(#7081,.T.);
#7084= IFCFACE((#7083));
#7086= IFCPOLYLOOP((#1490,#1472,#228));
#7088= IFCFACEOUTERBOUND(#7086,.T.);
#7089= IFCFACE((#7088));
#7091= IFCPOLYLOOP((#1486,#1478,#1434));
#7093= IFCFACEOUTERBOUND(#7091,.T.);
#7094= IFCFACE((#7093));
#7096= IFCPOLYLOOP((#1492,#1496,#224));
#7098= IFCFACEOUTERBOUND(#7096,.T.);
#7099= IFCFACE((#7098));
#7101= IFCPOLYLOOP((#1476,#1432,#1466));
#7103= IFCFACEOUTERBOUND(#7101,.T.);
#7104= IFCFACE((#7103));
#7106= IFCPOLYLOOP((#1482,#1438,#1436));
#7108= IFCFACEOUTERBOUND(#7106,.T.);
#7109= IFCFACE((#7108));
#7111= IFCPOLYLOOP((#1486,#1484,#1496));
#7113= IFCFACEOUTERBOUND(#7111,.T.);
#7114= IFCFACE((#7113));
#7116= IFCPOLYLOOP((#222,#1494,#1492));
#7118= IFCFACEOUTERBOUND(#7116,.T.);
#7119= IFCFACE((#7118));
#7121= IFCPOLYLOOP((#1470,#1490,#1476));
#7123= IFCFACEOUTERBOUND(#7121,.T.);
#7124= IFCFACE((#7123));
#7126= IFCPOLYLOOP((#1478,#1482,#1436));
#7128= IFCFACEOUTERBOUND(#7126,.T.);
#7129= IFCFACE((#7128));
#7131= IFCPOLYLOOP((#1494,#1478,#1496));
#7133= IFCFACEOUTERBOUND(#7131,.T.);
#7134= IFCFACE((#7133));
#7136= IFCPOLYLOOP((#1486,#1496,#1478));
#7138= IFCFACEOUTERBOUND(#7136,.T.);
#7139= IFCFACE((#7138));
#7141= IFCPOLYLOOP((#224,#1496,#1484));
#7143= IFCFACEOUTERBOUND(#7141,.T.);
#7144= IFCFACE((#7143));
#7146= IFCPOLYLOOP((#156,#1520,#1348));
#7148= IFCFACEOUTERBOUND(#7146,.T.);
#7149= IFCFACE((#7148));
#7151= IFCPOLYLOOP((#1500,#1522,#1498));
#7153= IFCFACEOUTERBOUND(#7151,.T.);
#7154= IFCFACE((#7153));
#7156= IFCPOLYLOOP((#1416,#1354,#1506));
#7158= IFCFACEOUTERBOUND(#7156,.T.);
#7159= IFCFACE((#7158));
#7161= IFCPOLYLOOP((#1512,#1520,#154));
#7163= IFCFACEOUTERBOUND(#7161,.T.);
#7164= IFCFACE((#7163));
#7166= IFCPOLYLOOP((#1510,#1518,#1420));
#7168= IFCFACEOUTERBOUND(#7166,.T.);
#7169= IFCFACE((#7168));
#7171= IFCPOLYLOOP((#1520,#156,#154));
#7173= IFCFACEOUTERBOUND(#7171,.T.);
#7174= IFCFACE((#7173));
#7176= IFCPOLYLOOP((#1350,#1520,#1506));
#7178= IFCFACEOUTERBOUND(#7176,.T.);
#7179= IFCFACE((#7178));
#7181= IFCPOLYLOOP((#1506,#1520,#1512));
#7183= IFCFACEOUTERBOUND(#7181,.T.);
#7184= IFCFACE((#7183));
#7186= IFCPOLYLOOP((#1246,#1354,#1416));
#7188= IFCFACEOUTERBOUND(#7186,.T.);
#7189= IFCFACE((#7188));
#7191= IFCPOLYLOOP((#150,#1516,#1526));
#7193= IFCFACEOUTERBOUND(#7191,.T.);
#7194= IFCFACE((#7193));
#7196= IFCPOLYLOOP((#1506,#1352,#1350));
#7198= IFCFACEOUTERBOUND(#7196,.T.);
#7199= IFCFACE((#7198));
#7201= IFCPOLYLOOP((#1514,#1416,#1506));
#7203= IFCFACEOUTERBOUND(#7201,.T.);
#7204= IFCFACE((#7203));
#7206= IFCPOLYLOOP((#1522,#148,#146));
#7208= IFCFACEOUTERBOUND(#7206,.T.);
#7209= IFCFACE((#7208));
#7211= IFCPOLYLOOP((#1506,#1354,#1352));
#7213= IFCFACEOUTERBOUND(#7211,.T.);
#7214= IFCFACE((#7213));
#7216= IFCPOLYLOOP((#1510,#1528,#1526));
#7218= IFCFACEOUTERBOUND(#7216,.T.);
#7219= IFCFACE((#7218));
#7221= IFCPOLYLOOP((#154,#152,#1512));
#7223= IFCFACEOUTERBOUND(#7221,.T.);
#7224= IFCFACE((#7223));
#7226= IFCPOLYLOOP((#1524,#150,#1526));
#7228= IFCFACEOUTERBOUND(#7226,.T.);
#7229= IFCFACE((#7228));
#7231= IFCPOLYLOOP((#1516,#1522,#1508));
#7233= IFCFACEOUTERBOUND(#7231,.T.);
#7234= IFCFACE((#7233));
#7236= IFCPOLYLOOP((#1522,#1516,#148));
#7238= IFCFACEOUTERBOUND(#7236,.T.);
#7239= IFCFACE((#7238));
#7241= IFCPOLYLOOP((#1524,#1526,#1528));
#7243= IFCFACEOUTERBOUND(#7241,.T.);
#7244= IFCFACE((#7243));
#7246= IFCPOLYLOOP((#1508,#1522,#1500));
#7248= IFCFACEOUTERBOUND(#7246,.T.);
#7249= IFCFACE((#7248));
#7251= IFCPOLYLOOP((#1416,#1514,#1418));
#7253= IFCFACEOUTERBOUND(#7251,.T.);
#7254= IFCFACE((#7253));
#7256= IFCPOLYLOOP((#1514,#1512,#1528));
#7258= IFCFACEOUTERBOUND(#7256,.T.);
#7259= IFCFACE((#7258));
#7261= IFCPOLYLOOP((#1522,#146,#1498));
#7263= IFCFACEOUTERBOUND(#7261,.T.);
#7264= IFCFACE((#7263));
#7266= IFCPOLYLOOP((#1518,#1516,#1508));
#7268= IFCFACEOUTERBOUND(#7266,.T.);
#7269= IFCFACE((#7268));
#7271= IFCPOLYLOOP((#1508,#1500,#1502));
#7273= IFCFACEOUTERBOUND(#7271,.T.);
#7274= IFCFACE((#7273));
#7276= IFCPOLYLOOP((#1518,#1422,#1420));
#7278= IFCFACEOUTERBOUND(#7276,.T.);
#7279= IFCFACE((#7278));
#7281= IFCPOLYLOOP((#1518,#1510,#1526));
#7283= IFCFACEOUTERBOUND(#7281,.T.);
#7284= IFCFACE((#7283));
#7286= IFCPOLYLOOP((#1504,#1424,#1422));
#7288= IFCFACEOUTERBOUND(#7286,.T.);
#7289= IFCFACE((#7288));
#7291= IFCPOLYLOOP((#1524,#1528,#152));
#7293= IFCFACEOUTERBOUND(#7291,.T.);
#7294= IFCFACE((#7293));
#7296= IFCPOLYLOOP((#1512,#1514,#1506));
#7298= IFCFACEOUTERBOUND(#7296,.T.);
#7299= IFCFACE((#7298));
#7301= IFCPOLYLOOP((#1422,#1508,#1504));
#7303= IFCFACEOUTERBOUND(#7301,.T.);
#7304= IFCFACE((#7303));
#7306= IFCPOLYLOOP((#1504,#1508,#1502));
#7308= IFCFACEOUTERBOUND(#7306,.T.);
#7309= IFCFACE((#7308));
#7311= IFCPOLYLOOP((#1520,#1350,#1348));
#7313= IFCFACEOUTERBOUND(#7311,.T.);
#7314= IFCFACE((#7313));
#7316= IFCPOLYLOOP((#1514,#1510,#1418));
#7318= IFCFACEOUTERBOUND(#7316,.T.);
#7319= IFCFACE((#7318));
#7321= IFCPOLYLOOP((#150,#148,#1516));
#7323= IFCFACEOUTERBOUND(#7321,.T.);
#7324= IFCFACE((#7323));
#7326= IFCPOLYLOOP((#1422,#1518,#1508));
#7328= IFCFACEOUTERBOUND(#7326,.T.);
#7329= IFCFACE((#7328));
#7331= IFCPOLYLOOP((#1420,#1418,#1510));
#7333= IFCFACEOUTERBOUND(#7331,.T.);
#7334= IFCFACE((#7333));
#7336= IFCPOLYLOOP((#1518,#1526,#1516));
#7338= IFCFACEOUTERBOUND(#7336,.T.);
#7339= IFCFACE((#7338));
#7341= IFCPOLYLOOP((#1514,#1528,#1510));
#7343= IFCFACEOUTERBOUND(#7341,.T.);
#7344= IFCFACE((#7343));
#7346= IFCPOLYLOOP((#152,#1528,#1512));
#7348= IFCFACEOUTERBOUND(#7346,.T.);
#7349= IFCFACE((#7348));
#7351= IFCPOLYLOOP((#1584,#1552,#1576));
#7353= IFCFACEOUTERBOUND(#7351,.T.);
#7354= IFCFACE((#7353));
#7356= IFCPOLYLOOP((#1560,#1562,#1574));
#7358= IFCFACEOUTERBOUND(#7356,.T.);
#7359= IFCFACE((#7358));
#7361= IFCPOLYLOOP((#1598,#1530,#1562));
#7363= IFCFACEOUTERBOUND(#7361,.T.);
#7364= IFCFACE((#7363));
#7366= IFCPOLYLOOP((#1552,#1578,#244));
#7368= IFCFACEOUTERBOUND(#7366,.T.);
#7369= IFCFACE((#7368));
#7371= IFCPOLYLOOP((#1568,#1598,#1600));
#7373= IFCFACEOUTERBOUND(#7371,.T.);
#7374= IFCFACE((#7373));
#7376= IFCPOLYLOOP((#242,#1576,#1552));
#7378= IFCFACEOUTERBOUND(#7376,.T.);
#7379= IFCFACE((#7378));
#7381= IFCPOLYLOOP((#1560,#1574,#1782,#1638,#1790,#1538));
#7383= IFCFACEOUTERBOUND(#7381,.T.);
#7384= IFCFACE((#7383));
#7386= IFCPOLYLOOP((#1582,#1428,#1554));
#7388= IFCFACEOUTERBOUND(#7386,.T.);
#7389= IFCFACE((#7388));
#7391= IFCPOLYLOOP((#1552,#1584,#1586));
#7393= IFCFACEOUTERBOUND(#7391,.T.);
#7394= IFCFACE((#7393));
#7396= IFCPOLYLOOP((#1554,#1428,#1426));
#7398= IFCFACEOUTERBOUND(#7396,.T.);
#7399= IFCFACE((#7398));
#7401= IFCPOLYLOOP((#1552,#1546,#1830,#1888,#1578));
#7403= IFCFACEOUTERBOUND(#7401,.T.);
#7404= IFCFACE((#7403));
#7406= IFCPOLYLOOP((#1554,#1580,#1878,#1824,#1550));
#7408= IFCFACEOUTERBOUND(#7406,.T.);
#7409= IFCFACE((#7408));
#7411= IFCPOLYLOOP((#1558,#1554,#1550));
#7413= IFCFACEOUTERBOUND(#7411,.T.);
#7414= IFCFACE((#7413));
#7416= IFCPOLYLOOP((#1560,#1558,#1540));
#7418= IFCFACEOUTERBOUND(#7416,.T.);
#7419= IFCFACE((#7418));
#7421= IFCPOLYLOOP((#1554,#1548,#1628,#1652,#1582));
#7423= IFCFACEOUTERBOUND(#7421,.T.);
#7424= IFCFACE((#7423));
#7426= IFCPOLYLOOP((#1552,#244,#242));
#7428= IFCFACEOUTERBOUND(#7426,.T.);
#7429= IFCFACE((#7428));
#7431= IFCPOLYLOOP((#1584,#1576,#1704,#1640,#1544,#1714,#1646,#1724,#1590));
#7433= IFCFACEOUTERBOUND(#7431,.T.);
#7434= IFCFACE((#7433));
#7436= IFCPOLYLOOP((#1548,#1554,#1558));
#7438= IFCFACEOUTERBOUND(#7436,.T.);
#7439= IFCFACE((#7438));
#7441= IFCPOLYLOOP((#1426,#1580,#1554));
#7443= IFCFACEOUTERBOUND(#7441,.T.);
#7444= IFCFACE((#7443));
#7446= IFCPOLYLOOP((#244,#1578,#1842,#1850,#246));
#7448= IFCFACEOUTERBOUND(#7446,.T.);
#7449= IFCFACE((#7448));
#7451= IFCPOLYLOOP((#1426,#1424,#1848,#1836,#1580));
#7453= IFCFACEOUTERBOUND(#7451,.T.);
#7454= IFCFACE((#7453));
#7456= IFCPOLYLOOP((#1558,#1550,#1944,#1854,#1874,#1800,#1540));
#7458= IFCFACEOUTERBOUND(#7456,.T.);
#7459= IFCFACE((#7458));
#7461= IFCPOLYLOOP((#1428,#1582,#1650,#1664,#1430));
#7463= IFCFACEOUTERBOUND(#7461,.T.);
#7464= IFCFACE((#7463));
#7466= IFCPOLYLOOP((#242,#240,#1658,#1656,#1576));
#7468= IFCFACEOUTERBOUND(#7466,.T.);
#7469= IFCFACE((#7468));
#7471= IFCPOLYLOOP((#1606,#1572,#1604));
#7473= IFCFACEOUTERBOUND(#7471,.T.);
#7474= IFCFACE((#7473));
#7476= IFCPOLYLOOP((#1556,#1588,#1586));
#7478= IFCFACEOUTERBOUND(#7476,.T.);
#7479= IFCFACE((#7478));
#7481= IFCPOLYLOOP((#1560,#1540,#1980,#1818,#1594,#1972,#1814,#1542));
#7483= IFCFACEOUTERBOUND(#7481,.T.);
#7484= IFCFACE((#7483));
#7486= IFCPOLYLOOP((#1558,#1538,#1618,#1670,#1592,#1668,#1752,#1548));
#7488= IFCFACEOUTERBOUND(#7486,.T.);
#7489= IFCFACE((#7488));
#7491= IFCPOLYLOOP((#1560,#1542,#1562));
#7493= IFCFACEOUTERBOUND(#7491,.T.);
#7494= IFCFACE((#7493));
#7496= IFCPOLYLOOP((#1538,#1558,#1560));
#7498= IFCFACEOUTERBOUND(#7496,.T.);
#7499= IFCFACE((#7498));
#7501= IFCPOLYLOOP((#1600,#1596,#1954,#1532));
#7503= IFCFACEOUTERBOUND(#7501,.T.);
#7504= IFCFACE((#7503));
#7506= IFCPOLYLOOP((#1568,#1570,#1572));
#7508= IFCFACEOUTERBOUND(#7506,.T.);
#7509= IFCFACE((#7508));
#7511= IFCPOLYLOOP((#1564,#1568,#1572));
#7513= IFCFACEOUTERBOUND(#7511,.T.);
#7514= IFCFACE((#7513));
#7516= IFCPOLYLOOP((#1568,#1564,#1684,#1608,#1566));
#7518= IFCFACEOUTERBOUND(#7516,.T.);
#7519= IFCFACE((#7518));
#7521= IFCPOLYLOOP((#1598,#1568,#1566));
#7523= IFCFACEOUTERBOUND(#7521,.T.);
#7524= IFCFACE((#7523));
#7526= IFCPOLYLOOP((#1604,#1570,#1804,#1864,#1862,#1534,#1918,#1802,#1910,#1588));
#7528= IFCFACEOUTERBOUND(#7526,.T.);
#7529= IFCFACE((#7528));
#7531= IFCPOLYLOOP((#1572,#1536,#1672,#1688,#1602,#1632,#1744,#1678,#1564));
#7533= IFCFACEOUTERBOUND(#7531,.T.);
#7534= IFCFACE((#7533));
#7536= IFCPOLYLOOP((#1568,#1532,#1870,#1868,#1930,#1570));
#7538= IFCFACEOUTERBOUND(#7536,.T.);
#7539= IFCFACE((#7538));
#7541= IFCPOLYLOOP((#1562,#1530,#1772,#1620,#1574));
#7543= IFCFACEOUTERBOUND(#7541,.T.);
#7544= IFCFACE((#7543));
#7546= IFCPOLYLOOP((#1584,#1590,#1556));
#7548= IFCFACEOUTERBOUND(#7546,.T.);
#7549= IFCFACE((#7548));
#7551= IFCPOLYLOOP((#1586,#1584,#1556));
#7553= IFCFACEOUTERBOUND(#7551,.T.);
#7554= IFCFACE((#7553));
#7556= IFCPOLYLOOP((#1562,#1542,#1962,#1822,#1596));
#7558= IFCFACEOUTERBOUND(#7556,.T.);
#7559= IFCFACE((#7558));
#7561= IFCPOLYLOOP((#1552,#1586,#1546));
#7563= IFCFACEOUTERBOUND(#7561,.T.);
#7564= IFCFACE((#7563));
#7566= IFCPOLYLOOP((#1556,#1604,#1588));
#7568= IFCFACEOUTERBOUND(#7566,.T.);
#7569= IFCFACE((#7568));
#7571= IFCPOLYLOOP((#1586,#1588,#1832,#1900,#1546));
#7573= IFCFACEOUTERBOUND(#7571,.T.);
#7574= IFCFACE((#7573));
#7576= IFCPOLYLOOP((#1606,#1590,#1622,#1732,#1536));
#7578= IFCFACEOUTERBOUND(#7576,.T.);
#7579= IFCFACE((#7578));
#7581= IFCPOLYLOOP((#1598,#1566,#1768,#1624,#1530));
#7583= IFCFACEOUTERBOUND(#7581,.T.);
#7584= IFCFACE((#7583));
#7586= IFCPOLYLOOP((#1600,#1598,#1562));
#7588= IFCFACEOUTERBOUND(#7586,.T.);
#7589= IFCFACE((#7588));
#7591= IFCPOLYLOOP((#1596,#1600,#1562));
#7593= IFCFACEOUTERBOUND(#7591,.T.);
#7594= IFCFACE((#7593));
#7596= IFCPOLYLOOP((#1568,#1600,#1532));
#7598= IFCFACEOUTERBOUND(#7596,.T.);
#7599= IFCFACE((#7598));
#7601= IFCPOLYLOOP((#1606,#1604,#1556));
#7603= IFCFACEOUTERBOUND(#7601,.T.);
#7604= IFCFACE((#7603));
#7606= IFCPOLYLOOP((#1570,#1604,#1572));
#7608= IFCFACEOUTERBOUND(#7606,.T.);
#7609= IFCFACE((#7608));
#7611= IFCPOLYLOOP((#1590,#1606,#1556));
#7613= IFCFACEOUTERBOUND(#7611,.T.);
#7614= IFCFACE((#7613));
#7616= IFCPOLYLOOP((#1572,#1606,#1536));
#7618= IFCFACEOUTERBOUND(#7616,.T.);
#7619= IFCFACE((#7618));
#7621= IFCPOLYLOOP((#1748,#1764,#1608));
#7623= IFCFACEOUTERBOUND(#7621,.T.);
#7624= IFCFACE((#7623));
#7626= IFCPOLYLOOP((#298,#1694,#300));
#7628= IFCFACEOUTERBOUND(#7626,.T.);
#7629= IFCFACE((#7628));
#7631= IFCPOLYLOOP((#1694,#1662,#1692));
#7633= IFCFACEOUTERBOUND(#7631,.T.);
#7634= IFCFACE((#7633));
#7636= IFCPOLYLOOP((#1692,#1662,#1654,#1700,#1702));
#7638= IFCFACEOUTERBOUND(#7636,.T.);
#7639= IFCFACE((#7638));
#7641= IFCPOLYLOOP((#296,#182,#1662));
#7643= IFCFACEOUTERBOUND(#7641,.T.);
#7644= IFCFACE((#7643));
#7646= IFCPOLYLOOP((#1660,#228,#1472));
#7648= IFCFACEOUTERBOUND(#7646,.T.);
#7649= IFCFACE((#7648));
#7651= IFCPOLYLOOP((#1786,#1780,#1626));
#7653= IFCFACEOUTERBOUND(#7651,.T.);
#7654= IFCFACE((#7653));
#7656= IFCPOLYLOOP((#1466,#1430,#1664));
#7658= IFCFACEOUTERBOUND(#7656,.T.);
#7659= IFCFACE((#7658));
#7661= IFCPOLYLOOP((#240,#302,#1658));
#7663= IFCFACEOUTERBOUND(#7661,.T.);
#7664= IFCFACE((#7663));
#7666= IFCPOLYLOOP((#1720,#1726,#1724));
#7668= IFCFACEOUTERBOUND(#7666,.T.);
#7669= IFCFACE((#7668));
#7671= IFCPOLYLOOP((#1626,#1784,#1786));
#7673= IFCFACEOUTERBOUND(#7671,.T.);
#7674= IFCFACE((#7673));
#7676= IFCPOLYLOOP((#1634,#1774,#1776));
#7678= IFCFACEOUTERBOUND(#7676,.T.);
#7679= IFCFACE((#7678));
#7681= IFCPOLYLOOP((#1794,#1796,#1790));
#7683= IFCFACEOUTERBOUND(#7681,.T.);
#7684= IFCFACE((#7683));
#7686= IFCPOLYLOOP((#1734,#1672,#1736));
#7688= IFCFACEOUTERBOUND(#7686,.T.);
#7689= IFCFACE((#7688));
#7691= IFCPOLYLOOP((#1658,#1694,#1692,#1702,#1704,#1576,#1656));
#7693= IFCFACEOUTERBOUND(#7691,.T.);
#7694= IFCFACE((#7693));
#7696= IFCPOLYLOOP((#1716,#1690,#1708));
#7698= IFCFACEOUTERBOUND(#7696,.T.);
#7699= IFCFACE((#7698));
#7701= IFCPOLYLOOP((#1628,#1760,#1716));
#7703= IFCFACEOUTERBOUND(#7701,.T.);
#7704= IFCFACE((#7703));
#7706= IFCPOLYLOOP((#1794,#1788,#1630));
#7708= IFCFACEOUTERBOUND(#7706,.T.);
#7709= IFCFACE((#7708));
#7711= IFCPOLYLOOP((#1746,#1762,#1742));
#7713= IFCFACEOUTERBOUND(#7711,.T.);
#7714= IFCFACE((#7713));
#7716= IFCPOLYLOOP((#1764,#1748,#1682));
#7718= IFCFACEOUTERBOUND(#7716,.T.);
#7719= IFCFACE((#7718));
#7721= IFCPOLYLOOP((#1698,#1472,#1470));
#7723= IFCFACEOUTERBOUND(#7721,.T.);
#7724= IFCFACE((#7723));
#7726= IFCPOLYLOOP((#1776,#1770,#1634));
#7728= IFCFACEOUTERBOUND(#7726,.T.);
#7729= IFCFACE((#7728));
#7731= IFCPOLYLOOP((#1678,#1744,#1746));
#7733= IFCFACEOUTERBOUND(#7731,.T.);
#7734= IFCFACE((#7733));
#7736= IFCPOLYLOOP((#1770,#1778,#1766));
#7738= IFCFACEOUTERBOUND(#7736,.T.);
#7739= IFCFACE((#7738));
#7741= IFCPOLYLOOP((#1666,#1754,#1750));
#7743= IFCFACEOUTERBOUND(#7741,.T.);
#7744= IFCFACE((#7743));
#7746= IFCPOLYLOOP((#1630,#1792,#1794));
#7748= IFCFACEOUTERBOUND(#7746,.T.);
#7749= IFCFACE((#7748));
#7751= IFCPOLYLOOP((#1628,#1716,#1652));
#7753= IFCFACEOUTERBOUND(#7751,.T.);
#7754= IFCFACE((#7753));
#7756= IFCPOLYLOOP((#1662,#1694,#296));
#7758= IFCFACEOUTERBOUND(#7756,.T.);
#7759= IFCFACE((#7758));
#7761= IFCPOLYLOOP((#1710,#1640,#1706));
#7763= IFCFACEOUTERBOUND(#7761,.T.);
#7764= IFCFACE((#7763));
#7766= IFCPOLYLOOP((#1720,#1646,#1718));
#7768= IFCFACEOUTERBOUND(#7766,.T.);
#7769= IFCFACE((#7768));
#7771= IFCPOLYLOOP((#1698,#1470,#1468));
#7773= IFCFACEOUTERBOUND(#7771,.T.);
#7774= IFCFACE((#7773));
#7776= IFCPOLYLOOP((#1760,#1756,#1636));
#7778= IFCFACEOUTERBOUND(#7776,.T.);
#7779= IFCFACE((#7778));
#7781= IFCPOLYLOOP((#1652,#1716,#1708));
#7783= IFCFACEOUTERBOUND(#7781,.T.);
#7784= IFCFACE((#7783));
#7786= IFCPOLYLOOP((#1694,#302,#300));
#7788= IFCFACEOUTERBOUND(#7786,.T.);
#7789= IFCFACE((#7788));
#7791= IFCPOLYLOOP((#1650,#1708,#1696));
#7793= IFCFACEOUTERBOUND(#7791,.T.);
#7794= IFCFACE((#7793));
#7796= IFCPOLYLOOP((#1664,#1696,#1698));
#7798= IFCFACEOUTERBOUND(#7796,.T.);
#7799= IFCFACE((#7798));
#7801= IFCPOLYLOOP((#1648,#1660,#1696));
#7803= IFCFACEOUTERBOUND(#7801,.T.);
#7804= IFCFACE((#7803));
#7806= IFCPOLYLOOP((#1664,#1698,#1466));
#7808= IFCFACEOUTERBOUND(#7806,.T.);
#7809= IFCFACE((#7808));
#7811= IFCPOLYLOOP((#1758,#1686,#1750));
#7813= IFCFACEOUTERBOUND(#7811,.T.);
#7814= IFCFACE((#7813));
#7816= IFCPOLYLOOP((#1670,#1758,#1750));
#7818= IFCFACEOUTERBOUND(#7816,.T.);
#7819= IFCFACE((#7818));
#7821= IFCPOLYLOOP((#1738,#1688,#1734));
#7823= IFCFACEOUTERBOUND(#7821,.T.);
#7824= IFCFACE((#7823));
#7826= IFCPOLYLOOP((#1622,#1726,#1728));
#7828= IFCFACEOUTERBOUND(#7826,.T.);
#7829= IFCFACE((#7828));
#7831= IFCPOLYLOOP((#1676,#1738,#1734));
#7833= IFCFACEOUTERBOUND(#7831,.T.);
#7834= IFCFACE((#7833));
#7836= IFCPOLYLOOP((#1746,#1740,#1678));
#7838= IFCFACEOUTERBOUND(#7836,.T.);
#7839= IFCFACE((#7838));
#7841= IFCPOLYLOOP((#1748,#1684,#1740));
#7843= IFCFACEOUTERBOUND(#7841,.T.);
#7844= IFCFACE((#7843));
#7846= IFCPOLYLOOP((#1682,#1748,#1740));
#7848= IFCFACEOUTERBOUND(#7846,.T.);
#7849= IFCFACE((#7848));
#7851= IFCPOLYLOOP((#302,#1694,#1658));
#7853= IFCFACEOUTERBOUND(#7851,.T.);
#7854= IFCFACE((#7853));
#7856= IFCPOLYLOOP((#1740,#1684,#1564,#1678));
#7858= IFCFACEOUTERBOUND(#7856,.T.);
#7859= IFCFACE((#7858));
#7861= IFCPOLYLOOP((#1666,#1750,#1686));
#7863= IFCFACEOUTERBOUND(#7861,.T.);
#7864= IFCFACE((#7863));
#7866= IFCPOLYLOOP((#1672,#1734,#1688));
#7868= IFCFACEOUTERBOUND(#7866,.T.);
#7869= IFCFACE((#7868));
#7871= IFCPOLYLOOP((#1648,#1708,#1690));
#7873= IFCFACEOUTERBOUND(#7871,.T.);
#7874= IFCFACE((#7873));
#7876= IFCPOLYLOOP((#1706,#1702,#1700));
#7878= IFCFACEOUTERBOUND(#7876,.T.);
#7879= IFCFACE((#7878));
#7881= IFCPOLYLOOP((#1694,#298,#296));
#7883= IFCFACEOUTERBOUND(#7881,.T.);
#7884= IFCFACE((#7883));
#7886= IFCPOLYLOOP((#1472,#1698,#1660));
#7888= IFCFACEOUTERBOUND(#7886,.T.);
#7889= IFCFACE((#7888));
#7891= IFCPOLYLOOP((#1650,#1696,#1664));
#7893= IFCFACEOUTERBOUND(#7891,.T.);
#7894= IFCFACE((#7893));
#7896= IFCPOLYLOOP((#1698,#1468,#1466));
#7898= IFCFACEOUTERBOUND(#7896,.T.);
#7899= IFCFACE((#7898));
#7901= IFCPOLYLOOP((#1660,#1698,#1696));
#7903= IFCFACEOUTERBOUND(#7901,.T.);
#7904= IFCFACE((#7903));
#7906= IFCPOLYLOOP((#1642,#1710,#1706));
#7908= IFCFACEOUTERBOUND(#7906,.T.);
#7909= IFCFACE((#7908));
#7911= IFCPOLYLOOP((#1702,#1706,#1704));
#7913= IFCFACEOUTERBOUND(#7911,.T.);
#7914= IFCFACE((#7913));
#7916= IFCPOLYLOOP((#1704,#1706,#1640));
#7918= IFCFACEOUTERBOUND(#7916,.T.);
#7919= IFCFACE((#7918));
#7921= IFCPOLYLOOP((#1642,#1706,#1700));
#7923= IFCFACEOUTERBOUND(#7921,.T.);
#7924= IFCFACE((#7923));
#7926= IFCPOLYLOOP((#1696,#1708,#1648));
#7928= IFCFACEOUTERBOUND(#7926,.T.);
#7929= IFCFACE((#7928));
#7931= IFCPOLYLOOP((#1708,#1650,#1582,#1652));
#7933= IFCFACEOUTERBOUND(#7931,.T.);
#7934= IFCFACE((#7933));
#7936= IFCPOLYLOOP((#1720,#1718,#1644));
#7938= IFCFACEOUTERBOUND(#7936,.T.);
#7939= IFCFACE((#7938));
#7941= IFCPOLYLOOP((#1718,#1710,#1712));
#7943= IFCFACEOUTERBOUND(#7941,.T.);
#7944= IFCFACE((#7943));
#7946= IFCPOLYLOOP((#1710,#1642,#1712));
#7948= IFCFACEOUTERBOUND(#7946,.T.);
#7949= IFCFACE((#7948));
#7951= IFCPOLYLOOP((#1714,#1718,#1646));
#7953= IFCFACEOUTERBOUND(#7951,.T.);
#7954= IFCFACE((#7953));
#7956= IFCPOLYLOOP((#1710,#1714,#1544,#1640));
#7958= IFCFACEOUTERBOUND(#7956,.T.);
#7959= IFCFACE((#7958));
#7961= IFCPOLYLOOP((#1636,#1690,#1716));
#7963= IFCFACEOUTERBOUND(#7961,.T.);
#7964= IFCFACE((#7963));
#7966= IFCPOLYLOOP((#1710,#1718,#1714));
#7968= IFCFACEOUTERBOUND(#7966,.T.);
#7969= IFCFACE((#7968));
#7971= IFCPOLYLOOP((#1644,#1718,#1712));
#7973= IFCFACEOUTERBOUND(#7971,.T.);
#7974= IFCFACE((#7973));
#7976= IFCPOLYLOOP((#1728,#1726,#1614));
#7978= IFCFACEOUTERBOUND(#7976,.T.);
#7979= IFCFACE((#7978));
#7981= IFCPOLYLOOP((#1726,#1720,#1722));
#7983= IFCFACEOUTERBOUND(#7981,.T.);
#7984= IFCFACE((#7983));
#7986= IFCPOLYLOOP((#1720,#1644,#1722));
#7988= IFCFACEOUTERBOUND(#7986,.T.);
#7989= IFCFACE((#7988));
#7991= IFCPOLYLOOP((#1726,#1622,#1590,#1724));
#7993= IFCFACEOUTERBOUND(#7991,.T.);
#7994= IFCFACE((#7993));
#7996= IFCPOLYLOOP((#1724,#1646,#1720));
#7998= IFCFACEOUTERBOUND(#7996,.T.);
#7999= IFCFACE((#7998));
#8001= IFCPOLYLOOP((#1614,#1726,#1722));
#8003= IFCFACEOUTERBOUND(#8001,.T.);
#8004= IFCFACE((#8003));
#8006= IFCPOLYLOOP((#1734,#1736,#1674));
#8008= IFCFACEOUTERBOUND(#8006,.T.);
#8009= IFCFACE((#8008));
#8011= IFCPOLYLOOP((#1736,#1728,#1730));
#8013= IFCFACEOUTERBOUND(#8011,.T.);
#8014= IFCFACE((#8013));
#8016= IFCPOLYLOOP((#1728,#1614,#1730));
#8018= IFCFACEOUTERBOUND(#8016,.T.);
#8019= IFCFACE((#8018));
#8021= IFCPOLYLOOP((#1674,#1736,#1730));
#8023= IFCFACEOUTERBOUND(#8021,.T.);
#8024= IFCFACE((#8023));
#8026= IFCPOLYLOOP((#1732,#1622,#1728));
#8028= IFCFACEOUTERBOUND(#8026,.T.);
#8029= IFCFACE((#8028));
#8031= IFCPOLYLOOP((#1676,#1734,#1674));
#8033= IFCFACEOUTERBOUND(#8031,.T.);
#8034= IFCFACE((#8033));
#8036= IFCPOLYLOOP((#1736,#1672,#1536,#1732));
#8038= IFCFACEOUTERBOUND(#8036,.T.);
#8039= IFCFACE((#8038));
#8041= IFCPOLYLOOP((#1728,#1736,#1732));
#8043= IFCFACEOUTERBOUND(#8041,.T.);
#8044= IFCFACE((#8043));
#8046= IFCPOLYLOOP((#1616,#1738,#1676));
#8048= IFCFACEOUTERBOUND(#8046,.T.);
#8049= IFCFACE((#8048));
#8051= IFCPOLYLOOP((#1738,#1632,#1602,#1688));
#8053= IFCFACEOUTERBOUND(#8051,.T.);
#8054= IFCFACE((#8053));
#8056= IFCPOLYLOOP((#1738,#1616,#1762));
#8058= IFCFACEOUTERBOUND(#8056,.T.);
#8059= IFCFACE((#8058));
#8061= IFCPOLYLOOP((#1682,#1740,#1680));
#8063= IFCFACEOUTERBOUND(#8061,.T.);
#8064= IFCFACE((#8063));
#8066= IFCPOLYLOOP((#1746,#1742,#1680));
#8068= IFCFACEOUTERBOUND(#8066,.T.);
#8069= IFCFACE((#8068));
#8071= IFCPOLYLOOP((#1740,#1746,#1680));
#8073= IFCFACEOUTERBOUND(#8071,.T.);
#8074= IFCFACE((#8073));
#8076= IFCPOLYLOOP((#1632,#1762,#1744));
#8078= IFCFACEOUTERBOUND(#8076,.T.);
#8079= IFCFACE((#8078));
#8081= IFCPOLYLOOP((#1746,#1744,#1762));
#8083= IFCFACEOUTERBOUND(#8081,.T.);
#8084= IFCFACE((#8083));
#8086= IFCPOLYLOOP((#1764,#1682,#1610));
#8088= IFCFACEOUTERBOUND(#8086,.T.);
#8089= IFCFACE((#8088));
#8091= IFCPOLYLOOP((#1608,#1684,#1748));
#8093= IFCFACEOUTERBOUND(#8091,.T.);
#8094= IFCFACE((#8093));
#8096= IFCPOLYLOOP((#1668,#1754,#1752));
#8098= IFCFACEOUTERBOUND(#8096,.T.);
#8099= IFCFACE((#8098));
#8101= IFCPOLYLOOP((#1750,#1668,#1592,#1670));
#8103= IFCFACEOUTERBOUND(#8101,.T.);
#8104= IFCFACE((#8103));
#8106= IFCPOLYLOOP((#1760,#1752,#1754));
#8108= IFCFACEOUTERBOUND(#8106,.T.);
#8109= IFCFACE((#8108));
#8111= IFCPOLYLOOP((#1750,#1754,#1668));
#8113= IFCFACEOUTERBOUND(#8111,.T.);
#8114= IFCFACE((#8113));
#8116= IFCPOLYLOOP((#1760,#1754,#1756));
#8118= IFCFACEOUTERBOUND(#8116,.T.);
#8119= IFCFACE((#8118));
#8121= IFCPOLYLOOP((#1754,#1666,#1756));
#8123= IFCFACEOUTERBOUND(#8121,.T.);
#8124= IFCFACE((#8123));
#8126= IFCPOLYLOOP((#1618,#1758,#1670));
#8128= IFCFACEOUTERBOUND(#8126,.T.);
#8129= IFCFACE((#8128));
#8131= IFCPOLYLOOP((#1612,#1686,#1758));
#8133= IFCFACEOUTERBOUND(#8131,.T.);
#8134= IFCFACE((#8133));
#8136= IFCPOLYLOOP((#1716,#1760,#1636));
#8138= IFCFACEOUTERBOUND(#8136,.T.);
#8139= IFCFACE((#8138));
#8141= IFCPOLYLOOP((#1760,#1628,#1548,#1752));
#8143= IFCFACEOUTERBOUND(#8141,.T.);
#8144= IFCFACE((#8143));
#8146= IFCPOLYLOOP((#1738,#1762,#1632));
#8148= IFCFACEOUTERBOUND(#8146,.T.);
#8149= IFCFACE((#8148));
#8151= IFCPOLYLOOP((#1762,#1616,#1742));
#8153= IFCFACEOUTERBOUND(#8151,.T.);
#8154= IFCFACE((#8153));
#8156= IFCPOLYLOOP((#1772,#1776,#1780));
#8158= IFCFACEOUTERBOUND(#8156,.T.);
#8159= IFCFACE((#8158));
#8161= IFCPOLYLOOP((#1778,#1610,#1766));
#8163= IFCFACEOUTERBOUND(#8161,.T.);
#8164= IFCFACE((#8163));
#8166= IFCPOLYLOOP((#1770,#1768,#1778));
#8168= IFCFACEOUTERBOUND(#8166,.T.);
#8169= IFCFACE((#8168));
#8171= IFCPOLYLOOP((#1634,#1770,#1766));
#8173= IFCFACEOUTERBOUND(#8171,.T.);
#8174= IFCFACE((#8173));
#8176= IFCPOLYLOOP((#1626,#1780,#1774));
#8178= IFCFACEOUTERBOUND(#8176,.T.);
#8179= IFCFACE((#8178));
#8181= IFCPOLYLOOP((#1764,#1768,#1566,#1608));
#8183= IFCFACEOUTERBOUND(#8181,.T.);
#8184= IFCFACE((#8183));
#8186= IFCPOLYLOOP((#1768,#1770,#1624));
#8188= IFCFACEOUTERBOUND(#8186,.T.);
#8189= IFCFACE((#8188));
#8191= IFCPOLYLOOP((#1780,#1620,#1772));
#8193= IFCFACEOUTERBOUND(#8191,.T.);
#8194= IFCFACE((#8193));
#8196= IFCPOLYLOOP((#1776,#1772,#1530,#1624));
#8198= IFCFACEOUTERBOUND(#8196,.T.);
#8199= IFCFACE((#8198));
#8201= IFCPOLYLOOP((#1786,#1782,#1574));
#8203= IFCFACEOUTERBOUND(#8201,.T.);
#8204= IFCFACE((#8203));
#8206= IFCPOLYLOOP((#1770,#1776,#1624));
#8208= IFCFACEOUTERBOUND(#8206,.T.);
#8209= IFCFACE((#8208));
#8211= IFCPOLYLOOP((#1776,#1774,#1780));
#8213= IFCFACEOUTERBOUND(#8211,.T.);
#8214= IFCFACE((#8213));
#8216= IFCPOLYLOOP((#1768,#1764,#1778));
#8218= IFCFACEOUTERBOUND(#8216,.T.);
#8219= IFCFACE((#8218));
#8221= IFCPOLYLOOP((#1610,#1778,#1764));
#8223= IFCFACEOUTERBOUND(#8221,.T.);
#8224= IFCFACE((#8223));
#8226= IFCPOLYLOOP((#1782,#1786,#1788));
#8228= IFCFACEOUTERBOUND(#8226,.T.);
#8229= IFCFACE((#8228));
#8231= IFCPOLYLOOP((#1780,#1786,#1620));
#8233= IFCFACEOUTERBOUND(#8231,.T.);
#8234= IFCFACE((#8233));
#8236= IFCPOLYLOOP((#1630,#1788,#1784));
#8238= IFCFACEOUTERBOUND(#8236,.T.);
#8239= IFCFACE((#8238));
#8241= IFCPOLYLOOP((#1786,#1784,#1788));
#8243= IFCFACEOUTERBOUND(#8241,.T.);
#8244= IFCFACE((#8243));
#8246= IFCPOLYLOOP((#1758,#1618,#1796));
#8248= IFCFACEOUTERBOUND(#8246,.T.);
#8249= IFCFACE((#8248));
#8251= IFCPOLYLOOP((#1788,#1638,#1782));
#8253= IFCFACEOUTERBOUND(#8251,.T.);
#8254= IFCFACE((#8253));
#8256= IFCPOLYLOOP((#1794,#1790,#1638));
#8258= IFCFACEOUTERBOUND(#8256,.T.);
#8259= IFCFACE((#8258));
#8261= IFCPOLYLOOP((#1786,#1574,#1620));
#8263= IFCFACEOUTERBOUND(#8261,.T.);
#8264= IFCFACE((#8263));
#8266= IFCPOLYLOOP((#1788,#1794,#1638));
#8268= IFCFACEOUTERBOUND(#8266,.T.);
#8269= IFCFACE((#8268));
#8271= IFCPOLYLOOP((#1612,#1796,#1792));
#8273= IFCFACEOUTERBOUND(#8271,.T.);
#8274= IFCFACE((#8273));
#8276= IFCPOLYLOOP((#1794,#1792,#1796));
#8278= IFCFACEOUTERBOUND(#8276,.T.);
#8279= IFCFACE((#8278));
#8281= IFCPOLYLOOP((#1758,#1796,#1612));
#8283= IFCFACEOUTERBOUND(#8281,.T.);
#8284= IFCFACE((#8283));
#8286= IFCPOLYLOOP((#1796,#1618,#1538,#1790));
#8288= IFCFACEOUTERBOUND(#8286,.T.);
#8289= IFCFACE((#8288));
#8291= IFCPOLYLOOP((#1936,#1952,#1798));
#8293= IFCFACEOUTERBOUND(#8291,.T.);
#8294= IFCFACE((#8293));
#8296= IFCPOLYLOOP((#330,#1882,#332));
#8298= IFCFACEOUTERBOUND(#8296,.T.);
#8299= IFCFACE((#8298));
#8301= IFCPOLYLOOP((#1882,#1850,#1842,#1578,#1888,#1890,#1880));
#8303= IFCFACEOUTERBOUND(#8301,.T.);
#8304= IFCFACE((#8303));
#8306= IFCPOLYLOOP((#328,#246,#1850));
#8308= IFCFACEOUTERBOUND(#8306,.T.);
#8309= IFCFACE((#8308));
#8311= IFCPOLYLOOP((#1848,#1424,#1504));
#8313= IFCFACEOUTERBOUND(#8311,.T.);
#8314= IFCFACE((#8313));
#8316= IFCPOLYLOOP((#1974,#1968,#1814));
#8318= IFCFACEOUTERBOUND(#8316,.T.);
#8319= IFCFACE((#8318));
#8321= IFCPOLYLOOP((#1498,#146,#1852));
#8323= IFCFACEOUTERBOUND(#8321,.T.);
#8324= IFCFACE((#8323));
#8326= IFCPOLYLOOP((#1908,#1914,#1912));
#8328= IFCFACEOUTERBOUND(#8326,.T.);
#8329= IFCFACE((#8328));
#8331= IFCPOLYLOOP((#1814,#1972,#1974));
#8333= IFCFACEOUTERBOUND(#8331,.T.);
#8334= IFCFACE((#8333));
#8336= IFCPOLYLOOP((#1822,#1962,#1964));
#8338= IFCFACEOUTERBOUND(#8336,.T.);
#8339= IFCFACE((#8338));
#8341= IFCPOLYLOOP((#1818,#1980,#1982));
#8343= IFCFACEOUTERBOUND(#8341,.T.);
#8344= IFCFACE((#8343));
#8346= IFCPOLYLOOP((#1982,#1984,#1978));
#8348= IFCFACEOUTERBOUND(#8346,.T.);
#8349= IFCFACE((#8348));
#8351= IFCPOLYLOOP((#1922,#1860,#1924));
#8353= IFCFACEOUTERBOUND(#8351,.T.);
#8354= IFCFACE((#8353));
#8356= IFCPOLYLOOP((#1846,#1880,#1890,#1844));
#8358= IFCFACEOUTERBOUND(#8356,.T.);
#8359= IFCFACE((#8358));
#8361= IFCPOLYLOOP((#1982,#1976,#1818));
#8363= IFCFACEOUTERBOUND(#8361,.T.);
#8364= IFCFACE((#8363));
#8366= IFCPOLYLOOP((#1904,#1878,#1896));
#8368= IFCFACEOUTERBOUND(#8366,.T.);
#8369= IFCFACE((#8368));
#8371= IFCPOLYLOOP((#1904,#1816,#1948));
#8373= IFCFACEOUTERBOUND(#8371,.T.);
#8374= IFCFACE((#8373));
#8376= IFCPOLYLOOP((#1934,#1950,#1930));
#8378= IFCFACEOUTERBOUND(#8376,.T.);
#8379= IFCFACE((#8378));
#8381= IFCPOLYLOOP((#1952,#1936,#1870));
#8383= IFCFACEOUTERBOUND(#8381,.T.);
#8384= IFCFACE((#8383));
#8386= IFCPOLYLOOP((#1886,#1504,#1502));
#8388= IFCFACEOUTERBOUND(#8386,.T.);
#8389= IFCFACE((#8388));
#8391= IFCPOLYLOOP((#1964,#1958,#1822));
#8393= IFCFACEOUTERBOUND(#8391,.T.);
#8394= IFCFACE((#8393));
#8396= IFCPOLYLOOP((#1866,#1932,#1934));
#8398= IFCFACEOUTERBOUND(#8396,.T.);
#8399= IFCFACE((#8398));
#8401= IFCPOLYLOOP((#1958,#1966,#1954));
#8403= IFCFACEOUTERBOUND(#8401,.T.);
#8404= IFCFACE((#8403));
#8406= IFCPOLYLOOP((#1854,#1942,#1938));
#8408= IFCFACEOUTERBOUND(#8406,.T.);
#8409= IFCFACE((#8408));
#8411= IFCPOLYLOOP((#1816,#1904,#1840));
#8413= IFCFACEOUTERBOUND(#8411,.T.);
#8414= IFCFACE((#8413));
#8416= IFCPOLYLOOP((#1850,#1882,#328));
#8418= IFCFACEOUTERBOUND(#8416,.T.);
#8419= IFCFACE((#8418));
#8421= IFCPOLYLOOP((#1898,#1828,#1894));
#8423= IFCFACEOUTERBOUND(#8421,.T.);
#8424= IFCFACE((#8423));
#8426= IFCPOLYLOOP((#1908,#1834,#1906));
#8428= IFCFACEOUTERBOUND(#8426,.T.);
#8429= IFCFACE((#8428));
#8431= IFCPOLYLOOP((#1886,#1502,#1500));
#8433= IFCFACEOUTERBOUND(#8431,.T.);
#8434= IFCFACE((#8433));
#8436= IFCPOLYLOOP((#1948,#1944,#1550,#1824));
#8438= IFCFACEOUTERBOUND(#8436,.T.);
#8439= IFCFACE((#8438));
#8441= IFCPOLYLOOP((#1840,#1904,#1896));
#8443= IFCFACEOUTERBOUND(#8441,.T.);
#8444= IFCFACE((#8443));
#8446= IFCPOLYLOOP((#144,#334,#1846));
#8448= IFCFACEOUTERBOUND(#8446,.T.);
#8449= IFCFACE((#8448));
#8451= IFCPOLYLOOP((#1882,#334,#332));
#8453= IFCFACEOUTERBOUND(#8451,.T.);
#8454= IFCFACE((#8453));
#8456= IFCPOLYLOOP((#1838,#1896,#1884));
#8458= IFCFACEOUTERBOUND(#8456,.T.);
#8459= IFCFACE((#8458));
#8461= IFCPOLYLOOP((#1852,#1884,#1886));
#8463= IFCFACEOUTERBOUND(#8461,.T.);
#8464= IFCFACE((#8463));
#8466= IFCPOLYLOOP((#1836,#1848,#1884));
#8468= IFCFACEOUTERBOUND(#8466,.T.);
#8469= IFCFACE((#8468));
#8471= IFCPOLYLOOP((#1852,#1886,#1498));
#8473= IFCFACEOUTERBOUND(#8471,.T.);
#8474= IFCFACE((#8473));
#8476= IFCPOLYLOOP((#1946,#1874,#1938));
#8478= IFCFACEOUTERBOUND(#8476,.T.);
#8479= IFCFACE((#8478));
#8481= IFCPOLYLOOP((#1858,#1946,#1938));
#8483= IFCFACEOUTERBOUND(#8481,.T.);
#8484= IFCFACE((#8483));
#8486= IFCPOLYLOOP((#1926,#1876,#1922));
#8488= IFCFACEOUTERBOUND(#8486,.T.);
#8489= IFCFACE((#8488));
#8491= IFCPOLYLOOP((#1810,#1914,#1916));
#8493= IFCFACEOUTERBOUND(#8491,.T.);
#8494= IFCFACE((#8493));
#8496= IFCPOLYLOOP((#1864,#1926,#1922));
#8498= IFCFACEOUTERBOUND(#8496,.T.);
#8499= IFCFACE((#8498));
#8501= IFCPOLYLOOP((#1934,#1928,#1866));
#8503= IFCFACEOUTERBOUND(#8501,.T.);
#8504= IFCFACE((#8503));
#8506= IFCPOLYLOOP((#1936,#1872,#1928));
#8508= IFCFACEOUTERBOUND(#8506,.T.);
#8509= IFCFACE((#8508));
#8511= IFCPOLYLOOP((#1870,#1936,#1928));
#8513= IFCFACEOUTERBOUND(#8511,.T.);
#8514= IFCFACE((#8513));
#8516= IFCPOLYLOOP((#334,#1882,#1846));
#8518= IFCFACEOUTERBOUND(#8516,.T.);
#8519= IFCFACE((#8518));
#8521= IFCPOLYLOOP((#1866,#1928,#1872));
#8523= IFCFACEOUTERBOUND(#8521,.T.);
#8524= IFCFACE((#8523));
#8526= IFCPOLYLOOP((#1854,#1938,#1874));
#8528= IFCFACEOUTERBOUND(#8526,.T.);
#8529= IFCFACE((#8528));
#8531= IFCPOLYLOOP((#1860,#1922,#1876));
#8533= IFCFACEOUTERBOUND(#8531,.T.);
#8534= IFCFACE((#8533));
#8536= IFCPOLYLOOP((#1896,#1878,#1580,#1836));
#8538= IFCFACEOUTERBOUND(#8536,.T.);
#8539= IFCFACE((#8538));
#8541= IFCPOLYLOOP((#1894,#1890,#1888));
#8543= IFCFACEOUTERBOUND(#8541,.T.);
#8544= IFCFACE((#8543));
#8546= IFCPOLYLOOP((#1882,#330,#328));
#8548= IFCFACEOUTERBOUND(#8546,.T.);
#8549= IFCFACE((#8548));
#8551= IFCPOLYLOOP((#1846,#1882,#1880));
#8553= IFCFACEOUTERBOUND(#8551,.T.);
#8554= IFCFACE((#8553));
#8556= IFCPOLYLOOP((#1892,#1844,#1890));
#8558= IFCFACEOUTERBOUND(#8556,.T.);
#8559= IFCFACE((#8558));
#8561= IFCPOLYLOOP((#1504,#1886,#1848));
#8563= IFCFACEOUTERBOUND(#8561,.T.);
#8564= IFCFACE((#8563));
#8566= IFCPOLYLOOP((#1838,#1884,#1852));
#8568= IFCFACEOUTERBOUND(#8566,.T.);
#8569= IFCFACE((#8568));
#8571= IFCPOLYLOOP((#1886,#1500,#1498));
#8573= IFCFACEOUTERBOUND(#8571,.T.);
#8574= IFCFACE((#8573));
#8576= IFCPOLYLOOP((#1848,#1886,#1884));
#8578= IFCFACEOUTERBOUND(#8576,.T.);
#8579= IFCFACE((#8578));
#8581= IFCPOLYLOOP((#1830,#1898,#1894));
#8583= IFCFACEOUTERBOUND(#8581,.T.);
#8584= IFCFACE((#8583));
#8586= IFCPOLYLOOP((#1890,#1894,#1892));
#8588= IFCFACEOUTERBOUND(#8586,.T.);
#8589= IFCFACE((#8588));
#8591= IFCPOLYLOOP((#1892,#1894,#1828));
#8593= IFCFACEOUTERBOUND(#8591,.T.);
#8594= IFCFACE((#8593));
#8596= IFCPOLYLOOP((#1830,#1894,#1888));
#8598= IFCFACEOUTERBOUND(#8596,.T.);
#8599= IFCFACE((#8598));
#8601= IFCPOLYLOOP((#1884,#1896,#1836));
#8603= IFCFACEOUTERBOUND(#8601,.T.);
#8604= IFCFACE((#8603));
#8606= IFCPOLYLOOP((#1840,#1896,#1838));
#8608= IFCFACEOUTERBOUND(#8606,.T.);
#8609= IFCFACE((#8608));
#8611= IFCPOLYLOOP((#1908,#1906,#1832));
#8613= IFCFACEOUTERBOUND(#8611,.T.);
#8614= IFCFACE((#8613));
#8616= IFCPOLYLOOP((#1906,#1898,#1900));
#8618= IFCFACEOUTERBOUND(#8616,.T.);
#8619= IFCFACE((#8618));
#8621= IFCPOLYLOOP((#1898,#1830,#1546,#1900));
#8623= IFCFACEOUTERBOUND(#8621,.T.);
#8624= IFCFACE((#8623));
#8626= IFCPOLYLOOP((#1902,#1906,#1834));
#8628= IFCFACEOUTERBOUND(#8626,.T.);
#8629= IFCFACE((#8628));
#8631= IFCPOLYLOOP((#1902,#1828,#1898));
#8633= IFCFACEOUTERBOUND(#8631,.T.);
#8634= IFCFACE((#8633));
#8636= IFCPOLYLOOP((#1824,#1878,#1904));
#8638= IFCFACEOUTERBOUND(#8636,.T.);
#8639= IFCFACE((#8638));
#8641= IFCPOLYLOOP((#1898,#1906,#1902));
#8643= IFCFACEOUTERBOUND(#8641,.T.);
#8644= IFCFACE((#8643));
#8646= IFCPOLYLOOP((#1832,#1906,#1900));
#8648= IFCFACEOUTERBOUND(#8646,.T.);
#8649= IFCFACE((#8648));
#8651= IFCPOLYLOOP((#1916,#1914,#1802));
#8653= IFCFACEOUTERBOUND(#8651,.T.);
#8654= IFCFACE((#8653));
#8656= IFCPOLYLOOP((#1914,#1908,#1910));
#8658= IFCFACEOUTERBOUND(#8656,.T.);
#8659= IFCFACE((#8658));
#8661= IFCPOLYLOOP((#1908,#1832,#1588,#1910));
#8663= IFCFACEOUTERBOUND(#8661,.T.);
#8664= IFCFACE((#8663));
#8666= IFCPOLYLOOP((#1912,#1914,#1810));
#8668= IFCFACEOUTERBOUND(#8666,.T.);
#8669= IFCFACE((#8668));
#8671= IFCPOLYLOOP((#1912,#1834,#1908));
#8673= IFCFACEOUTERBOUND(#8671,.T.);
#8674= IFCFACE((#8673));
#8676= IFCPOLYLOOP((#1802,#1914,#1910));
#8678= IFCFACEOUTERBOUND(#8676,.T.);
#8679= IFCFACE((#8678));
#8681= IFCPOLYLOOP((#1922,#1924,#1862));
#8683= IFCFACEOUTERBOUND(#8681,.T.);
#8684= IFCFACE((#8683));
#8686= IFCPOLYLOOP((#1924,#1916,#1918));
#8688= IFCFACEOUTERBOUND(#8686,.T.);
#8689= IFCFACE((#8688));
#8691= IFCPOLYLOOP((#1916,#1802,#1918));
#8693= IFCFACEOUTERBOUND(#8691,.T.);
#8694= IFCFACE((#8693));
#8696= IFCPOLYLOOP((#1924,#1918,#1534,#1862));
#8698= IFCFACEOUTERBOUND(#8696,.T.);
#8699= IFCFACE((#8698));
#8701= IFCPOLYLOOP((#1920,#1810,#1916));
#8703= IFCFACEOUTERBOUND(#8701,.T.);
#8704= IFCFACE((#8703));
#8706= IFCPOLYLOOP((#1864,#1922,#1862));
#8708= IFCFACEOUTERBOUND(#8706,.T.);
#8709= IFCFACE((#8708));
#8711= IFCPOLYLOOP((#1860,#1920,#1924));
#8713= IFCFACEOUTERBOUND(#8711,.T.);
#8714= IFCFACE((#8713));
#8716= IFCPOLYLOOP((#1916,#1924,#1920));
#8718= IFCFACEOUTERBOUND(#8716,.T.);
#8719= IFCFACE((#8718));
#8721= IFCPOLYLOOP((#1804,#1926,#1864));
#8723= IFCFACEOUTERBOUND(#8721,.T.);
#8724= IFCFACE((#8723));
#8726= IFCPOLYLOOP((#1820,#1876,#1926));
#8728= IFCFACEOUTERBOUND(#8726,.T.);
#8729= IFCFACE((#8728));
#8731= IFCPOLYLOOP((#1926,#1804,#1950));
#8733= IFCFACEOUTERBOUND(#8731,.T.);
#8734= IFCFACE((#8733));
#8736= IFCPOLYLOOP((#1870,#1928,#1868));
#8738= IFCFACEOUTERBOUND(#8736,.T.);
#8739= IFCFACE((#8738));
#8741= IFCPOLYLOOP((#1934,#1930,#1868));
#8743= IFCFACEOUTERBOUND(#8741,.T.);
#8744= IFCFACE((#8743));
#8746= IFCPOLYLOOP((#1928,#1934,#1868));
#8748= IFCFACEOUTERBOUND(#8746,.T.);
#8749= IFCFACE((#8748));
#8751= IFCPOLYLOOP((#1820,#1950,#1932));
#8753= IFCFACEOUTERBOUND(#8751,.T.);
#8754= IFCFACE((#8753));
#8756= IFCPOLYLOOP((#1934,#1932,#1950));
#8758= IFCFACEOUTERBOUND(#8756,.T.);
#8759= IFCFACE((#8758));
#8761= IFCPOLYLOOP((#1952,#1870,#1532));
#8763= IFCFACEOUTERBOUND(#8761,.T.);
#8764= IFCFACE((#8763));
#8766= IFCPOLYLOOP((#1798,#1872,#1936));
#8768= IFCFACEOUTERBOUND(#8766,.T.);
#8769= IFCFACE((#8768));
#8771= IFCPOLYLOOP((#1856,#1942,#1940));
#8773= IFCFACEOUTERBOUND(#8771,.T.);
#8774= IFCFACE((#8773));
#8776= IFCPOLYLOOP((#1858,#1938,#1856));
#8778= IFCFACEOUTERBOUND(#8776,.T.);
#8779= IFCFACE((#8778));
#8781= IFCPOLYLOOP((#1948,#1940,#1942));
#8783= IFCFACEOUTERBOUND(#8781,.T.);
#8784= IFCFACE((#8783));
#8786= IFCPOLYLOOP((#1938,#1942,#1856));
#8788= IFCFACEOUTERBOUND(#8786,.T.);
#8789= IFCFACE((#8788));
#8791= IFCPOLYLOOP((#1948,#1942,#1944));
#8793= IFCFACEOUTERBOUND(#8791,.T.);
#8794= IFCFACE((#8793));
#8796= IFCPOLYLOOP((#1942,#1854,#1944));
#8798= IFCFACEOUTERBOUND(#8796,.T.);
#8799= IFCFACE((#8798));
#8801= IFCPOLYLOOP((#1806,#1946,#1858));
#8803= IFCFACEOUTERBOUND(#8801,.T.);
#8804= IFCFACE((#8803));
#8806= IFCPOLYLOOP((#1800,#1874,#1946));
#8808= IFCFACEOUTERBOUND(#8806,.T.);
#8809= IFCFACE((#8808));
#8811= IFCPOLYLOOP((#1904,#1948,#1824));
#8813= IFCFACEOUTERBOUND(#8811,.T.);
#8814= IFCFACE((#8813));
#8816= IFCPOLYLOOP((#1948,#1816,#1940));
#8818= IFCFACEOUTERBOUND(#8816,.T.);
#8819= IFCFACE((#8818));
#8821= IFCPOLYLOOP((#1926,#1950,#1820));
#8823= IFCFACEOUTERBOUND(#8821,.T.);
#8824= IFCFACE((#8823));
#8826= IFCPOLYLOOP((#1950,#1804,#1570,#1930));
#8828= IFCFACEOUTERBOUND(#8826,.T.);
#8829= IFCFACE((#8828));
#8831= IFCPOLYLOOP((#1960,#1964,#1968));
#8833= IFCFACEOUTERBOUND(#8831,.T.);
#8834= IFCFACE((#8833));
#8836= IFCPOLYLOOP((#1966,#1532,#1954));
#8838= IFCFACEOUTERBOUND(#8836,.T.);
#8839= IFCFACE((#8838));
#8841= IFCPOLYLOOP((#1958,#1956,#1966));
#8843= IFCFACEOUTERBOUND(#8841,.T.);
#8844= IFCFACE((#8843));
#8846= IFCPOLYLOOP((#1958,#1954,#1596,#1822));
#8848= IFCFACEOUTERBOUND(#8846,.T.);
#8849= IFCFACE((#8848));
#8851= IFCPOLYLOOP((#1968,#1962,#1542,#1814));
#8853= IFCFACEOUTERBOUND(#8851,.T.);
#8854= IFCFACE((#8853));
#8856= IFCPOLYLOOP((#1976,#1972,#1594,#1818));
#8858= IFCFACEOUTERBOUND(#8856,.T.);
#8859= IFCFACE((#8858));
#8861= IFCPOLYLOOP((#1956,#1798,#1952));
#8863= IFCFACEOUTERBOUND(#8861,.T.);
#8864= IFCFACE((#8863));
#8866= IFCPOLYLOOP((#1956,#1958,#1812));
#8868= IFCFACEOUTERBOUND(#8866,.T.);
#8869= IFCFACE((#8868));
#8871= IFCPOLYLOOP((#1968,#1808,#1960));
#8873= IFCFACEOUTERBOUND(#8871,.T.);
#8874= IFCFACE((#8873));
#8876= IFCPOLYLOOP((#1964,#1960,#1812));
#8878= IFCFACEOUTERBOUND(#8876,.T.);
#8879= IFCFACE((#8878));
#8881= IFCPOLYLOOP((#1974,#1970,#1808));
#8883= IFCFACEOUTERBOUND(#8881,.T.);
#8884= IFCFACE((#8883));
#8886= IFCPOLYLOOP((#1958,#1964,#1812));
#8888= IFCFACEOUTERBOUND(#8886,.T.);
#8889= IFCFACE((#8888));
#8891= IFCPOLYLOOP((#1964,#1962,#1968));
#8893= IFCFACEOUTERBOUND(#8891,.T.);
#8894= IFCFACE((#8893));
#8896= IFCPOLYLOOP((#1956,#1952,#1966));
#8898= IFCFACEOUTERBOUND(#8896,.T.);
#8899= IFCFACE((#8898));
#8901= IFCPOLYLOOP((#1532,#1966,#1952));
#8903= IFCFACEOUTERBOUND(#8901,.T.);
#8904= IFCFACE((#8903));
#8906= IFCPOLYLOOP((#1970,#1974,#1976));
#8908= IFCFACEOUTERBOUND(#8906,.T.);
#8909= IFCFACE((#8908));
#8911= IFCPOLYLOOP((#1968,#1974,#1808));
#8913= IFCFACEOUTERBOUND(#8911,.T.);
#8914= IFCFACE((#8913));
#8916= IFCPOLYLOOP((#1974,#1972,#1976));
#8918= IFCFACEOUTERBOUND(#8916,.T.);
#8919= IFCFACE((#8918));
#8921= IFCPOLYLOOP((#1946,#1806,#1984));
#8923= IFCFACEOUTERBOUND(#8921,.T.);
#8924= IFCFACE((#8923));
#8926= IFCPOLYLOOP((#1976,#1826,#1970));
#8928= IFCFACEOUTERBOUND(#8926,.T.);
#8929= IFCFACE((#8928));
#8931= IFCPOLYLOOP((#1982,#1978,#1826));
#8933= IFCFACEOUTERBOUND(#8931,.T.);
#8934= IFCFACE((#8933));
#8936= IFCPOLYLOOP((#1976,#1982,#1826));
#8938= IFCFACEOUTERBOUND(#8936,.T.);
#8939= IFCFACE((#8938));
#8941= IFCPOLYLOOP((#1984,#1980,#1540,#1800));
#8943= IFCFACEOUTERBOUND(#8941,.T.);
#8944= IFCFACE((#8943));
#8946= IFCPOLYLOOP((#1982,#1980,#1984));
#8948= IFCFACEOUTERBOUND(#8946,.T.);
#8949= IFCFACE((#8948));
#8951= IFCPOLYLOOP((#1946,#1984,#1800));
#8953= IFCFACEOUTERBOUND(#8951,.T.);
#8954= IFCFACE((#8953));
#8956= IFCPOLYLOOP((#1984,#1806,#1978));
#8958= IFCFACEOUTERBOUND(#8956,.T.);
#8959= IFCFACE((#8958));
#8961= IFCPOLYLOOP((#178,#646,#176));
#8963= IFCFACEOUTERBOUND(#8961,.T.);
#8964= IFCFACE((#8963));
#8966= IFCPOLYLOOP((#144,#992,#990,#1038,#974,#1048,#980,#1058,#956,#1066,#1006,#1022,#966,#1078,#1012,#1018,#944,#1102,#958,#1106,#954,#1116,#972,#1124,#952,#1004,#1002,#1086,#962,#986,#984,#998));
#8968= IFCFACEOUTERBOUND(#8966,.T.);
#8969= IFCFACE((#8968));
#8971= IFCPOLYLOOP((#144,#998,#170));
#8973= IFCFACEOUTERBOUND(#8971,.T.);
#8974= IFCFACE((#8973));
#8976= IFCPOLYLOOP((#166,#1240,#164));
#8978= IFCFACEOUTERBOUND(#8976,.T.);
#8979= IFCFACE((#8978));
#8981= IFCPOLYLOOP((#170,#498,#486,#512,#478,#490,#484,#526,#482,#506,#492,#500));
#8983= IFCFACEOUTERBOUND(#8981,.T.);
#8984= IFCFACE((#8983));
#8986= IFCPOLYLOOP((#170,#500,#134));
#8988= IFCFACEOUTERBOUND(#8986,.T.);
#8989= IFCFACE((#8988));
#8991= IFCPOLYLOOP((#136,#362,#140));
#8993= IFCFACEOUTERBOUND(#8991,.T.);
#8994= IFCFACE((#8993));
#8996= IFCPOLYLOOP((#168,#1846,#1844,#1892,#1828,#1902,#1834,#1912,#1810,#1920,#1860,#1876,#1820,#1932,#1866,#1872,#1798,#1956,#1812,#1960,#1808,#1970,#1826,#1978,#1806,#1858,#1856,#1940,#1816,#1840,#1838,#1852));
#8998= IFCFACEOUTERBOUND(#8996,.T.);
#8999= IFCFACE((#8998));
#9001= IFCPOLYLOOP((#168,#1852,#146));
#9003= IFCFACEOUTERBOUND(#9001,.T.);
#9004= IFCFACE((#9003));
#9006= IFCPOLYLOOP((#154,#1524,#152));
#9008= IFCFACEOUTERBOUND(#9006,.T.);
#9009= IFCFACE((#9008));
#9011= IFCPOLYLOOP((#146,#1376,#1364,#1390,#1356,#1368,#1362,#1404,#1360,#1384,#1370,#1378));
#9013= IFCFACEOUTERBOUND(#9011,.T.);
#9014= IFCFACE((#9013));
#9016= IFCPOLYLOOP((#146,#1378,#158));
#9018= IFCFACEOUTERBOUND(#9016,.T.);
#9019= IFCFACE((#9018));
#9021= IFCPOLYLOOP((#682,#976,#1034));
#9023= IFCFACEOUTERBOUND(#9021,.T.);
#9024= IFCFACE((#9023));
#9026= IFCPOLYLOOP((#682,#1034,#708));
#9028= IFCFACEOUTERBOUND(#9026,.T.);
#9029= IFCFACE((#9028));
#9031= IFCPOLYLOOP((#684,#766,#790));
#9033= IFCFACEOUTERBOUND(#9031,.T.);
#9034= IFCFACE((#9033));
#9036= IFCPOLYLOOP((#684,#790,#712));
#9038= IFCFACEOUTERBOUND(#9036,.T.);
#9039= IFCFACE((#9038));
#9041= IFCPOLYLOOP((#684,#1024,#970));
#9043= IFCFACEOUTERBOUND(#9041,.T.);
#9044= IFCFACE((#9043));
#9046= IFCPOLYLOOP((#684,#970,#680));
#9048= IFCFACEOUTERBOUND(#9046,.T.);
#9049= IFCFACE((#9048));
#9051= IFCCLOSEDSHELL((#1989,#1994,#1999,#2004,#2009,#2014,#2019,#2024,#2029,#2034,#2039,#2044,#2049,#2054,#2059,#2064,#2069,#2074,#2079,#2084,#2089,#2094,#2099,#2104,#2109,#2114,#2119,#2124,#2129,#2134,#2139,#2144,#2149,#2154,#2159,#2164,#2169,#2174,#2179,#2184,#2189,#2194,#2199,#2204,#2209,#2214,#2219,#2224,#2229,#2234,#2239,#2244,#2249,#2254,#2259,#2264,#2269,#2274,#2279,#2284,#2289,#2294,#2299,#2304,#2309,#2314,#2319,#2324,#2329,#2334,#2339,#2344,#2349,#2354,#2359,#2364,#2369,#2374,#2379,#2384,#2389,#2394,#2399,#2404,#2409,#2414,#2419,#2424,#2429,#2434,#2439,#2444,#2449,#2454,#2459,#2464,#2469,#2474,#2479,#2484,#2489,#2494,#2499,#2504,#2509,#2514,#2519,#2524,#2529,#2534,#2539,#2544,#2549,#2554,#2559,#2564,#2569,#2574,#2579,#2584,#2589,#2594,#2599,#2604,#2609,#2614,#2619,#2624,#2629,#2634,#2639,#2644,#2649,#2654,#2659,#2664,#2669,#2674,#2679,#2684,#2689,#2694,#2699,#2704,#2709,#2714,#2719,#2724,#2729,#2734,#2739,#2744,#2749,#2754,#2759,#2764,#2769,#2774,#2779,#2784,#2789,#2794,#2799,#2804,#2809,#2814,#2819,#2824,#2829,#2834,#2839,#2844,#2849,#2854,#2859,#2864,#2869,#2874,#2879,#2884,#2889,#2894,#2899,#2904,#2909,#2914,#2919,#2924,#2929,#2934,#2939,#2944,#2949,#2954,#2959,#2964,#2969,#2974,#2979,#2984,#2989,#2994,#2999,#3004,#3009,#3014,#3019,#3024,#3029,#3034,#3039,#3044,#3049,#3054,#3059,#3064,#3069,#3074,#3079,#3084,#3089,#3094,#3099,#3104,#3109,#3114,#3119,#3124,#3129,#3134,#3139,#3144,#3149,#3154,#3159,#3164,#3169,#3174,#3179,#3184,#3189,#3194,#3199,#3204,#3209,#3214,#3219,#3224,#3229,#3234,#3239,#3244,#3249,#3254,#3259,#3264,#3269,#3274,#3279,#3284,#3289,#3294,#3299,#3304,#3309,#3314,#3319,#3324,#3329,#3334,#3339,#3344,#3349,#3354,#3359,#3364,#3369,#3374,#3379,#3384,#3389,#3394,#3399,#3404,#3409,#3414,#3419,#3424,#3429,#3434,#3439,#3444,#3449,#3454,#3459,#3464,#3469,#3474,#3479,#3484,#3489,#3494,#3499,#3504,#3509,#3514,#3519,#3524,#3529,#3534,#3539,#3544,#3549,#3554,#3559,#3564,#3569,#3574,#3579,#3584,#3589,#3594,#3599,#3604,#3609,#3614,#3619,#3624,#3629,#3634,#3639,#3644,#3649,#3654,#3659,#3664,#3669,#3674,#3679,#3684,#3689,#3694,#3699,#3704,#3709,#3714,#3719,#3724,#3729,#3734,#3739,#3744,#3749,#3754,#3759,#3764,#3769,#3774,#3779,#3784,#3789,#3794,#3799,#3804,#3809,#3814,#3819,#3824,#3829,#3834,#3839,#3844,#3849,#3854,#3859,#3864,#3869,#3874,#3879,#3884,#3889,#3894,#3899,#3904,#3909,#3914,#3919,#3924,#3929,#3934,#3939,#3944,#3949,#3954,#3959,#3964,#3969,#3974,#3979,#3984,#3989,#3994,#3999,#4004,#4009,#4014,#4019,#4024,#4029,#4034,#4039,#4044,#4049,#4054,#4059,#4064,#4069,#4074,#4079,#4084,#4089,#4094,#4099,#4104,#4109,#4114,#4119,#4124,#4129,#4134,#4139,#4144,#4149,#4154,#4159,#4164,#4169,#4174,#4179,#4184,#4189,#4194,#4199,#4204,#4209,#4214,#4219,#4224,#4229,#4234,#4239,#4244,#4249,#4254,#4259,#4264,#4269,#4274,#4279,#4284,#4289,#4294,#4299,#4304,#4309,#4314,#4319,#4324,#4329,#4334,#4339,#4344,#4349,#4354,#4359,#4364,#4369,#4374,#4379,#4384,#4389,#4394,#4399,#4404,#4409,#4414,#4419,#4424,#4429,#4434,#4439,#4444,#4449,#4454,#4459,#4464,#4469,#4474,#4479,#4484,#4489,#4494,#4499,#4504,#4509,#4514,#4519,#4524,#4529,#4534,#4539,#4544,#4549,#4554,#4559,#4564,#4569,#4574,#4579,#4584,#4589,#4594,#4599,#4604,#4609,#4614,#4619,#4624,#4629,#4634,#4639,#4644,#4649,#4654,#4659,#4664,#4669,#4674,#4679,#4684,#4689,#4694,#4699,#4704,#4709,#4714,#4719,#4724,#4729,#4734,#4739,#4744,#4749,#4754,#4759,#4764,#4769,#4774,#4779,#4784,#4789,#4794,#4799,#4804,#4809,#4814,#4819,#4824,#4829,#4834,#4839,#4844,#4849,#4854,#4859,#4864,#4869,#4874,#4879,#4884,#4889,#4894,#4899,#4904,#4909,#4914,#4919,#4924,#4929,#4934,#4939,#4944,#4949,#4954,#4959,#4964,#4969,#4974,#4979,#4984,#4989,#4994,#4999,#5004,#5009,#5014,#5019,#5024,#5029,#5034,#5039,#5044,#5049,#5054,#5059,#5064,#5069,#5074,#5079,#5084,#5089,#5094,#5099,#5104,#5109,#5114,#5119,#5124,#5129,#5134,#5139,#5144,#5149,#5154,#5159,#5164,#5169,#5174,#5179,#5184,#5189,#5194,#5199,#5204,#5209,#5214,#5219,#5224,#5229,#5234,#5239,#5244,#5249,#5254,#5259,#5264,#5269,#5274,#5279,#5284,#5289,#5294,#5299,#5304,#5309,#5314,#5319,#5324,#5329,#5334,#5339,#5344,#5349,#5354,#5359,#5364,#5369,#5374,#5379,#5384,#5389,#5394,#5399,#5404,#5409,#5414,#5419,#5424,#5429,#5434,#5439,#5444,#5449,#5454,#5459,#5464,#5469,#5474,#5479,#5484,#5489,#5494,#5499,#5504,#5509,#5514,#5519,#5524,#5529,#5534,#5539,#5544,#5549,#5554,#5559,#5564,#5569,#5574,#5579,#5584,#5589,#5594,#5599,#5604,#5609,#5614,#5619,#5624,#5629,#5634,#5639,#5644,#5649,#5654,#5659,#5664,#5669,#5674,#5679,#5684,#5689,#5694,#5699,#5704,#5709,#5714,#5719,#5724,#5729,#5734,#5739,#5744,#5749,#5754,#5759,#5764,#5769,#5774,#5779,#5784,#5789,#5794,#5799,#5804,#5809,#5814,#5819,#5824,#5829,#5834,#5839,#5844,#5849,#5854,#5859,#5864,#5869,#5874,#5879,#5884,#5889,#5894,#5899,#5904,#5909,#5914,#5919,#5924,#5929,#5934,#5939,#5944,#5949,#5954,#5959,#5964,#5969,#5974,#5979,#5984,#5989,#5994,#5999,#6004,#6009,#6014,#6019,#6024,#6029,#6034,#6039,#6044,#6049,#6054,#6059,#6064,#6069,#6074,#6079,#6084,#6089,#6094,#6099,#6104,#6109,#6114,#6119,#6124,#6129,#6134,#6139,#6144,#6149,#6154,#6159,#6164,#6169,#6174,#6179,#6184,#6189,#6194,#6199,#6204,#6209,#6214,#6219,#6224,#6229,#6234,#6239,#6244,#6249,#6254,#6259,#6264,#6269,#6274,#6279,#6284,#6289,#6294,#6299,#6304,#6309,#6314,#6319,#6324,#6329,#6334,#6339,#6344,#6349,#6354,#6359,#6364,#6369,#6374,#6379,#6384,#6389,#6394,#6399,#6404,#6409,#6414,#6419,#6424,#6429,#6434,#6439,#6444,#6449,#6454,#6459,#6464,#6469,#6474,#6479,#6484,#6489,#6494,#6499,#6504,#6509,#6514,#6519,#6524,#6529,#6534,#6539,#6544,#6549,#6554,#6559,#6564,#6569,#6574,#6579,#6584,#6589,#6594,#6599,#6604,#6609,#6614,#6619,#6624,#6629,#6634,#6639,#6644,#6649,#6654,#6659,#6664,#6669,#6674,#6679,#6684,#6689,#6694,#6699,#6704,#6709,#6714,#6719,#6724,#6729,#6734,#6739,#6744,#6749,#6754,#6759,#6764,#6769,#6774,#6779,#6784,#6789,#6794,#6799,#6804,#6809,#6814,#6819,#6824,#6829,#6834,#6839,#6844,#6849,#6854,#6859,#6864,#6869,#6874,#6879,#6884,#6889,#6894,#6899,#6904,#6909,#6914,#6919,#6924,#6929,#6934,#6939,#6944,#6949,#6954,#6959,#6964,#6969,#6974,#6979,#6984,#6989,#6994,#6999,#7004,#7009,#7014,#7019,#7024,#7029,#7034,#7039,#7044,#7049,#7054,#7059,#7064,#7069,#7074,#7079,#7084,#7089,#7094,#7099,#7104,#7109,#7114,#7119,#7124,#7129,#7134,#7139,#7144,#7149,#7154,#7159,#7164,#7169,#7174,#7179,#7184,#7189,#7194,#7199,#7204,#7209,#7214,#7219,#7224,#7229,#7234,#7239,#7244,#7249,#7254,#7259,#7264,#7269,#7274,#7279,#7284,#7289,#7294,#7299,#7304,#7309,#7314,#7319,#7324,#7329,#7334,#7339,#7344,#7349,#7354,#7359,#7364,#7369,#7374,#7379,#7384,#7389,#7394,#7399,#7404,#7409,#7414,#7419,#7424,#7429,#7434,#7439,#7444,#7449,#7454,#7459,#7464,#7469,#7474,#7479,#7484,#7489,#7494,#7499,#7504,#7509,#7514,#7519,#7524,#7529,#7534,#7539,#7544,#7549,#7554,#7559,#7564,#7569,#7574,#7579,#7584,#7589,#7594,#7599,#7604,#7609,#7614,#7619,#7624,#7629,#7634,#7639,#7644,#7649,#7654,#7659,#7664,#7669,#7674,#7679,#7684,#7689,#7694,#7699,#7704,#7709,#7714,#7719,#7724,#7729,#7734,#7739,#7744,#7749,#7754,#7759,#7764,#7769,#7774,#7779,#7784,#7789,#7794,#7799,#7804,#7809,#7814,#7819,#7824,#7829,#7834,#7839,#7844,#7849,#7854,#7859,#7864,#7869,#7874,#7879,#7884,#7889,#7894,#7899,#7904,#7909,#7914,#7919,#7924,#7929,#7934,#7939,#7944,#7949,#7954,#7959,#7964,#7969,#7974,#7979,#7984,#7989,#7994,#7999,#8004,#8009,#8014,#8019,#8024,#8029,#8034,#8039,#8044,#8049,#8054,#8059,#8064,#8069,#8074,#8079,#8084,#8089,#8094,#8099,#8104,#8109,#8114,#8119,#8124,#8129,#8134,#8139,#8144,#8149,#8154,#8159,#8164,#8169,#8174,#8179,#8184,#8189,#8194,#8199,#8204,#8209,#8214,#8219,#8224,#8229,#8234,#8239,#8244,#8249,#8254,#8259,#8264,#8269,#8274,#8279,#8284,#8289,#8294,#8299,#8304,#8309,#8314,#8319,#8324,#8329,#8334,#8339,#8344,#8349,#8354,#8359,#8364,#8369,#8374,#8379,#8384,#8389,#8394,#8399,#8404,#8409,#8414,#8419,#8424,#8429,#8434,#8439,#8444,#8449,#8454,#8459,#8464,#8469,#8474,#8479,#8484,#8489,#8494,#8499,#8504,#8509,#8514,#8519,#8524,#8529,#8534,#8539,#8544,#8549,#8554,#8559,#8564,#8569,#8574,#8579,#8584,#8589,#8594,#8599,#8604,#8609,#8614,#8619,#8624,#8629,#8634,#8639,#8644,#8649,#8654,#8659,#8664,#8669,#8674,#8679,#8684,#8689,#8694,#8699,#8704,#8709,#8714,#8719,#8724,#8729,#8734,#8739,#8744,#8749,#8754,#8759,#8764,#8769,#8774,#8779,#8784,#8789,#8794,#8799,#8804,#8809,#8814,#8819,#8824,#8829,#8834,#8839,#8844,#8849,#8854,#8859,#8864,#8869,#8874,#8879,#8884,#8889,#8894,#8899,#8904,#8909,#8914,#8919,#8924,#8929,#8934,#8939,#8944,#8949,#8954,#8959,#8964,#8969,#8974,#8979,#8984,#8989,#8994,#8999,#9004,#9009,#9014,#9019,#9024,#9029,#9034,#9039,#9044,#9049));
#9053= IFCFACETEDBREP(#9051);
#9054= IFCCOLOURRGB($,0.294117647058824,0.282352941176471,0.27843137254902);
#9055= IFCSURFACESTYLERENDERING(#9054,0.,$,$,$,$,IFCNORMALISEDRATIOMEASURE(0.5),IFCSPECULAREXPONENT(64.),.NOTDEFINED.);
#9056= IFCSURFACESTYLE('Canvas-154',.BOTH.,(#9055));
#9058= IFCPRESENTATIONSTYLEASSIGNMENT((#9056));
#9060= IFCSTYLEDITEM(#9053,(#9058),$);
#9063= IFCSHAPEREPRESENTATION(#102,'Body','Brep',(#9053));
#9066= IFCAXIS2PLACEMENT3D(#6,$,$);
#9067= IFCREPRESENTATIONMAP(#9066,#9063);
#9069= IFCBUILDINGELEMENTPROXYTYPE('1tmiIEIRX4pxcKcKvY9dZ9',#41,'Partition D835D',$,$,(#9235,#9237,#9239,#9241),(#9067),'384798',$,$);
#9072= IFCMATERIAL('Canvas-154');
#9075= IFCPRESENTATIONSTYLEASSIGNMENT((#9056));
#9077= IFCSTYLEDITEM($,(#9075),$);
#9079= IFCSTYLEDREPRESENTATION(#97,'Style','Material',(#9077));
#9082= IFCMATERIALDEFINITIONREPRESENTATION($,$,(#9079),#9072);
#9085= IFCCLASSIFICATION('http://www.csiorg.net/uniformat','1998',$,'Uniformat');
#9087= IFCCARTESIANTRANSFORMATIONOPERATOR3D($,$,#6,1.,$);
#9088= IFCMAPPEDITEM(#9067,#9087);
#9090= IFCSHAPEREPRESENTATION(#102,'Body','MappedRepresentation',(#9088));
#9092= IFCPRODUCTDEFINITIONSHAPE($,$,(#9090));
#9096= IFCCARTESIANPOINT((2536.09029079045,1622.20698234265,0.));
#9098= IFCAXIS2PLACEMENT3D(#9096,$,$);
#9099= IFCLOCALPLACEMENT(#122,#9098);
#9101= IFCBUILDINGELEMENTPROXY('1tmiIEIRX4pxcKcKvY9dZu',#41,'Furniture_Dividers_Bla-Station_Bob-Job_Screen-Wall:Partition D835D:384815',$,'Partition D835D',#9099,#9092,'384815',$);
#9110= IFCPROPERTYSINGLEVALUE('Reference',$,IFCIDENTIFIER('Partition D835D'),$);
#9111= IFCPROPERTYSET('2kwke9Sc19k8obuLexZBGC',#41,'Pset_BuildingElementProxyCommon',$,(#9110));
#9116= IFCPROPERTYSINGLEVALUE('ModelReference',$,IFCLABEL('D835D'),$);
#9117= IFCPROPERTYSINGLEVALUE('Manufacturer',$,IFCLABEL('Bla Station'),$);
#9118= IFCPROPERTYSET('1hJ2_lV5b15vsJV1Cr5Bgy',#41,'Pset_ManufacturerTypeInformation',$,(#9116,#9117));
#9120= IFCRELDEFINESBYPROPERTIES('0Pvh5S5KbFhhfTg3Sy_6yi',#41,$,$,(#9101),#9111);
#9124= IFCRELDEFINESBYPROPERTIES('3cYjniXQDCk9N_s3yuUyMa',#41,$,$,(#9101),#9118);
#9127= IFCPROPERTYSINGLEVALUE('Circuit Number',$,IFCTEXT(''),$);
#9128= IFCPROPERTYSINGLEVALUE('Panel',$,IFCTEXT(''),$);
#9129= IFCPROPERTYSINGLEVALUE('Host',$,IFCTEXT('Level : Level 1'),$);
#9130= IFCPROPERTYSINGLEVALUE('Level',$,IFCLABEL('Level: Level 1'),$);
#9131= IFCPROPERTYSINGLEVALUE('Moves With Nearby Elements',$,IFCBOOLEAN(.F.),$);
#9132= IFCPROPERTYSINGLEVALUE('Offset',$,IFCLENGTHMEASURE(0.),$);
#9133= IFCPROPERTYSINGLEVALUE('Phase Created',$,IFCLABEL('New Construction'),$);
#9134= IFCPROPERTYSINGLEVALUE('WallPanelMainMaterial',$,IFCLABEL('Canvas-154'),$);
#9135= IFCPROPERTYSINGLEVALUE('Area',$,IFCAREAMEASURE(1.75782),$);
#9136= IFCPROPERTYSINGLEVALUE('Volume',$,IFCVOLUMEMEASURE(0.0748925999999996),$);
#9137= IFCPROPERTYSINGLEVALUE('AssetIdentifier',$,IFCTEXT('n/a'),$);
#9138= IFCPROPERTYSINGLEVALUE('Barcode',$,IFCTEXT('n/a'),$);
#9139= IFCPROPERTYSINGLEVALUE('Category',$,IFCLABEL('Specialty Equipment'),$);
#9140= IFCPROPERTYSINGLEVALUE('Family',$,IFCLABEL('Furniture_Dividers_Bla-Station_Bob-Job_Screen-Wall: Partition D835D'),$);
#9141= IFCPROPERTYSINGLEVALUE('Family and Type',$,IFCLABEL('Furniture_Dividers_Bla-Station_Bob-Job_Screen-Wall: Partition D835D'),$);
#9142= IFCPROPERTYSINGLEVALUE('InstallationDate',$,IFCTEXT('n/a'),$);
#9143= IFCPROPERTYSINGLEVALUE('SerialNumber',$,IFCTEXT('n/a'),$);
#9144= IFCPROPERTYSINGLEVALUE('TagNumber',$,IFCTEXT('n/a'),$);
#9145= IFCPROPERTYSINGLEVALUE('Type',$,IFCLABEL('Furniture_Dividers_Bla-Station_Bob-Job_Screen-Wall: Partition D835D'),$);
#9146= IFCPROPERTYSINGLEVALUE('Type Id',$,IFCLABEL('Furniture_Dividers_Bla-Station_Bob-Job_Screen-Wall: Partition D835D'),$);
#9147= IFCPROPERTYSINGLEVALUE('WarrantyStartDate',$,IFCTEXT('n/a'),$);
#9148= IFCPROPERTYSINGLEVALUE('Author',$,IFCTEXT('Convergo AB'),$);
#9149= IFCPROPERTYSINGLEVALUE('BIMObjectName',$,IFCTEXT('Furniture_Dividers_Bla-Station_Bob-Job_Screen-Wall_Double-M'),$);
#9150= IFCPROPERTYSINGLEVALUE('ConvergoRefNr',$,IFCTEXT('0099-1911-0011-SE'),$);
#9151= IFCPROPERTYSINGLEVALUE('ManufacturerName',$,IFCTEXT('Bla Station'),$);
#9152= IFCPROPERTYSINGLEVALUE('ManufacturerURL',$,IFCTEXT('http://www.blastation.com/'),$);
#9153= IFCPROPERTYSINGLEVALUE('NBSDescription',$,IFCTEXT('Panel partitions'),$);
#9154= IFCPROPERTYSINGLEVALUE('NBSReference',$,IFCTEXT('45-35-80/420'),$);
#9155= IFCPROPERTYSINGLEVALUE('ProductInformation',$,IFCTEXT('n/a'),$);
#9156= IFCPROPERTYSINGLEVALUE('Revision',$,IFCTEXT('n/a'),$);
#9157= IFCPROPERTYSINGLEVALUE('Uniclass2',$,IFCTEXT('Pr_25_71_57_60'),$);
#9158= IFCPROPERTYSINGLEVALUE('Uniclass2015Description',$,IFCTEXT('Partition panels'),$);
#9159= IFCPROPERTYSINGLEVALUE('Uniclass2015Reference',$,IFCTEXT('Pr_25_71_57_60'),$);
#9160= IFCPROPERTYSINGLEVALUE('Version',$,IFCTEXT('1'),$);
#9161= IFCPROPERTYSINGLEVALUE('VersionDate',$,IFCTEXT('28/10/2019'),$);
#9162= IFCPROPERTYSINGLEVALUE('ScreenType',$,IFCLABEL('Partition_Double_M'),$);
#9163= IFCPROPERTYSINGLEVALUE('Assembly Code',$,IFCTEXT(''),$);
#9164= IFCPROPERTYSINGLEVALUE('Assembly Description',$,IFCTEXT(''),$);
#9165= IFCPROPERTYSINGLEVALUE('Code Name',$,IFCTEXT(''),$);
#9166= IFCPROPERTYSINGLEVALUE('Collection',$,IFCTEXT('BOB Job'),$);
#9167= IFCPROPERTYSINGLEVALUE('Cost',$,IFCREAL(0.),$);
#9168= IFCPROPERTYSINGLEVALUE('Designer',$,IFCTEXT('Bernstrand & Borselius'),$);
#9169= IFCPROPERTYSINGLEVALUE('Manufacturer',$,IFCTEXT('Bla Station'),$);
#9170= IFCPROPERTYSINGLEVALUE('Model',$,IFCTEXT('Partition D835D'),$);
#9171= IFCPROPERTYSINGLEVALUE('OmniClass Number',$,IFCTEXT('23.25.40.00'),$);
#9172= IFCPROPERTYSINGLEVALUE('OmniClass Title',$,IFCTEXT('Space Division Products'),$);
#9173= IFCPROPERTYSINGLEVALUE('ProductDatasheet',$,IFCTEXT('http://www.blastation.com/storage/ma/4c6960d705d84b0e94a5eb9552c51953/3e7b9b2de3104dbd970c581f76d7df2b/pdf/F6B8BC180F3C932B688FB00B848E0E0CD89AFE37/BOB%20JOB.pdf'),$);
#9174= IFCPROPERTYSINGLEVALUE('Product data url',$,IFCTEXT(''),$);
#9175= IFCPROPERTYSINGLEVALUE('Type Comments',$,IFCTEXT(''),$);
#9176= IFCPROPERTYSINGLEVALUE('Type Name',$,IFCTEXT('Partition D835D'),$);
#9177= IFCPROPERTYSINGLEVALUE('URL',$,IFCTEXT('http://www.blastation.com/products/product-families/bob/bob-job'),$);
#9178= IFCPROPERTYSINGLEVALUE('AccessibilityPerformance',$,IFCTEXT('n/a'),$);
#9179= IFCPROPERTYSINGLEVALUE('AssetType',$,IFCTEXT('Fixed'),$);
#9180= IFCPROPERTYSINGLEVALUE('Brand',$,IFCTEXT('Bla Station'),$);
#9181= IFCPROPERTYSINGLEVALUE('Category',$,IFCTEXT('Screen wall'),$);
#9182= IFCPROPERTYSINGLEVALUE('CodePerformance',$,IFCTEXT('n/a'),$);
#9183= IFCPROPERTYSINGLEVALUE('Color',$,IFCTEXT('Various'),$);
#9184= IFCPROPERTYSINGLEVALUE('Constituents',$,IFCTEXT('n/a'),$);
#9185= IFCPROPERTYSINGLEVALUE('DurationUnit',$,IFCTEXT('Year'),$);
#9186= IFCPROPERTYSINGLEVALUE('ExpectedLife',$,IFCTEXT('n/a'),$);
#9187= IFCPROPERTYSINGLEVALUE('Family Name',$,IFCTEXT('Furniture_Dividers_Bla-Station_Bob-Job_Screen-Wall'),$);
#9188= IFCPROPERTYSINGLEVALUE('Features',$,IFCTEXT('n/a'),$);
#9189= IFCPROPERTYSINGLEVALUE('Finish',$,IFCTEXT('Moulded polyurethane foam with fabric or leather cover.'),$);
#9190= IFCPROPERTYSINGLEVALUE('Grade',$,IFCTEXT('n/a'),$);
#9191= IFCPROPERTYSINGLEVALUE('Material',$,IFCTEXT('Moulded polyurethane foam & fabric or leather'),$);
#9192= IFCPROPERTYSINGLEVALUE('ModelNumber',$,IFCTEXT('n/a'),$);
#9193= IFCPROPERTYSINGLEVALUE('ModelReference',$,IFCTEXT('D835D'),$);
#9194= IFCPROPERTYSINGLEVALUE('Name',$,IFCTEXT('Bla-Station_Bob-Job_Screen-Wall_Double-M'),$);
#9195= IFCPROPERTYSINGLEVALUE('ReplacementCost',$,IFCTEXT('n/a'),$);
#9196= IFCPROPERTYSINGLEVALUE('Shape',$,IFCTEXT('Rectangular'),$);
#9197= IFCPROPERTYSINGLEVALUE('Size',$,IFCTEXT('2010x50x810 mm'),$);
#9198= IFCPROPERTYSINGLEVALUE('SustainabilityPerformance',$,IFCTEXT('n/a'),$);
#9199= IFCPROPERTYSINGLEVALUE('WarrantyDescription',$,IFCTEXT('n/a'),$);
#9200= IFCPROPERTYSINGLEVALUE('WarrantyDurationLabor',$,IFCTEXT('n/a'),$);
#9201= IFCPROPERTYSINGLEVALUE('WarrantyDurationParts',$,IFCTEXT('n/a'),$);
#9202= IFCPROPERTYSINGLEVALUE('WarrantyDurationUnit',$,IFCTEXT('Year'),$);
#9203= IFCPROPERTYSINGLEVALUE('WarrantyGuarantorLabor',$,IFCTEXT('n/a'),$);
#9204= IFCPROPERTYSINGLEVALUE('WarrantyGuarantorParts',$,IFCTEXT('n/a'),$);
#9205= IFCPROPERTYSET('1tmiIEIRX4pxcKdrfY9dZu',#41,'Constraints',$,(#9129,#9130,#9131,#9132));
#9207= IFCRELDEFINESBYPROPERTIES('1tmiIEIRX4pxcKdbfY9dZu',#41,$,$,(#9101),#9205);
#9210= IFCPROPERTYSET('1tmiIEIRX4pxcKdqnY9dZu',#41,'Dimensions',$,(#9135,#9136));
#9212= IFCRELDEFINESBYPROPERTIES('1tmiIEIRX4pxcKdanY9dZu',#41,$,$,(#9101),#9210);
#9215= IFCPROPERTYSET('1tmiIEIRX4pxcKdrHY9dZu',#41,'Electrical - Loads',$,(#9127,#9128));
#9217= IFCRELDEFINESBYPROPERTIES('1tmiIEIRX4pxcKdbHY9dZu',#41,$,$,(#9101),#9215);
#9220= IFCPROPERTYSET('1tmiIEIRX4pxcKdqXY9dZu',#41,'Materials and Finishes',$,(#9134));
#9222= IFCRELDEFINESBYPROPERTIES('1tmiIEIRX4pxcKdaXY9dZu',#41,$,$,(#9101),#9220);
#9225= IFCPROPERTYSET('236Lx_qGzBZQizVNhyE7Ge',#41,'Other',$,(#9137,#9138,#9139,#9140,#9141,#9142,#9143,#9144,#9145,#9146,#9147));
#9227= IFCRELDEFINESBYPROPERTIES('3tdzqNnHDF2eI2CqpWunGC',#41,$,$,(#9101),#9225);
#9230= IFCPROPERTYSET('1tmiIEIRX4pxcKdq5Y9dZu',#41,'Phasing',$,(#9133));
#9232= IFCRELDEFINESBYPROPERTIES('1tmiIEIRX4pxcKda5Y9dZu',#41,$,$,(#9101),#9230);
#9235= IFCPROPERTYSET('1tmiIEIRX4pxcKdqfY9dZ9',#41,'Construction(Type)',$,(#9162));
#9237= IFCPROPERTYSET('1tmiIEIRX4pxcKdmHY9dZ9',#41,'General(Type)',$,(#9148,#9149,#9150,#9151,#9152,#9153,#9154,#9155,#9156,#9157,#9158,#9159,#9160,#9161));
#9239= IFCPROPERTYSET('1tmiIEIRX4pxcKdqzY9dZ9',#41,'Identity Data(Type)',$,(#9163,#9164,#9165,#9166,#9167,#9168,#9169,#9170,#9171,#9172,#9173,#9174,#9175,#9176,#9177));
#9241= IFCPROPERTYSET('3M8C$vyKb7FPSclLYnlg0v',#41,'Other(Type)',$,(#9178,#9179,#9180,#9181,#9182,#9183,#9184,#9185,#9186,#9187,#9188,#9189,#9190,#9191,#9192,#9193,#9194,#9195,#9196,#9197,#9198,#9199,#9200,#9201,#9202,#9203,#9204));
#9248= IFCAXIS2PLACEMENT3D(#6,$,$);
#9249= IFCLOCALPLACEMENT($,#9248);
#9250= IFCSITE('1Xp36sHs18QvmpjuNAzEgq',#41,'Default',$,'',#9249,$,$,.ELEMENT.,(42,21,31,181945),(-71,-3,-24,-263305),0.,$,$);
#9254= IFCPROPERTYSINGLEVALUE('NBLProjectId',$,IFCTEXT('8b2fe5c3-633f-4129-b12a-2a6d73f37baa'),$);
#9255= IFCPROPERTYSINGLEVALUE('NBSSpecificationPath',$,IFCTEXT(''),$);
#9256= IFCPROPERTYSINGLEVALUE('Author',$,IFCTEXT(''),$);
#9257= IFCPROPERTYSINGLEVALUE('Building Name',$,IFCTEXT(''),$);
#9258= IFCPROPERTYSINGLEVALUE('Organization Description',$,IFCTEXT(''),$);
#9259= IFCPROPERTYSINGLEVALUE('Organization Name',$,IFCTEXT(''),$);
#9260= IFCPROPERTYSINGLEVALUE('Category',$,IFCLABEL('Project Information'),$);
#9261= IFCPROPERTYSINGLEVALUE('Client Name',$,IFCTEXT('Owner'),$);
#9262= IFCPROPERTYSINGLEVALUE('Project Address',$,IFCTEXT('Enter address here'),$);
#9263= IFCPROPERTYSINGLEVALUE('Project Issue Date',$,IFCTEXT('Issue Date'),$);
#9264= IFCPROPERTYSINGLEVALUE('Project Name',$,IFCTEXT('Project Name'),$);
#9265= IFCPROPERTYSINGLEVALUE('Project Number',$,IFCTEXT('0001'),$);
#9266= IFCPROPERTYSINGLEVALUE('Project Status',$,IFCTEXT('Project Status'),$);
#9267= IFCPROPERTYSET('27PCKGLxT4mxtV82U6mgBW',#41,'General',$,(#9254,#9255));
#9269= IFCRELDEFINESBYPROPERTIES('27PCKGLxT4mxtV8IU6mgBW',#41,$,$,(#9250),#9267);
#9273= IFCPROPERTYSET('27PCKGLxT4mxtV86o6mgBW',#41,'Identity Data',$,(#9256,#9257,#9258,#9259));
#9275= IFCRELDEFINESBYPROPERTIES('27PCKGLxT4mxtV8Mo6mgBW',#41,$,$,(#9250),#9273);
#9278= IFCPROPERTYSET('24Y$F4VqrB8emO1h_1Qsxc',#41,'Other',$,(#9260,#9261,#9262,#9263,#9264,#9265,#9266));
#9280= IFCRELDEFINESBYPROPERTIES('3wa4bCr2fAAvirlhEhE$gq',#41,$,$,(#9250),#9278);
#9284= IFCPROPERTYSINGLEVALUE('AboveGround',$,IFCLOGICAL(.U.),$);
#9285= IFCPROPERTYSET('3Zu5Bv0LOHrPC12_o6FoQQ',#41,'Pset_BuildingStoreyCommon',$,(#9284));
#9287= IFCRELDEFINESBYPROPERTIES('3gsY0CCwHCufe4sQ1G_k4p',#41,$,$,(#124),#9285);
#9291= IFCPROPERTYSINGLEVALUE('Elevation',$,IFCLENGTHMEASURE(0.),$);
#9292= IFCPROPERTYSINGLEVALUE('Computation Height',$,IFCLENGTHMEASURE(0.),$);
#9293= IFCPROPERTYSINGLEVALUE('Building Story',$,IFCBOOLEAN(.T.),$);
#9294= IFCPROPERTYSINGLEVALUE('Name',$,IFCTEXT('Level 1'),$);
#9295= IFCPROPERTYSINGLEVALUE('Structural',$,IFCBOOLEAN(.F.),$);
#9296= IFCPROPERTYSINGLEVALUE('Category',$,IFCLABEL('Levels'),$);
#9297= IFCPROPERTYSINGLEVALUE('Family',$,IFCLABEL('Level: 8mm Head'),$);
#9298= IFCPROPERTYSINGLEVALUE('Family and Type',$,IFCLABEL('Level: 8mm Head'),$);
#9299= IFCPROPERTYSINGLEVALUE('Type',$,IFCLABEL('Level: 8mm Head'),$);
#9300= IFCPROPERTYSINGLEVALUE('Type Id',$,IFCLABEL('Level: 8mm Head'),$);
#9301= IFCPROPERTYSINGLEVALUE('Elevation Base',$,IFCIDENTIFIER('Project Base Point'),$);
#9302= IFCPROPERTYSINGLEVALUE('Color',$,IFCINTEGER(0),$);
#9303= IFCPROPERTYSINGLEVALUE('Line Pattern',$,IFCLABEL('Centre'),$);
#9304= IFCPROPERTYSINGLEVALUE('Line Weight',$,IFCIDENTIFIER('1'),$);
#9305= IFCPROPERTYSINGLEVALUE('Symbol',$,IFCLABEL('M_Level Head - Circle: M_Level Head - Circle'),$);
#9306= IFCPROPERTYSINGLEVALUE('Symbol at End 1 Default',$,IFCBOOLEAN(.F.),$);
#9307= IFCPROPERTYSINGLEVALUE('Symbol at End 2 Default',$,IFCBOOLEAN(.T.),$);
#9308= IFCPROPERTYSINGLEVALUE('Type Name',$,IFCTEXT('8mm Head'),$);
#9309= IFCPROPERTYSINGLEVALUE('Family Name',$,IFCTEXT('Level'),$);
#9310= IFCPROPERTYSET('3Zu5Bv0LOHrPC11XI6FoQQ',#41,'Constraints',$,(#9291));
#9312= IFCRELDEFINESBYPROPERTIES('3Zu5Bv0LOHrPC11nI6FoQQ',#41,$,$,(#124),#9310);
#9315= IFCPROPERTYSET('3Zu5Bv0LOHrPC11WA6FoQQ',#41,'Dimensions',$,(#9292));
#9317= IFCRELDEFINESBYPROPERTIES('3Zu5Bv0LOHrPC11mA6FoQQ',#41,$,$,(#124),#9315);
#9320= IFCPROPERTYSET('3Zu5Bv0LOHrPC11W66FoQQ',#41,'Identity Data',$,(#9293,#9294,#9295));
#9322= IFCRELDEFINESBYPROPERTIES('3Zu5Bv0LOHrPC11m66FoQQ',#41,$,$,(#124),#9320);
#9325= IFCPROPERTYSET('392O8BKO1Dd8wRTUPhmZJ4',#41,'Other',$,(#9296,#9297,#9298,#9299,#9300));
#9327= IFCRELDEFINESBYPROPERTIES('0Dua6haw11QQ$ibH0u9KJ5',#41,$,$,(#124),#9325);
#9330= IFCPROPERTYSET('3Zu5Bv0LOHrPC11XI6FoQS',#41,'Constraints(Type)',$,(#9301));
#9332= IFCPROPERTYSET('3Zu5Bv0LOHrPC11WM6FoQS',#41,'Graphics(Type)',$,(#9302,#9303,#9304,#9305,#9306,#9307));
#9334= IFCPROPERTYSET('3Zu5Bv0LOHrPC11W66FoQS',#41,'Identity Data(Type)',$,(#9308));
#9336= IFCPROPERTYSET('1QYpglJeTE89mlIYL5paBW',#41,'Other(Type)',$,(#9296,#9309));
#9342= IFCRELAGGREGATES('1b2DVMovXAqhDdpVl8REIG',#41,$,$,#105,(#9250));
#9346= IFCRELAGGREGATES('2muCgyb4T6VAhPmj93BmWD',#41,$,$,#9250,(#115));
#9350= IFCRELAGGREGATES('27PCKGLxT4mxtV9cw6mgBW',#41,$,$,#115,(#124));
#9354= IFCPROPERTYSINGLEVALUE('NumberOfStoreys',$,IFCINTEGER(1),$);
#9355= IFCPROPERTYSET('27PCKGLxT4mxtVBOQ6mgBW',#41,'Pset_BuildingCommon',$,(#9354));
#9357= IFCRELDEFINESBYPROPERTIES('060dr91YD2pAoPpN13XttB',#41,$,$,(#115),#9355);
#9361= IFCPROPERTYSINGLEVALUE('NBLProjectId',$,IFCTEXT('8b2fe5c3-633f-4129-b12a-2a6d73f37baa'),$);
#9362= IFCPROPERTYSINGLEVALUE('Client Name',$,IFCTEXT('Owner'),$);
#9363= IFCPROPERTYSINGLEVALUE('Project Address',$,IFCTEXT('Enter address here'),$);
#9364= IFCPROPERTYSINGLEVALUE('Project Issue Date',$,IFCTEXT('Issue Date'),$);
#9365= IFCPROPERTYSINGLEVALUE('Project Name',$,IFCTEXT('Project Name'),$);
#9366= IFCPROPERTYSINGLEVALUE('Project Number',$,IFCTEXT('0001'),$);
#9367= IFCPROPERTYSINGLEVALUE('Project Status',$,IFCTEXT('Project Status'),$);
#9368= IFCPROPERTYSET('0Vi4IFbijFXA_jxrR3r7JU',#41,'General',$,(#9255,#9361));
#9370= IFCRELDEFINESBYPROPERTIES('0oi8s3kNX4SOLZy44mU98T',#41,$,$,(#115),#9368);
#9373= IFCPROPERTYSET('1UzX0mJaX1vxPbmaEiZOLr',#41,'Identity Data',$,(#9256,#9257,#9258,#9259));
#9375= IFCRELDEFINESBYPROPERTIES('02B9mxjUP63wRa_P5Y2DfT',#41,$,$,(#115),#9373);
#9378= IFCPROPERTYSET('3BAwyjjHrBTO_7LNUPN3bN',#41,'Other',$,(#9260,#9362,#9363,#9364,#9365,#9366,#9367));
#9380= IFCRELDEFINESBYPROPERTIES('0OhBxRX1L4duwO1B91F7aN',#41,$,$,(#115),#9378);
#9383= IFCRELASSOCIATESMATERIAL('0g9fdefzD7CAiAWHThtDaZ',#41,$,$,(#9069,#9101),#9072);
#9387= IFCRELDEFINESBYTYPE('1BZmFB53f8IuPq6$LNWXgC',#41,$,$,(#9101),#9069);
#9390= IFCRELDEFINESBYPROPERTIES('05p0qR7f1E1gwRQIm4fx5c',#41,$,$,(#124),#9330);
#9393= IFCRELDEFINESBYPROPERTIES('2A2BE8x7L4MPx85T3eaS6L',#41,$,$,(#124),#9332);
#9402= IFCPRESENTATIONLAYERASSIGNMENT('Q-SPCQ',$,(#9063,#9090),$);
ENDSEC;

END-ISO-10303-21;
